"held","common","latin","hue","visual","water","aspect","soil","prune","source","peak","order","bench","root","trade","retail","margin","type","shrink","returnRisk","pots","cvs","hardiness","resilience","uses","size","pest","seasonalImpact","growthSpeed","pestRisk","thirst","careLevel","sunNeed","sunMin","toxicity","compliance","hardinessNote","foliage","rootSize","stockForm","pollination","clay"
"0","Heavenly Bamboo","Nandina domestica","5","Autumn–winter foliage, red berries","Moderate · Adaptable","Sun / pt shade · S/W best for colour · Adaptable","Well-drained, any · Adaptable","RHS 8 · Light spring trim","Wk32–36 (colour showing)","Sep–Feb","Book Wk25","12+ wks","LOW","2L £3.80–£4.50","£10.99–£14.99","55–60%","Planned · winter colour structure","LOW · Transit/drought resilient","LOW · “Berries toxic?” → label sticker","2L, 3L, 5L, 7.5L","‘Obsessed’ – fiery red · ‘Firepower’ – lime→red, compact","H5","Drought & pest tolerant","Urban, patio containers","1.5–2.5m H × 1–1.5m W","","","9","4","10","8","72","40","","","Hardy through a cold UK winter, withstanding -15 to -10C.","evergreen","","","needs partner; berries are unreliable on a lone plant — group several so the flowers cross-pollinate","yes"
"0","Mexican Orange Blossom","Choisya ternata","150","Glossy aromatic evergreen leaves · fragrant white starry flowers in spring","Moderate; low once established","East / South / West","Any well-drained soil; Sheltered · avoid winter wet","RHS 8 · Lightly shape after flowering if needed","Wk14–16 (white bud showing)","May-Jun","Book Wk6","8–10 wks","MED","2L £3.90–£4.60","£11.99–£14.99","55–60%","Impulse · scented bloom","LOW · Reliable bench survivor","MED · Leaf scorch if hot S-facing pot dries → advise pt shade & even moisture","2L, 3L, 5L","‘Sundance’ – yellow foliage · ‘Aztec Pearl’ – fine leaves · syn. Choisya grandiflora","H4","Pest-free, drought tolerant once established","Sensory gardens · shrub borders · informal hedging","1.5–2.5m H × 1.5–2.5m W","","","9","3","6","4","75","40","","","Hardy through an average UK winter, withstanding -10 to -5C.","evergreen; dark glossy green leaves divided into three broad leaflets","","","not applicable","yes"
"0","Variegated Dwarf Weigela","Weigela florida ‘Nana Variegata’","335","Cream-edged green leaves · pale-pink bells · compact rounded variegated shrub","Moderate; water in dry spells","East / South / West","Moist, well-drained; Shelter from cold drying winds","Remove older stems after flowering","Wk17–19 (pink bud showing)","May-Jun","Book Wk10","6–8 wks","MED","2L £3.50–£4.20","£10.99–£12.99","55–60%","Impulse · spring bloom & variegated leaf","LOW · Hardy bench survivor","LOW · Tough deciduous shrub","2L, 3L, 5L","‘Bristol Ruby’ – deep red blooms · ‘Wine & Roses’ – purple foliage, pink blooms","H6","cold hardy · adaptable · pollinator friendly","shrub borders · cottage gardens · containers","1–1.5 m H × 1–1.5 m W","","","9","9","9","5","65","40","","","Hardy through a very cold UK winter, withstanding -20 to -15C.","deciduous","","","not applicable",""
"0","Red Hot Poker","Kniphofia 'Pyromania Orange Blaze'","28","Orange-yellow torch spikes over grassy clumps, summer–autumn","Low once established","Full sun","Free-draining; avoid winter waterlogging","Cut spent spikes; tidy foliage in spring","","Jul-Oct","","","","","","","","","","","Pyromania series","H5","Drought-tolerant once established","Borders, gravel gardens, pollinators","75 cm H × 60 cm W","","","12","3","4","6","88","","","","Hardy through a cold UK winter, withstanding -15 to -10C.","","","","",""
"0","Purple Fountain Grass","Pennisetum 'Rubrum'","330","Burgundy arching blades, buff-pink bottlebrush plumes","Low; water in prolonged drought","Full sun","Well-drained; avoid heavy clay and winter waterlogging","Cut back dead growth in spring","","Jul-Oct","","","","","","","","","","","","H2","Drought-tolerant; tender — shelter from frost","Containers, seasonal displays, hot borders","60–90 cm H × 45–60 cm W","","","14","4","12","8","90","","","","Tender: withstands 1-5C and no frost at all. Outdoors in summer only, or under glass.","","","","",""
"0","Sweet Cupcake Hydrangea","Hydrangea macrophylla 'Sweet Cupcake'","330","Rounded sugar-pink mopheads over dark green leaves, June–October","Keep reliably moist, especially in containers","East / West · sheltered morning or evening light","Moist, fertile, humus-rich; do not let the root ball dry out","Leave old flowerheads over winter; remove in spring to healthy buds","","Jun-Oct","","","","","","","","","","","'ES14' (registered) · Flair & Flavours series","H6","Harmful if eaten; sap may irritate · shelter from drying winds","Borders, containers, shaded patios","0.8–1m H × 0.9–1.2m W","","","11","8","16","8","52","34","","","Hardy through a very cold UK winter, withstanding -20 to -15C.","","","","",""
"0","Raspberry Profusion Abelia","Abelia 'Raspberry Profusion'","340","Fragrant pink bells with raspberry sepals, May–October","Water while establishing; then tolerates short dry spells","South / West · warm, sheltered spot","Fertile, light, well-drained; avoid wet, waterlogged ground","Light trim in early spring to keep the compact dome","","May-Oct","","","","","","","","","","","PBR 18358 · 'Edward Goucher' × Abelia chinensis","H5","Pollinator friendly (bees, butterflies) · shelter from cold drying winds","Borders, sunny shrub beds, pollinator planting","0.8–1.2m H × 0.8–1.2m W","","","11","2","8","6","82","46","","","Hardy through a cold UK winter, withstanding -15 to -10C.","","","","",""
"0","Burgundy Glow Bugle","Ajuga reptans 'Burgundy Glow'","340","Cream, green and wine-red variegated carpet, upright blue spikes May–June","","North / East / West","Moist, humus-rich; Avoid drought, scorching sun and stagnant winter water","","","May-Jun","","","","","","","","","","","","H7","","","10–20 cm H × 0.5–1 m W","","","16","4","12","6","42","12","","","Very hardy: withstands below -20C, so hardy anywhere in the UK.","","","","",""
"0","Double Play Doozie Spirea","Spiraea 'Double Play Doozie'","335","Vivid red new growth, deep red-pink flower clusters May–October","","East / South / West","Any fertile, well-drained; Avoid persistently wet or waterlogged ground","","","May-Oct","","","","","","","","","","","'NCSX2' (registered, Spiraea hybrid) · Double Play series","H6","","","60–90 cm H × 60–90 cm W","","","12","4","8","6","82","52","","","Hardy through a very cold UK winter, withstanding -20 to -15C.","","","","",""
"0","Pink Beauty Shrubby Cinquefoil","Potentilla fruticosa 'Pink Beauty'","330","Deep pink five-petalled flowers on a neat compact bush, May–October","","Any aspect","Moist but well-drained; Avoid waterlogging; intense heat and drought can fade the pink flowers","","","May-Oct","","","","","","","","","","","syn. 'Lovely Pink'","H7","","","0.5–1 m H × 0.5–1 m W","","","10","2","8","6","72","42","","","Very hardy: withstands below -20C, so hardy anywhere in the UK.","","","","",""
"0","Chinese Redbud","Cercis chinensis 'Avondale'","315","Dense rose-purple pea flowers wreathe the bare branches, April–May","","South / West","Moist but well-drained; Plant sheltered; avoid exposure, drought and winter waterlogging","","","Apr-May","","","","","","","","","","","","H5","","","2.5–4 m H × 1.5–2.5 m W","","","8","8","12","10","78","52","","","Hardy through a cold UK winter, withstanding -15 to -10C.","","","","",""
"0","Portuguese Laurel","Prunus lusitanica 'Angustifolia'","150","Dense glossy evergreen, red stems, fragrant white racemes in June","","Any aspect","Moist but well-drained; Avoid waterlogging; leaves and fruit harmful if eaten","","","Jun","","","","","","","","","","","'Myrtifolia' (accepted name) · syn. 'Pyramidalis'","H5","","","4–8 m H × 4–8 m W","","","12","10","10","8","66","30","","","Hardy through a cold UK winter, withstanding -15 to -10C.","evergreen","","","",""
"0","Blue Spire Russian Sage","Salvia 'Blue Spire'","250","Airy violet-blue spires over aromatic silver-grey foliage, Aug–October","","East / South / West","Dry, poor, well-drained; Avoid heavy or waterlogged winter soil","Cut stems back hard in early spring","","Aug-Oct","","","","","","","","","","","syn. Perovskia 'Blue Spire'","H5","","","1–1.2 m H × 0.5–1 m W","","","12","4","6","8","94","72","","","Hardy through a cold UK winter, withstanding -15 to -10C.","","","","",""
"0","Japanese Mahonia","Mahonia japonica","55","Fragrant pale-yellow winter sprays over bold spiny evergreen leaves","","Any aspect","Humus-rich, moist but well-drained; Avoid dry or waterlogged ground; shelter from cold winds","","","Nov-Mar","","","","","","","","","","","syn. Berberis japonica","H5","Do not eat the berries","","1.5–2 m H × 1.5–2.5 m W","","","8","4","10","6","28","0","","","Hardy through a cold UK winter, withstanding -15 to -10C.","evergreen","","","",""
"0","Golden Lanterns Himalayan Honeysuckle","Leycesteria formosa 'Golden Lanterns'","60","Glowing golden leaves, wine-red lantern bracts, white bells Jun–Sept","","Any aspect","Moist but well-drained, fertile; Avoid heavy, waterlogged soil and strong winds","","","Jun-Sep","","","","","","","","","","","'Notbruce' (registered) · sold as GOLDEN LANTERNS","H4","Berries ornamental — do not eat","","1.5–2 m H × 1.5–2 m W","","","14","2","10","6","78","42","","","Hardy through an average UK winter, withstanding -10 to -5C.","","","","",""
"0","Pugster Orchid Butterfly Bush","Buddleja 'Pugster Orchid'","315","Large fragrant lavender-pink panicles on a compact dwarf bush, Jun–Oct","","East / South / West","Moist but well-drained; Avoid waterlogging","Cut back to 20–25 cm in early spring","","Jun-Oct","","","","","","","","","","","'SMNBDO' (registered) · Pugster series","H6","Nectar-rich — draws butterflies and bees","","60–80 cm H × 60–80 cm W","","","11","10","8","8","88","58","","","Hardy through a very cold UK winter, withstanding -20 to -15C.","","","","",""
"0","Flamingo Willow","Salix integra 'Hakuro-nishiki'","130","Pink, cream and green variegated foliage on arching stems; brightest in spring","","Any aspect","Moist, fertile, well-drained; Do not let the soil dry out","Prune in late winter or early spring for vivid pink new growth","","Mar-Apr","","","","","","","","","","","syn. 'Albomaculata' · 'Nishiki Flamingo'","H5","","","1.5–2.5 m H × 1.5–2.5 m W","","","16","12","16","10","82","48","","","Hardy through a cold UK winter, withstanding -15 to -10C.","","","","",""
"0","Cape Leadwort","Plumbago auriculata","215","Clusters of clear sky-blue flowers on arching green stems, Jun–Oct","","East / South / West","Fertile, well-drained; Frost tender — overwinter above 5°C","","","Jun-Oct","","","","","","","","","","","syn. Plumbago capensis","H2","Wear gloves — sap can irritate skin; harmful if eaten","","2.5–4 m H × 1–1.5 m W","","","14","10","12","14","94","70","","","Tender: withstands 1-5C and no frost at all. Outdoors in summer only, or under glass.","","","","",""
"0","Golden Japanese Spindle","Euonymus japonicus 'Aureomarginatus'","50","Glossy dark-green leaves edged broad golden-yellow; evergreen year round","","Any aspect","Moist but well-drained; Avoid waterlogging; remove reverted all-green shoots","","","Jun-Jul","","","","","","","","","","","syn. 'Elegantissimus Aureus'","H5","Harmful if eaten","","0.5–1 m H × 0.5–1 m W","","","11","12","10","8","72","38","","","Hardy through a cold UK winter, withstanding -15 to -10C.","evergreen","","","",""
"0","Bubblegum Blast Bee Balm","Monarda didyma 'Bubblegum Blast'","330","Dense whorls of vivid hot-pink flowers over aromatic dark-green leaves","","East / South / West","Humus-rich, moist but well-drained; Avoid winter wet; give airflow to limit mildew","","","Jun-Aug","","","","","","","","","","","Sugar Buzz series","H5","Nectar-rich — draws bees, butterflies and hummingbird moths","","50–70 cm H × 60–80 cm W","","","12","8","14","8","82","50","","","Hardy through a cold UK winter, withstanding -15 to -10C.","","","","",""
"0","Common Hornbeam","Carpinus betulus","120","Pleated ribbed green leaves; catkins in spring, hop-like seed clusters after","","Any aspect","Fertile, moist but well-drained; Allow ample room — a large forest tree","Clip hedges in late summer","","Apr-May","","","","","","","","","","","'Fastigiata' — narrow upright · 'Frans Fontaine' — columnar","H7","","","15–25 m H × 8–15 m W","","","13","8","10","10","68","38","","","Very hardy: withstands below -20C, so hardy anywhere in the UK.","","","","",""
"0","Ebbinge's Silverberry","Elaeagnus ×submacrophylla","120","Leathery silver-scaled evergreen leaves; tiny fragrant cream flowers in autumn","Moderate while establishing; relatively drought tolerant once mature.","Any aspect","Well-drained; Avoid waterlogging and shallow chalk (causes yellowing)","Trim hedges after flowering","","Oct-Nov","","","","","","","","","","","syn. ×ebbingei · 'Gilt Edge', 'Limelight' — variegated","H5","Wind and coastal tolerant; fixes nitrogen","Hedging, screening, coastal gardens, wildlife gardens, evergreen structure.","2.5–4 m H × 2.5–4 m W","","","15","8","8","6","68","28","","","Hardy through a cold UK winter, withstanding -15 to -10C.","evergreen","","","",""
"0","Brazilian Giant Rhubarb","Gunnera manicata","120","Huge umbrella leaves on thick prickly stalks; conical flower spikes in summer","","Any aspect","Deep, humus-rich, permanently moist; Never dry out; shelter from wind; frost-protect crown","","","Jun-Aug","","","","","","","","","","","syn. G. brasiliensis","H4","","","2.5–3 m H × 3–4.5 m W","","","16","6","20","16","58","28","","UK RESTRICTED. Most plants sold as 'manicata' are the banned Gunnera ×cryptica — do not sell, propagate or plant without authoritatively verified ID; do not compost unidentified material.","Hardy through an average UK winter, withstanding -10 to -5C.","","","","",""
"0","October Glory Red Maple","Acer rubrum 'October Glory'","8","Broad-crowned tree turning brilliant scarlet-red late in autumn","","Any aspect","Moist, acid–neutral, well-drained; Avoid alkaline/waterlogged soil; shelter from coastal wind","","","Oct-Nov","","","","","","","","","","","'PNI 0268' (registered)","H6","Reliable autumn colour even in mild UK winters","","15–18 m H × 8–10 m W","","","12","10","14","10","84","48","","","Hardy through a very cold UK winter, withstanding -20 to -15C.","","","","",""
"0","Spider's Web Japanese Aralia","Fatsia japonica 'Tsumugi-shibori'","120","Big glossy palmate leaves frosted creamy-white; drumstick flowers in autumn","","East / South","Moist but well-drained; Shelter from cold drying winds; avoid waterlogging","","","Oct-Nov","","","","","","","","","","","sold as Spider's Web (English selling name)","H5","Ornamental fruits not for eating; some light keeps the white frosting bold","","1.5–2.5 m H × 1.5–2.5 m W","","","6","10","12","10","30","5","","","Hardy through a cold UK winter, withstanding -15 to -10C.","","","","",""
"0","New Zealand Broadleaf","Griselinia littoralis","95","Dense evergreen screen of glossy apple-green oval leaves on fresh green stems","","South / West","Fertile, well-drained; Avoid waterlogging and frost pockets; shelter inland","","","Apr-May","","","","","","","","","","","'Variegata' — cream-edged · 'Bantry Bay' — gold splashed","H5","Superb salt- and wind-tolerant coastal hedge","","4–8 m H × 2.5–4 m W","","","15","4","10","6","88","58","","","Hardy through a cold UK winter, withstanding -15 to -10C.","evergreen","","","",""
"0","Himalayan Indigo 'Silk Road'","Indigofera himalayensis 'Silk Road'","330","Airy pinnate foliage · upright lilac-pink spikes · bronze autumn tones","Moderate; water in dry spells","East / South / West","Fertile, well-drained; No winter wet · shelter from cold","Prune after flowering or hard in spring","","Jun-Aug","","","","","","","","","","","","H5","coastal · recovers after frost dieback","borders · wall training · containers · pollinators","1–1.5 m H × 0.5–1 m W","","","10","3","9","6","92","80","","","Hardy through a cold UK winter, withstanding -15 to -10C.","","","","",""
"0","Cascading Moth Orchid","Phalaenopsis Hybrid Group","320","Arching cascade of long-lived moth-like blooms above broad leathery leaves","Water when roots turn silver","East / West","Free-draining orchid bark; No standing water · keep above 15°C","Cut spent spike above a node","","Jan-Dec","","","","","","","","","","","Pulsatio appears to be a supplier brand","H1b","long-lasting flowers · indoor adaptable","houseplant · gifting · bright rooms","45–60 cm H × 20–30 cm W","","","6","8","8","9","45","25","","","Subtropical: needs a heated glasshouse at 10-15C and cannot tolerate frost.","","","","",""
"0","Laurustinus 'Eve Price'","Viburnum tinus 'Eve Price'","330","Deep pink buds open white over glossy evergreen leaves · metallic-blue berries","Moderate; water in dry spells","Any aspect","Humus-rich, well-drained; Shelter from cold winds · fruit not edible","Trim after flowering","","Dec-Apr","","","","","","","","","","","","H4","coastal · urban tolerant","hedging · screening · wildlife","1.5–2.5 m H × 1.5–2.5 m W","","","9","9","8","5","70","30","Fruit is ornamental and should not be eaten; gloves are advisable when handling.","","Hardy through an average UK winter, withstanding -10 to -5C.","evergreen","","","",""
"0","Orange Victory Itoh Peony","Paeonia 'Orange Victory'","30","Apricot-orange semi-double blooms · red flares · yellow centres · sturdy stems","Moderate; water in dry spells","East / South / West","Rich, well-drained; Plant shallow · no winter wet · irritant","Cut dead stems in autumn","","May-Jun","","","","","","","","","","","Itoh intersectional hybrid; introduced 2001","H6","sturdy stems · long-lived · cold hardy","mixed borders · cut flowers · containers","80–90 cm H × 80–90 cm W","","","5","6","8","6","88","65","","","Hardy through a very cold UK winter, withstanding -20 to -15C.","","","","",""
"0","French Lavender 'Anouk Deluxe Purple'","Lavandula stoechas 'Anouk Deluxe Purple'","275","Fat dark-purple flower heads · bright ruffled bracts · aromatic grey-green foliage","Low once established","South / West","Poor, free-draining; No winter wet · shelter from frost","Deadhead; trim after flowering","","May-Oct","","","","","","","","","","","Anouk Deluxe Series","H4","drought tolerant · coastal · deer resistant","containers · edging · pollinators","40–60 cm H × 40–60 cm W","","","8","6","4","6","95","80","","","Hardy through an average UK winter, withstanding -10 to -5C.","","","","",""
"0","Meyer's Lemon","Citrus × meyeri 'Meyer'","45","Fragrant white flowers · glossy leaves · rounded sweet orange-yellow lemons","Water freely; reduce in winter","South / West","Loam-based, free-draining; Overwinter above 5°C · sap may irritate","Shorten vigorous shoots in summer","","May-Jul","","","","","","","","","","","syn. Citrus × limon 'Improved Meyer'","H2","self-fertile · compact · fruits young","containers · conservatory · edible fruit","2.5–4 m H × 1.5–2.5 m W","","","8","10","11","14","92","75","","","Tender: withstands 1-5C and no frost at all. Outdoors in summer only, or under glass.","","","","",""
"0","Green Spire Japanese Spindle","Euonymus japonicus 'Green Spire'","120","Dense glossy dark-green foliage · upright habit · clipped ball form","Moderate; water in dry spells","South / West","Any well-drained soil; Harmful if eaten · wear gloves","Clip as needed in spring or summer","","Jan-Dec","","","","","","","","","","","retail suffix 'bol' = clipped ball form","H6","coastal · urban tolerant","topiary · edging · containers","0.5–1 m H × 0.1–0.5 m W","","","7","9","9","6","70","40","","","Hardy through a very cold UK winter, withstanding -20 to -15C.","","","","",""
"0","Jenny Japanese Holly","Ilex crenata 'Jenny'","120","Fine glossy dark-green leaves · dense box-like growth · clips into crisp shapes","Keep evenly moist in summer","East / South / West","Humus-rich, well-drained; No drought or winter wet · fruit not edible","Clip in early spring or late summer","","Jan-Dec","","","","","","","","","","","PBR cultivar; sold as bush, ball or pyramid","H6","urban tolerant · clipping tolerant","topiary · low hedging · containers","1–1.5 m H × 1–1.5 m W","","","6","10","11","8","65","40","","","Hardy through a very cold UK winter, withstanding -20 to -15C.","","","","",""
"0","Gold Rider Leyland Cypress","× Cuprocyparis leylandii 'Gold Rider'","55","Bright golden evergreen sprays · narrow conical habit · strong winter colour","Moderate until established","Any aspect","Any well-drained soil; Never cut into old wood · sap may irritate","Trim green growth 2–3 times yearly","","Jan-Dec","","","","","","","","","","","syn. × Cupressocyparis leylandii 'Gold Rider'","H6","coastal · wind tolerant","screening · hedging · golden specimen","12–25 m H × 4–8 m W","","","15","9","7","10","90","60","","","Hardy through a very cold UK winter, withstanding -20 to -15C.","evergreen","","","",""
"0","Horizon Monarch Rhododendron","Rhododendron 'Horizon Monarch'","48","Dark pink buds open huge warm-yellow trusses softly flushed pink","Keep evenly moist","Any aspect","Humus-rich, acid soil; Harmful if eaten · shelter from late frost","Deadhead; lightly trim after flowering","","Apr-Jun","","","","","","","","","","","Hillier label 'Planter' denotes a 20L specimen","H4","disease resistant · shade tolerant","woodland borders · screening · specimen","1.5–2.5 m H × 1.5–2.5 m W","","","9","11","14","10","45","25","","","Hardy through an average UK winter, withstanding -10 to -5C.","","","","",""
"0","Ōsakazuki Japanese Maple","Acer palmatum 'Ōsakazuki'","18","Large green leaves ignite brilliant orange-scarlet in autumn","Moderate; never let pots dry","East / South / West","Moist, well-drained; Shelter from wind · avoid scorching sun","Remove damaged wood while dormant","","Oct-Nov","","","","","","","","","","","syn. 'Taihai'; older listings spell 'Osakazuki'","H6","cold hardy · container tolerant","specimen · autumn colour · containers","2.5–4 m H × 2.5–4 m W","","","5","8","10","7","55","35","","","Hardy through a very cold UK winter, withstanding -20 to -15C.","","","","",""
"0","Japanese Banana","Musa basjoo","120","Huge bright-green paddle leaves · towering tropical clumps · fast suckering growth","Water and feed freely in growth","South","Humus-rich, well-drained; Wrap crown for winter · fruit inedible","Remove frost-damaged growth in spring","","Jun-Oct","","","","","","","","","","","syn. Musa japonica","H2","fast recovery · root-hardy when mulched","exotic borders · screens · large containers","2.5–4 m H × 1.5–2.5 m W","","","18","8","16","15","90","70","","","Tender: withstands 1-5C and no frost at all. Outdoors in summer only, or under glass.","","","","",""
"0","Wedding Cake Tree","Cornus controversa 'Variegata'","85","Cream-edged leaves on elegant tiered branches · white flowers · black berries","Moderate; water in dry spells","Any aspect","Moist, well-drained; Give wide space · avoid hard pruning","Remove only crossing or upright shoots","","May-Oct","","","","","","","","","","","","H5","cold hardy · generally pest free","architectural specimen · woodland edge","4–8 m H × 4–8 m W","","","6","5","10","6","60","35","","","Hardy through a cold UK winter, withstanding -15 to -10C.","","","","",""
"0","Common Olive","Olea europaea","75","Rugged trunk · narrow silver-grey evergreen leaves · small cream summer flowers","Low once established","South","Deep, sharply drained; Shelter from frost · Xylella high-risk host","Shape or restrict size in spring","","Jan-Dec","","","","","","","","","","","many fruiting cultivars exist","H4","drought · coastal · urban tolerant","containers · Mediterranean gardens · fruit","4–8 m H × 1.5–2.5 m W","","","5","9","4","9","95","80","","Xylella fastidiosa high-risk host. Imported olives are subject to plant-health inspection; report suspected symptoms rather than moving affected material.","Hardy through an average UK winter, withstanding -10 to -5C.","evergreen","","","",""
"0","Bloodgood Japanese Maple","Acer palmatum 'Bloodgood'","350","Deep red-purple leaves from spring · vivid crimson autumn colour · red samaras","Moderate; never let pots dry","East / South / West","Moist, well-drained; Shelter from wind · avoid leaf scorch","Remove damaged wood while dormant","","Apr-Nov","","","","","","","","","","","","H6","cold hardy · container tolerant","specimen · dark foliage · containers","2.5–4 m H × 2.5–4 m W","","","5","8","10","7","60","40","","","Hardy through a very cold UK winter, withstanding -20 to -15C.","","","","",""
"0","Hot Lips Sage","Salvia 'Hot Lips'","0","Red-and-white lipped flowers shift with weather · aromatic green foliage","Low once established","South / West","Light, well-drained; No winter wet · shelter from frost","Cut back in spring; deadhead","","Jun-Nov","","","","","","","","","","","syn. Salvia × jamensis 'Hot Lips'; Salvia microphylla 'Hot Lips'","H5","drought tolerant · coastal","pollinators · gravel gardens · containers","0.5–1 m H × 0.5–1 m W","","","12","8","6","8","90","65","","","Hardy through a cold UK winter, withstanding -15 to -10C.","","","","",""
"0","Honey Tulip Magnolia","Magnolia HONEY TULIP ('Jurmag5')","48","Goblet-shaped honey-yellow flowers softly flushed pink at the base","Moderate; water in dry spells","South / West","Moist, acid to neutral; Shelter from cold winds and late frost","Prune minimally from midsummer to early autumn","","Mar-Apr","","","","","","","","","","","trade name HONEY TULIP; cultivar code 'Jurmag5'","H5","cold hardy once established","specimen · spring colour · small gardens","2.5–4 m H × 2.5–4 m W","","","6","8","10","7","75","45","","","Hardy through a cold UK winter, withstanding -15 to -10C.","","","","",""
"0","Big Blue Sea Holly","Eryngium × olivierianum BIG BLUE ('Myersblue')","220","Electric-blue stems and flowerheads · long prickly silver-blue bracts","Low once established","East / South / West","Poor, sharply drained; Full sun essential · no winter wet","Leave seedheads over winter; cut back in spring","","Jun-Sep","","","","","","","","","","","syn. Eryngium × zabelii 'Big Blue'; cultivar code 'Myersblue'","H5","drought tolerant · coastal","pollinators · cut flowers · gravel gardens","60–75 cm H × 30–50 cm W","","","8","8","3","4","98","85","","Plant Breeders' Rights apply: do not propagate 'Myersblue' for resale without a licence.","Hardy through a cold UK winter, withstanding -15 to -10C.","","","","",""
"0","Winter Beauty Honeysuckle","Lonicera × purpusii 'Winter Beauty'","50","Bare winter branches carry intensely scented cream-white tubular flowers","Moderate; water in dry spells","Any aspect","Any well-drained soil; Avoid waterlogged ground","Thin and lightly shape after flowering","","Dec-Mar","","","","","","","","","","","","H6","cold hardy · coastal · fruit harmful if eaten","winter scent · pollinators · shrub borders","1.5–2.5 m H × 1.5–2.5 m W","","","9","8","8","4","65","35","","","Hardy through a very cold UK winter, withstanding -20 to -15C.","","","","",""
"0","Winged Spindle","Euonymus alatus","0","Corky winged stems · green leaves blaze crimson in autumn · red-purple fruit","Moderate; water in dry spells","Any aspect","Moist, well-drained; Harmful if eaten · wear gloves","Lightly prune after flowering","","Sep-Nov","","","","","","","","","","","syn. Celastrus alatus","H6","cold hardy · exposed-site tolerant","specimen · hedge · autumn colour","1.5–2.5 m H × 1.5–2.5 m W","","","8","9","8","5","80","45","","","Hardy through a very cold UK winter, withstanding -20 to -15C.","","","","",""
"0","Bigleaf golden ray 'Treasure Island'","Ligularia 'Treasure Island'","50","Matte green leaves · rhubarb-red stems · clustered golden-yellow flowers","Keep consistently moist","Any aspect","Rich, moisture-retentive; Never allow to dry · shelter from wind","Remove spent stems; cut back in autumn","","Jul-Sep","","","","","","","","","","","Introduced as Ligularia × 'Treasure Island'","H6","cold hardy · wet-soil tolerant","waterside · woodland borders · pollinators","1.2–1.5 m H × 60–90 cm W","","","14","13","16","10","42","25","","","Hardy through a very cold UK winter, withstanding -20 to -15C.","","","","",""
"0","Dream Dazzler Stonecrop","Hylotelephium 'Dream Dazzler'","330","Purple-grey leaves edged hot pink · deep-pink flowers · compact non-flopping mat","Low once established","South / West","Sandy, well-drained; Full sun for colour · avoid winter wet","Cut back after flowering or leave seedheads","","Apr-Oct","","","","","","","","","","","SunSparkler Series; syn. Sedum 'Dream Dazzler'","H7","drought · heat · mildew resistant","groundcover · rockeries · containers","20–25 cm H × 40–50 cm W","","","9","7","3","4","95","50","","","Very hardy: withstands below -20C, so hardy anywhere in the UK.","","","","",""
"0","Rosemary Foster Rough-Leaved Hydrangea","Hydrangea aspera 'Rosemary Foster'","275","Purple-blue lacecaps · white ray florets · chocolate-bronze young foliage","Keep evenly moist; water more in sun","North / East / West","Well-drained loam; Sheltered · improve chalky soil","Deadhead and remove weak stems in spring","","Jun-Sep","","","","","","","","","","","","H5","compact · cold hardy · good autumn colour","woodland borders · containers · pollinators","1–1.5 m H × 0.5–1 m W","","","9","11","13","8","48","30","","","Hardy through a cold UK winter, withstanding -15 to -10C.","","","","",""
"0","Maidenhair Tree","Ginkgo biloba","55","Fan-shaped green leaves turn clear golden yellow · sculptural ancient tree","Moderate until established","Any aspect","Any well-drained soil; Allow space · avoid waterlogged sites","No routine pruning; remove dead wood","","Oct-Nov","","","","","","","","","","","syn. Salisburia adiantifolia","H6","pollution · wind · drought tolerant","specimen · urban tree · autumn colour","15–25 m H × 4–8 m W","","","5","2","6","4","92","75","","","Hardy through a very cold UK winter, withstanding -20 to -15C.","","","","",""
"0","Cabbage palm Charlie Boy","Cordyline australis CHARLIE BOY ('Ric01')","335","Burgundy-bronze blades · vivid pink margins · upright palm-like crown","Low once established","East / South / West","Fertile, well-drained; Shelter from frost · avoid winter wet","Pull away dead leaves; cut frost damage in spring","","Jan-Dec","","","","","","","","","","","Breeder code 'Ric01' · trade designation CHARLIE BOY","H3","drought tolerant · wind tolerant","architectural · gravel gardens · patio containers","2.5–4 m H × 1–1.5 m W","","","9","6","5","8","65","45","","","Half-hardy: withstands -5 to 1C. Outdoors in mild or coastal UK gardens; needs shelter or winter protection elsewhere.","","","","",""
"0","Gaura 'Gaudi Rose'","Oenothera lindheimeri GAUDI ROSE ('Florgaucomro')","335","Rose-pink starry flowers · red buds and stems · dark green leaves flushed burgundy","Moderate; drought tolerant once established","East / South / West","Fertile, well-drained; Avoid excess winter wet","Remove spent stems; cut back in early spring","","Jun-Oct","","","","","","","","","","","Breeder code 'Florgaucomro' · trade designation GAUDI ROSE · formerly Gaura lindheimeri","H4","drought tolerant · generally pest free","border edging · containers · pollinators","30 cm H × 30–40 cm W","","","10","3","7","5","85","50","","","Hardy through an average UK winter, withstanding -10 to -5C.","","","","",""
"0","Panicled hydrangea 'Wim’s Red'","Hydrangea paniculata 'Wim’s Red'","350","White panicles deepen through pink to wine-red · red stems · dark green leaves","Keep evenly moist; water in dry spells","Any aspect","Fertile, drained; Avoid dry soil · best red colour in sun","Prune to strong buds in early spring","","Jun-Oct","","","","","","","","","","","US plant-patent denomination 'WIMS RED'","H5","cold hardy · heat tolerant · shade tolerant","specimen · mixed borders · flowering hedge · pollinators","1.5–2 m H × 1.2–1.5 m W","","","13","8","13","7","78","42","","","Hardy through a cold UK winter, withstanding -15 to -10C.","","","","",""
"0","Dwarf rhododendron 'Gartendirektor Glocker'","Rhododendron 'Gartendirektor Glocker'","345","Rose-red bells with darker rims · bronze young leaves · compact rounded habit","Keep evenly moist; water in dry spells","Any aspect","Acidic, drained; Avoid chalk · drought · waterlogging","Deadhead; tidy wayward shoots after flowering","","Apr-May","","","","","","","","","","","Synonym Rhododendron 'Director Glockner' · Doncaster × R. williamsianum","H5","cold hardy · shade tolerant","small gardens · woodland borders · containers","75–100 cm H × 1–1.2 m W","","","7","8","13","7","60","30","","","Hardy through a cold UK winter, withstanding -15 to -10C.","","","","",""
"0","Shirasawa maple Moonrise","Acer shirasawanum MOONRISE ('Munn 001')","5","Bright-red spring leaves · chartreuse summer foliage · orange-red autumn colour","Moderate; water in dry spells","North / East / West","Fertile, moist, drained; Avoid hot midday sun · drying winds","Prune minimally from Jul-Jan","","Apr-Nov","","","","","","","","","","","Breeder code 'Munn 001' · trade designation MOONRISE","H6","cold hardy · improved scorch resistance · disease tolerant","specimen · small gardens · shaded borders · large containers","1.5–2.5 m H × 1.5–2.5 m W","","","11","5","10","6","55","35","","","Hardy through a very cold UK winter, withstanding -20 to -15C.","","","","",""
"0","Crimson bottlebrush 'Splendens'","Callistemon citrinus 'Splendens'","0","Crimson bottlebrush spikes · lemon-scented leaves · pink-flushed new growth","Moderate; water in dry spells","South / West","Moist, well-drained; Shelter from frost · avoid winter wet","Shape lightly after flowering","","May-Aug","","","","","","","","","","","Synonyms Callistemon 'Splendens' and C. citrinus 'Endeavour' · Kew accepts Melaleuca citrina","H3","drought tolerant · salt-spray tolerant","specimen · sunny walls · coastal gardens · pollinators","2–4 m H × 2–3 m W","","","12","8","7","9","90","72","","","Half-hardy: withstands -5 to 1C. Outdoors in mild or coastal UK gardens; needs shelter or winter protection elsewhere.","","","","",""
"0","Pink Annabelle Hydrangea","Hydrangea arborescens 'Pink Annabelle'","330","Large mophead clusters ageing from pale green-white to soft pink · summer","Keep moist — dislikes drying out","Any aspect","Fertile, humus-rich","Flowers on new wood — hard prune near ground in late winter","","Jun-Sep","","","","","","","","","","","'Annabelle'","H6","Very hardy, reliable once established; takes more sun than most hydrangeas","Borders, mass planting, cut/dried flowers","1–1.5 m H × 1–1.5 m W","","","14","8","16","10","50","","","","Hardy through a very cold UK winter, withstanding -20 to -15C.","","","","",""
"0","Pittosporum 'Elizabeth'","Pittosporum tenuifolium 'Elizabeth'","55","Small wavy-edged leaves, cream margins flushed pink in cool weather · year-round","Moderate","Any aspect","Fertile, well-drained","Trim to shape spring/summer, tolerates clipping","","Jan-Dec","","","","","","","","","","","'Silver Queen', 'Purpureum', 'Tom Thumb'","H4","Generally good; leaf damage possible in hard frost, cold winds or exposed sites","Hedging, mixed borders, foliage contrast, cut foliage","1.5–2.5 m H × 1–1.5 m W","","","10","4","8","6","65","","","","Hardy through an average UK winter, withstanding -10 to -5C.","","","","",""
"0","Goshiki Holly Olive","Osmanthus heterophyllus 'Goshiki'","85","Cream-flecked holly-like leaves · pink-bronze new growth · fragrant white flowers","Moderate; water in prolonged dry spells","Any aspect","Moist, well-drained; Avoid waterlogged ground","Prune lightly in mid-spring if needed","","Jan-Dec","","","","","","","","","","","syn. Osmanthus heterophyllus 'Tricolor'","H5","coastal · generally pest free","hedging · woodland gardens · containers","1–1.5 m H × 1–1.5 m W","","","5","3","7","4","65","35","","","Hardy through a cold UK winter, withstanding -15 to -10C.","","","","",""
"0","Eastern Redbud","Cercis canadensis 'Eternal Flame'","350","Heart-shaped leaves: glossy burgundy-red through fiery orange to golden yellow","Moist, not waterlogged","Any aspect","Mod. fertile, well-drained","Light prune late winter — shape + dead/crossing wood","","Apr-Oct","","","","","","","","","","","'Forest Pansy', 'Ruby Falls', 'Hearts of Gold'","H6","Very resilient once established but dislikes root disturbance","Specimen tree, courtyard gardens, mixed borders","4 m H × 4 m W","","","8","6","11","5","70","","","","Hardy through a very cold UK winter, withstanding -20 to -15C.","","","","",""
"0","Giant Hyssop","Agastache 'Summerlong Coral'","355","Upright spikes of tubular coral-pink flowers over green foliage","Low to moderate","Any aspect","Any well-drained soil; Hates winter wet","Deadhead to prolong flowering; cut old stems early spring","","Jun-Oct","","","","","","","","","","","'Summerlong Lemon', 'Summerlong Blue', 'Kudos Coral'","H4","Drought-tolerant once established","Sunny borders, gravel gardens, containers, pollinator planting","50 cm H × 50 cm W","","","14","4","5","7","90","","","","Hardy through an average UK winter, withstanding -10 to -5C.","","","","",""
"0","Variegated Spanish Dagger","Yucca gloriosa 'Variegata'","55","Rigid blue-green sword leaves broadly edged creamy yellow · architectural","Low once established","East / South","Dry, gritty, well-drained; Sharp tips · toxic to pets · no winter wet","","","Aug-Oct","","","","","","","","","","","syn. 'Aureovariegata'","H5","","","1.5–2.5 m H × 1.5–2.5 m W","","","8","6","6","6","95","72","","","Hardy through a cold UK winter, withstanding -15 to -10C.","","","","",""
"0","Peruvian lily 'Indian Summer'","Alstroemeria INDIAN SUMMER ('Tesronto')","25","Copper-orange blooms · yellow throats · bronze-purple foliage · near-black buds","Moderate; water in dry spells","East / South / West","Moist, fertile, drained; Avoid winter wet · shelter from wind","Pull spent stems from base after flowering","","May-Nov","","","","","","","","","","","Breeder code 'Tesronto' · Summer Paradise Series","H4","drought tolerant once established · generally disease-free","cut flowers · borders · patio containers","60–90 cm H × 50–60 cm W","","","14","8","10","9","82","45","","","Hardy through an average UK winter, withstanding -10 to -5C.","","","","",""
"0","Kousa Dogwood 'Flower Tower'","Cornus kousa FLOWER TOWER ('Zuilb1')","150","Creamy-white bracts · green button centres · red autumn colour · narrow column","Regular in dry spells; dislikes drought","Any aspect","Humus-rich, well-drained; Neutral to acid; avoid shallow chalk","Minimal; take out dead or crossing stems in late winter","","May-Jun","","","","","","","","","","","Breeder code 'Zuilb1' · Dutch selection, introduced 2023","H6","resistant to dogwood anthracnose · generally trouble-free","small gardens · narrow spaces · specimen tree","3–4 m H × 1–1.5 m W","","","7","4","12","5","70","40","","","Hardy through a very cold UK winter, withstanding -20 to -15C.","","","","",""
"0","Everflame Red Hook Sedge","Uncinia 'Everflame'","5","Glossy bronze blades edged vivid scarlet · compact evergreen fountain","Keep evenly moist","South / West","Humus-rich, well-drained; Shelter from hard frost · no winter wet","Remove dead foliage and old flower stems in spring","","Jan-Dec","","","","","","","","","","","trade name EVERFLAME; accepted taxonomy is Carex punicea but retail labels retain Uncinia","H3","generally pest and disease free","containers · edging · rock gardens","25–30 cm H × 30–40 cm W","","","6","2","10","8","80","55","","","Half-hardy: withstands -5 to 1C. Outdoors in mild or coastal UK gardens; needs shelter or winter protection elsewhere.","evergreen","","","",""
"0","Doctor King Camellia","Camellia japonica 'Doctor King'","345","Ruffled reddish-pink blooms · golden stamens · glossy dark evergreen foliage","Keep evenly moist; water in dry spells","North / South / West","Acid, moist, well-drained; Shelter from cold wind and morning sun","Deadhead; remove damaged wood after flowering","","Mar-May","","","","","","","","","","","commonly sold as Camellia japonica 'Dr King'","H4","shade tolerant · low maintenance","woodland borders · containers · specimens","2.5–4 m H × 1–1.5 m W","","","6","10","12","8","35","15","","","Hardy through an average UK winter, withstanding -10 to -5C.","evergreen","","","",""
"0","Bluebeard 'Worcester Gold'","Caryopteris × clandonensis 'Worcester Gold'","225","Golden aromatic foliage · violet-blue late-summer flowers · rounded habit","Low once established","South / West","Light, well-drained; Shelter from cold · avoid winter wet","Cut back hard to a low framework in spring","","Jul-Oct","","","","","","","","","","","","H4","drought tolerant · coastal suitable","borders · gravel gardens · pollinators","0.5–1 m H × 1–1.5 m W","","","9","8","5","5","95","80","","","Hardy through an average UK winter, withstanding -10 to -5C.","","","","",""
"0","Summer Fruits Lemon Yarrow","Achillea millefolium 'Summer Fruits Lemon'","55","Flat lemon-yellow flowerheads · feathery grey-green foliage · compact clumps","Low once established","East / South / West","Well-drained loam or sand; Full sun · avoid winter wet","Deadhead for repeat bloom; cut back in spring","","Jun-Oct","","","","","","","","","","","Summer Fruits Series","H7","drought tolerant · exposed-site tolerant","pollinators · cut flowers · prairie borders","60–80 cm H × 50–60 cm W","","","10","8","4","4","95","75","","","Very hardy: withstands below -20C, so hardy anywhere in the UK.","","","","",""
"0","Fanal Yarrow","Achillea 'The Beacon'","350","Cerise-red flat flowerheads · yellow centres · finely cut grey-green foliage","Low once established","East / South / West","Well-drained loam or sand; Avoid heavy wet clay in winter","Deadhead; cut untidy foliage back in spring","","Jun-Jul","","","","","","","","","","","syn. Achillea millefolium 'Fanal'","H7","drought tolerant · exposed-site tolerant","pollinators · cut flowers · cottage borders","60–75 cm H × 30–50 cm W","","","10","8","5","4","90","55","","","Very hardy: withstands below -20C, so hardy anywhere in the UK.","","","","",""
"0","Whitewater Dog Hobble","Leucothoe fontanesiana WHITEWATER ('Howw')","120","Cream-edged evergreen leaves flush rich red in winter · white spring bells","Keep evenly moist","North / East / West","Moist, acid to neutral; Sheltered · avoid dry or chalky soil","Remove dead or misplaced shoots after flowering","","Jan-Dec","","","","","","","","","","","trade name WHITEWATER; cultivar code 'Howw'","H6","shade tolerant · generally pest free","woodland borders · containers · groundcover","1–1.5 m H × 1–1.5 m W","","","7","4","13","5","30","10","","","Hardy through a very cold UK winter, withstanding -20 to -15C.","evergreen","","","",""
"0","Daredevil Hydrangea","Hydrangea DAREDEVIL ('Jpd01')","350","Near-black red foliage · pink-purple lacecaps · fiery red autumn colour","Keep evenly moist; water more in sun","East / South / West","Moist, acid to neutral; Sheltered · improve chalky soil","Deadhead and remove weak stems in spring","","Jun-Oct","","","","","","","","","","","cultivar code 'Jpd01'; syn. Hydrangea serrata DAREDEVIL","H5","compact · repeat flowering · cold hardy","containers · small gardens · shrub borders","1–1.5 m H × 1–1.5 m W","","","6","11","14","8","60","35","","","Hardy through a cold UK winter, withstanding -15 to -10C.","","","","",""
"0","Enchantress Indian Hawthorn","Rhaphiolepis × delacourii ENCHANTRESS ('Moness')","335","Rose-pink scented flower clusters · glossy evergreen leaves · compact rounded habit","Moderate; low once established","East / South / West","Well-drained loam or sand; Shelter from cold drying winds","Lightly shape after flowering; remove damaged shoots","","May-Jun","","","","","","","","","","","trade name ENCHANTRESS; cultivar code 'Moness'","H4","drought tolerant · coastal · low maintenance","containers · borders · courtyards","1–1.5 m H × 1–1.5 m W","","","5","6","7","5","80","45","","","Hardy through an average UK winter, withstanding -10 to -5C.","evergreen","","","",""
"0","Petite Perfume Pink Mock Orange","Philadelphus PETITE PERFUME PINK ('P1')","335","Deep-pink buds open fragrant pale-pink blooms · compact mound-forming shrub","Moderate; low once established","East / South / West","Fertile, well-drained; Sheltered site","Prune only to shape after flowering","","May-Jul","","","","","","","","","","","trade name PETITE PERFUME PINK; cultivar code 'P1'","H6","drought · coastal · pollution tolerant","containers · scented gardens · shrub borders","1–1.5 m H × 0.5–1 m W","","","7","8","6","4","80","45","","","Hardy through a very cold UK winter, withstanding -20 to -15C.","","","","",""
"0","Balearic Island Sage","Phlomis italica","335","Woolly silver-grey leaves · whorls of soft pink hooded summer flowers","Low once established","South / West","Fertile, well-drained; Shelter from cold · avoid winter wet","Lightly trim after flowering; remove dead wood","","Jun-Aug","","","","","","","","","","","","H4","drought tolerant · coastal · low maintenance","gravel gardens · pollinators · sunny borders","0.5–1 m H × 0.5–1 m W","","","7","6","5","4","95","80","","","Hardy through an average UK winter, withstanding -10 to -5C.","","","","",""
"0","Flutter Pure White Small Scabious","Scabiosa columbaria FLUTTER PURE WHITE ('Balflutturite')","0","Pure-white pincushion flowers · finely divided grey-green foliage · compact mound","Moderate; water during prolonged dry spells","Any aspect","Moist, well-drained; Avoid acidic soil and winter wet","Deadhead regularly to prolong flowering","","Jun-Sep","","","","","","","","","","","Flutter Series; trade name FLUTTER PURE WHITE; cultivar code 'Balflutturite'","H5","generally pest and disease free","pollinators · cut flowers · gravel gardens","30–36 cm H × 25–30 cm W","","","8","3","7","4","95","65","","","Hardy through a cold UK winter, withstanding -15 to -10C.","","","","",""
"0","Variegated Wall Cotoneaster","Cotoneaster atropurpureus 'Variegatus'","85","Cream-edged green leaves flush pink-red in autumn · red berries · herringbone stems","Low once established","East / South / West","Any well-drained soil; Full sun best · avoid winter wet","Prune lightly after flowering; train wall stems as needed","","May-Nov","","","","","","","","","","","syn. Cotoneaster horizontalis 'Variegatus'","H6","drought tolerant · coastal · exposed-site tolerant","groundcover · banks · walls · wildlife gardens","0.1–0.5 m H × 0.5–1 m W","","","7","9","4","4","95","70","","","Hardy through a very cold UK winter, withstanding -20 to -15C.","","","","",""
"0","Chile Lantern Tree","Crinodendron hookerianum","0","Crimson lantern-shaped flowers hang beneath narrow glossy evergreen leaves","Keep evenly moist; water in dry spells","South / West","Moist, well-drained acid; Sheltered · keep roots cool · avoid chalk","Remove dead or damaged wood in late spring","","May-Aug","","","","","","","","","","","syn. Tricuspidaria lanceolata; Tricuspidaria hookeriana","H4","generally pest and disease free","architectural specimen · wall borders · courtyards","4–8 m H × 2.5–4 m W","","","7","2","12","8","60","35","","","Hardy through an average UK winter, withstanding -10 to -5C.","","","","",""
"0","Kojo-no-mai Fuji Cherry","Prunus incisa 'Kojo-no-mai'","335","Zig-zag branches · pale pink-white spring blossom · fiery autumn foliage","Moderate; water in dry spells","East / South / West","Moist, well-drained; Avoid waterlogged ground","Prune only if needed in midsummer","","Mar-Apr","","","","","","","","","","","","H6","cold hardy · exposed-site tolerant","containers · courtyards · pollinators","1.5–2.5 m H × 1.5–2.5 m W","","","7","10","8","5","85","50","","","Hardy through a very cold UK winter, withstanding -20 to -15C.","","","","",""
"0","Pink Elle Escallonia","Escallonia laevis PINK ELLE ('Lades')","335","Glossy evergreen foliage · large rich-pink flower clusters · compact rounded habit","Moderate; low once established","East / South / West","Any well-drained soil; Shelter from cold winds","Deadhead; lightly shape after flowering","","Jun-Sep","","","","","","","","","","","trade name PINK ELLE; cultivar code 'Lades'","H3","drought tolerant · coastal · exposed-site tolerant","hedging · pollinators · borders · containers","1–1.5 m H × 1–1.5 m W","","","8","10","7","6","85","45","","","Half-hardy: withstands -5 to 1C. Outdoors in mild or coastal UK gardens; needs shelter or winter protection elsewhere.","evergreen","","","",""
"0","Harlequin Spindle","Euonymus fortunei 'Harlequin'","90","Cream-white mottled foliage · pink winter flush · low spreading evergreen habit","Moderate; water in dry spells","Any aspect","Moist, well-drained; Avoid waterlogging and deep shade","Trim lightly in spring to maintain shape","","Jan-Dec","","","","","","","","","","","","H5","coastal · exposed-site tolerant","groundcover · low hedging · containers","0.5–0.6 m H × 0.5–1 m W","","","7","10","7","5","70","30","","","Hardy through a cold UK winter, withstanding -15 to -10C.","evergreen","","","",""
"0","Morning Light Eulalia","Miscanthus sinensis 'Morning Light'","105","Fine green-and-white blades · airy pink-tinged autumn plumes · graceful arching clump","Moderate; water while establishing","Any aspect","Moist, well-drained; Full sun · avoid excessive winter wet","Cut dead foliage and stems to ground in spring","","Aug-Nov","","","","","","","","","","","syn. Miscanthus sinensis 'Gracillimus Variegatus'","H6","exposed-site tolerant · generally pest free","borders · screens · cut flowers","1–1.5 m H × 0.5–1 m W","","","10","2","9","3","95","80","","","Hardy through a very cold UK winter, withstanding -20 to -15C.","","","","",""
"0","Intense Blue Fescue","Festuca glauca INTENSE BLUE ('Casblue')","210","Dense steely-blue tufts · fine needle-like foliage · airy brown summer flower stems","Low once established","Any aspect","Poor, well-drained; Full sun · avoid heavy or wet soil","Comb out dead foliage in spring","","Jan-Dec","","","","","","","","","","","cultivar code 'Casblue'; syn. Festuca glauca 'Ice Blue'","H5","drought tolerant · generally pest free","rockeries · gravel gardens · containers","30 cm H × 30 cm W","","","6","3","3","3","98","85","","","Hardy through a cold UK winter, withstanding -15 to -10C.","","","","",""
"0","Orange Ice Japanese Barberry","Berberis thunbergii 'Orange Ice'","25","Compact upright shrub · vivid orange-copper leaves · yellow flowers · red berries","Low once established","Any aspect","Any well-drained soil; Full sun gives strongest foliage colour","Trim after flowering if shape control is needed","","Apr-Nov","","","","","","","","","","","","H7","very cold hardy · coastal tolerant","containers · low hedging · foliage colour","60–70 cm H × 30–40 cm W","","","5","9","6","5","95","60","","","Very hardy: withstands below -20C, so hardy anywhere in the UK.","","","","",""
"0","Tiny Tails Fountain Grass","Pennisetum advena TINY TAILS ('TUS022')","350","Dense dark-red mound · large fluffy reddish-silver plumes from summer into autumn","Low once established","South / West","Light, well-drained; Shelter from frost · avoid winter wet","Cut dead foliage to ground in early spring","","Jun-Oct","","","","","","","","","","","trade name TINY TAILS; cultivar code 'TUS022'; syn. Pennisetum × advena","H3","drought · heat tolerant","containers · prairie planting · cut flowers","50 cm H × 30 cm W","","","11","3","4","9","90","60","","","Half-hardy: withstands -5 to 1C. Outdoors in mild or coastal UK gardens; needs shelter or winter protection elsewhere.","","","","",""
"0","Katsura Tree","Cercidiphyllum japonicum","35","Heart-shaped leaves · red young stems · glowing yellow-orange autumn colour","Keep evenly moist; water in dry spells","Any aspect","Moist, well-drained; Sheltered · protect young leaves from late frost","No routine pruning; remove dead or damaged wood","","Sep-Nov","","","","","","","","","","","","H5","generally pest free · cold hardy","large specimen · woodland gardens · autumn colour","12–20 m H × 8–12 m W","","","8","3","12","5","70","35","","","Hardy through a cold UK winter, withstanding -15 to -10C.","","","","",""
"0","Starship Deep Rose Lobelia","Lobelia × speciosa STARSHIP DEEP ROSE ('Pas905518')","340","Deep rose flower spikes · black stems · dark green foliage · strong upright clumps","Keep evenly moist","Any aspect","Rich, moisture-retentive; Avoid drought and stagnant winter wet","Cut back after flowering","","Jul-Oct","","","","","","","","","","","Starship Series; cultivar code 'Pas905518'","H4","coastal · thrives in reliably moist soil","borders · containers · pond margins · pollinators","0.6–0.9 m H × 0.3–0.5 m W","","","10","9","15","8","70","40","","","Hardy through an average UK winter, withstanding -10 to -5C.","","","","",""
"0","White Sands Lomandra","Lomandra longifolia WHITE SANDS ('Roma 13')","85","Arching grey-green leaves striped cream-white · evergreen fountain · yellow flowers","Moderate until established","Any aspect","Moist, well-drained; Avoid heavy soil · shelter from severe frost","Remove damaged or tired leaves in spring","","Jan-Dec","","","","","","","","","","","cultivar code 'Roma 13'; RHS trade synonym PLATINUM BEAUTY","H4","heat · drought · coastal tolerant","containers · groundcover · coastal planting","70 cm H × 1 m W","","","12","3","5","4","85","50","","","Hardy through an average UK winter, withstanding -10 to -5C.","evergreen","","","",""
"0","Japanese Loquat","Eriobotrya japonica","120","Bold corrugated evergreen leaves · scented white autumn flowers · orange fruit","Water moderately; reduce in winter","East / South","Fertile, well-drained; Shelter from frost/wind","Remove dead wood; restrict size after fruiting","","Jan-Dec","","","","","","","","","","","","H4","coastal · urban tolerant · low maintenance","architectural specimen · wall borders · conservatory","4–8 m H × 4–8 m W","","","9","7","9","9","90","75","","","Hardy through an average UK winter, withstanding -10 to -5C.","evergreen","","","",""
"0","Sapphire Ring Chinese Plumbago","Ceratostigma willmottianum SAPPHIRE RING ('Lissbrill')","220","Electric-blue late flowers · green leaves turn vivid red-purple in autumn","Moderate; water while establishing","South / West","Light, well-drained; Full sun · avoid heavy winter wet","Cut shoots back close to previous year's growth","","Aug-Oct","","","","","","","","","","","trade name SAPPHIRE RING; cultivar code 'Lissbrill'","H3","coastal · exposed-site tolerant · generally pest free","gravel gardens · banks · borders · pollinators","0.5–1 m H × 0.1–0.5 m W","","","9","4","7","6","95","85","","","Half-hardy: withstands -5 to 1C. Outdoors in mild or coastal UK gardens; needs shelter or winter protection elsewhere.","","","","",""
"0","Fastigiata Robusta Yew","Taxus baccata 'Fastigiata Robusta'","120","Dense dark-green needles · exceptionally narrow upright columnar evergreen habit","Moderate until established","Any aspect","Any well-drained soil; Avoid waterlogged ground","No routine pruning; trim or shape when required","","Jan-Dec","","","","","","","","","","","","H7","exposure · shade · urban pollution tolerant","architectural planting · hedging · screening","8–12 m H × 2.5–4 m W","","","4","8","6","4","60","10","","","Very hardy: withstands below -20C, so hardy anywhere in the UK.","evergreen","","","",""
"0","Big Blue Lilyturf","Liriope muscari","275","Dark evergreen grass-like leaves · upright violet-purple autumn flower spikes","Moderate; drought tolerant once established","North / East / West","Moist, acid, well-drained; Shelter from cold drying winds","Cut old leaves to ground in spring","","Sep-Nov","","","","","","","","","","","syn. Liriope platyphylla","H5","shade · established drought tolerant","groundcover · underplanting · containers","25–45 cm H × 30–50 cm W","","","7","6","8","3","30","10","","","Hardy through a cold UK winter, withstanding -15 to -10C.","evergreen","","","",""
"0","Copper Shield Fern","Dryopteris erythrosora","25","Coppery-pink young fronds mature glossy green · neat arching fern clumps","Keep moist while establishing","Any aspect","Cool, moist, well-drained; Sheltered · keep moist in full sun","Remove dead or damaged fronds as needed","","Mar-Jun","","","","","","","","","","","syn. Aspidium erythrosorum","H4","dry-shade tolerant once established · pest free","woodland gardens · underplanting · containers","0.5–1 m H × 0.5–1 m W","","","7","2","10","3","35","10","","","Hardy through an average UK winter, withstanding -10 to -5C.","","","","",""
"0","Grace Smoke Bush","Cotinus 'Grace'","335","Rich purple rounded leaves · huge smoky deep-pink plumes · fiery autumn colour","Moderate; water while establishing","Any aspect","Moist, well-drained; Full sun gives strongest leaf colour","Minimal; hard-prune in spring only for larger foliage","","May-Oct","","","","","","","","","","","syn. Cotinus × dummeri 'Grace'; Cotinus 'Grace Dummer'","H5","exposed-site tolerant · generally pest free","specimen · shrub borders · foliage contrast","4–8 m H × 2.5–4 m W","","","13","5","7","5","85","50","Sap may irritate sensitive skin.","","Hardy through a cold UK winter, withstanding -15 to -10C.","deciduous","","","",""
"0","Damsel's Delight Passion Flower","Passiflora ‘Damsel’s Delight’","275","Large lilac-white flowers · intense banded purple corona · glossy lobed foliage","Keep evenly moist during active growth","South / West","Moist, well-drained; Sheltered · protect from severe frost","Prune or renovate in early spring if needed","","May-Oct","","","","","","","","","","","syn. Passiflora 'Silly Cow'; Riverside Hybrid","H4","vigorous · fast-growing · relatively cold tolerant","walls · trellises · pergolas · large containers","8–12 m H × 2.5–4 m W","","","16","10","10","9","85","50","","","Hardy through an average UK winter, withstanding -10 to -5C.","","","","",""
"0","Miner's Merlot Martin's Spurge","Euphorbia × martini MINER’S MERLOT ('Km-mm024')","350","Dark burgundy-red foliage deepens near-black in cold · lime-yellow spring flowers","Low once established","South / West","Light, well-drained; Avoid winter wet","Deadhead if needed; remove spent stems carefully","","Jan-Dec","","","","","","","","","","","trade name MINER'S MERLOT; cultivar code 'Km-mm024'","H6","drought · heat tolerant · vigorous","borders · gravel gardens · containers · pollinators","50–60 cm H × 50–60 cm W","","","11","6","4","4","90","50","","","Hardy through a very cold UK winter, withstanding -20 to -15C.","","","","",""
"0","Silver Edge Mediterranean Spurge","Euphorbia characias 'Silver Edge'","105","Pale grey-green leaves edged creamy white · yellow-green spring flowerheads","Low once established","East / South / West","Light, well-drained; Sheltered · avoid winter wet","Cut old flowered stems to ground in late summer","","Jan-Dec","","","","","","","","","","","","H4","drought tolerant · generally disease free","gravel gardens · borders · containers","50–60 cm H × 50–75 cm W","","","7","6","4","5","95","80","","","Hardy through an average UK winter, withstanding -10 to -5C.","","","","",""
"0","Ascot Rainbow Martin's Spurge","Euphorbia × martini 'Ascot Rainbow'","55","Gold-edged green foliage flushes pink in cold · lime-green bracts with red centres","Low once established","East / South / West","Light, well-drained; Sheltered · avoid winter wet","Cut flowered shoots to ground in late summer","","Jan-Dec","","","","","","","","","","","","H5","drought tolerant · generally pest and disease free","borders · gravel gardens · courtyard planting","1–1.5 m H × 0.5–1 m W","","","8","3","4","6","95","80","","","Hardy through a cold UK winter, withstanding -15 to -10C.","","","","",""
"0","Sem False Spirea","Sorbaria sorbifolia 'Sem'","15","Pink-bronze spring foliage turns lime green · white summer flower panicles","Keep evenly moist while establishing","Any aspect","Moist, well-drained; Allow spread · avoid dry soil","Thin after flowering; remove unwanted suckers in winter","","Apr-Oct","","","","","","","","","","","","H5","cold hardy · exposed-site tolerant · pest free","shrub borders · waterside planting · mass planting","1–1.5 m H × 1–1.5 m W","","","12","2","11","6","70","40","","","Hardy through a cold UK winter, withstanding -15 to -10C.","","","","",""
"0","Black Cherry Plum","Prunus cerasifera 'Nigra'","350","Deep purple foliage · red young leaves · pale-pink blossom from dark pink buds","Moderate until established","Any aspect","Any well-drained soil; Full sun for darkest foliage","Prune only if needed in midsummer","","Mar-Oct","","","","","","","","","","","syn. 'Blaze'; 'Pissardii Nigra'","H6","cold hardy · exposed-site tolerant","specimen · wildlife gardens · foliage contrast","8–12 m H × 8–10 m W","","","10","12","7","5","95","80","","","Hardy through a very cold UK winter, withstanding -20 to -15C.","","","","",""
"0","Oiseau Bleu Rose of Sharon","Hibiscus syriacus 'Oiseau Bleu'","220","Violet-blue flowers with maroon eyes · upright leafy deciduous shrub","Moderate; water in prolonged dry spells","South / West","Fertile, well-drained; Warm sheltered site · avoid winter wet","Prune in spring; shorten shoots to shape","","Jul-Oct","","","","","","","","","","","syn. 'Blue Bird'","H5","heat tolerant · urban suitable","specimen · shrub borders · late colour","1.5–2.5 m H × 1–1.5 m W","","","9","10","8","6","95","80","","","Hardy through a cold UK winter, withstanding -15 to -10C.","deciduous","","","",""
"0","Charles Lamont Bodnant Viburnum","Viburnum × bodnantense 'Charles Lamont'","335","Bright-pink intensely scented flowers crowd bare stems from autumn into spring","Moderate; water during prolonged dry spells","East / South / West","Humus-rich, well-drained; Avoid waterlogged ground","Prune minimally after flowering if needed","","Nov-Mar","","","","","","","","","","","","H6","cold hardy · coastal · shade tolerant","winter scent · shrub borders · screening","2.5–4 m H × 1.5–2.5 m W","","","9","8","9","4","60","20","","","Hardy through a very cold UK winter, withstanding -20 to -15C.","","","","",""
"0","Arnold Promise Witch Hazel","Hamamelis × intermedia 'Arnold Promise'","55","Fragrant bright-yellow winter ribbons · foliage turns red-yellow in autumn","Moderate; water during dry spells","Any aspect","Moist, well-drained; Shelter from cold drying winds","No routine pruning; remove dead or crossing shoots","","Jan-Mar","","","","","","","","","","","syn. 'Arnold's Promise'","H5","cold hardy · low maintenance","winter scent · specimen · woodland edge","2.5–4 m H × 2.5–4 m W","","","5","5","9","6","65","35","","","Hardy through a cold UK winter, withstanding -15 to -10C.","","","","",""
"0","Royal Purple Smoke Bush","Cotinus coggygria 'Royal Purple'","345","Deep-purple leaves · pink smoky summer plumes · foliage reddens in autumn","Moderate; water while establishing","Any aspect","Moist, well-drained; Full sun gives deepest foliage colour","Prune minimally; hard-prune in spring only for larger leaves","","Apr-Oct","","","","","","","","","","","'Royal Purple'","H5","drought tolerant once established · exposed-site tolerant","specimen · foliage contrast · shrub borders","4–5 m H × 4–5 m W","","","12","7","7","5","90","55","","","Hardy in most UK gardens, approximately -15 to -10°C","Deciduous","","","",""
"0","Slender Silhouette Sweet Gum","Liquidambar styraciflua 'Slender Silhouette'","5","Exceptionally narrow column · maple-like leaves turn red-purple in autumn","Moderate; water during dry spells","Any aspect","Moist, lime-free soil; Avoid alkaline or chalky soil","No routine pruning; remove dead or crossing wood","","Sep-Nov","","","","","","","","","","","","H6","generally pest free · narrow urban footprint","narrow gardens · avenues · autumn colour","12–15 m H × 2.5–4 m W","","","10","3","10","5","85","50","","","Hardy through a very cold UK winter, withstanding -20 to -15C.","","","","",""
"0","Handkerchief Tree","Davidia involucrata","0","Large creamy-white handkerchief bracts hang among broad green leaves in late spring","Moderate; water during prolonged dry spells","Any aspect","Moist, well-drained; Sheltered site · avoid prolonged drought","No routine pruning; remove dead or damaged wood","","May-Jun","","","","","","","","","","","","H5","cold hardy once established · generally pest free","large specimen · woodland gardens · architectural","12–15 m H × 8–12 m W","","","7","2","10","6","70","40","","","Hardy through a cold UK winter, withstanding -15 to -10C.","","","","",""
"0","Choshu-hizakura Flowering Cherry","Prunus 'Chōshū-hizakura'","335","Soft pink-white spring blossom · purple-red young leaves · broad fountain habit","Moderate; water while establishing","Any aspect","Moist, well-drained; Full sun gives strongest blossom","Prune only if needed in midsummer","","Apr-May","","","","","","","","","","","also encountered as 'Hisakura'","H6","cold hardy · established garden cherry","specimen · spring blossom · autumn colour","6–8 m H × 6–8 m W","","","8","11","8","6","90","65","","","Hardy through a very cold UK winter, withstanding -20 to -15C.","","","","",""
"0","Autumn Spire Rowan","Sorbus AUTUMN SPIRE ('Flanrock')","20","Narrow crown · purple-red-yellow autumn leaves · yellow berries with red centres","Moderate; water while establishing","Any aspect","Humus-rich, well-drained; Avoid prolonged waterlogging","No routine pruning; remove dead or damaged wood","","Sep-Nov","","","","","","","","","","","trade name AUTUMN SPIRE; cultivar code 'Flanrock'","H6","exposed-site tolerant · urban suitable","small gardens · narrow sites · wildlife gardens","4–8 m H × 1–1.5 m W","","","8","10","8","5","75","45","","","Hardy through a very cold UK winter, withstanding -20 to -15C.","","","","",""
"0","Golden Weeping Willow","Salix × sepulcralis var. chrysocoma","55","Huge sweeping weeping crown · long green leaves · young stems glow golden-yellow","High; keep well watered in dry weather","Any aspect","Moist to reliably moist; Needs space · unsuitable for dry sites","Remove dead or damaged wood; avoid unnecessary pruning","","Apr-Oct","","","","","","","","","","","","H5","wind tolerant · suited to waterside soils","large lawns · waterside planting · specimen","12–15 m H × 10–15 m W","","","16","13","15","8","95","80","","","Hardy through a cold UK winter, withstanding -15 to -10C.","","","","",""
"0","French Cancan Bleu Hydrangea","Hydrangea macrophylla RENDEZ-VOUS FRENCH CANCAN BLEU","220","Compact lacecap hydrangea · blue blooms on sturdy stems through summer","Keep evenly moist","North / East / West","Moist, acid to neutral; Avoid chalk · colour pinks in alkaline soil","Deadhead and remove weak stems in spring","","Jun-Sep","","","","","","","","","","","Rendez-Vous Series; breeder Sicamus","H5","compact · container suitable","containers · shrub borders · woodland-style planting","1–1.5 m H × 1–1.5 m W","","","8","11","14","8","45","25","","","Hardy through a cold UK winter, withstanding -15 to -10C.","","","","",""
"0","SunSeekers Rosy Coneflower","Echinacea SUNSEEKERS ROSY ('Ifecssrosy')","335","Rosy-pink daisy flowers · golden-brown cones · compact sturdy flowering clump","Moderate; water during prolonged dry spells","East / South / West","Light, well-drained; Full sun · avoid winter wet","Deadhead or leave seedheads; cut down in spring","","Jul-Sep","","","","","","","","","","","SunSeekers Series; cultivar code 'Ifecssrosy'","H5","drought tolerant once established · sturdy stems","pollinators · prairie planting · containers","0.5–1 m H × 0.1–0.5 m W","","","10","8","7","5","95","80","","","Hardy through a cold UK winter, withstanding -15 to -10C.","","","","",""
"0","Cobalus Gayfeather","Liatris spicata 'Cobalus'","275","Very compact clump · intense purple bottlebrush spikes open from the top down","Moderate during active growth","South","Light, well-drained; Full sun essential · avoid winter wet","Deadhead or cut dead stems down after dormancy","","Jul-Sep","","","","","","","","","","","","H7","cold hardy · heat tolerant","containers · pollinators · front of prairie borders","25 cm H × 20–30 cm W","","","10","6","9","5","98","90","","","Very hardy: withstands below -20C, so hardy anywhere in the UK.","","","","",""
"0","Delicious Strawberry Coneflower","Echinacea 'Delicious Strawberry'","335","Bright strawberry-pink flowers · prominent central cones · sturdy compact clump","Moderate; water during prolonged dry spells","East / South / West","Light, well-drained; Full sun · avoid winter wet","Deadhead for repeat bloom or leave seedheads; cut down in spring","","Jun-Sep","","","","","","","","","","","Delicious Series","H5","hardy · sturdy stems · pollinator friendly","pollinators · cut flowers · containers · prairie borders","60 cm H × 45 cm W","","","10","8","7","5","95","80","","","Hardy through a cold UK winter, withstanding -15 to -10C.","","","","",""
"0","Snow Bird Tulip Tree","Liriodendron tulipifera 'Snow Bird'","95","Large tulip-shaped leaves with crisp white margins · buttery-yellow autumn colour","Moderate; water while establishing","Any aspect","Moist, lime-free soil; Avoid chalk or strongly alkaline soil","No routine pruning; remove dead or damaged wood","","Apr-Nov","","","","","","","","","","","","H6","stable variegation · drought tolerant once established","large specimen · architectural · foliage contrast","15–20 m H × 4–8 m W","","","10","4","10","6","80","45","","","Hardy through a very cold UK winter, withstanding -20 to -15C.","","","","",""
"0","Persian Silk Tree","Albizia julibrissin","75","Fern-like foliage · airy summer flowerheads · broad spreading umbrella crown","Moderate while establishing; low once established","South / West","Fertile, well-drained; Warm sheltered site · avoid winter wet","Prune minimally after frost risk has passed","","Jun-Sep","","","","","","","","","","","syn. Acacia julibrissin","H4","heat tolerant · drought tolerant once established","exotic specimen · courtyards · architectural planting","4–8 m H × 2.5–4 m W","","","11","8","7","8","95","85","","","Hardy through an average UK winter, withstanding -10 to -5C.","","","","",""
"0","Devon Cream Summer Jasmine","Jasminum officinale 'Devon Cream'","50","Pink buds open richly fragrant cream flowers · vigorous leafy summer climber","Moderate; water during dry spells","South / West","Fertile, well-drained; Shelter from cold drying winds","Prune after flowering; thin old or congested shoots","","Jun-Sep","","","","","","","","","","","syn. 'Clotted Cream'","H5","vigorous · urban suitable · pollinator friendly","walls · pergolas · scented gardens · large containers","4–6 m H × 2.5–4 m W","","","13","9","9","7","80","45","","","Hardy through a cold UK winter, withstanding -15 to -10C.","","","","",""
"0","Inferno Looking-glass Plant","Coprosma 'Inferno'","5","Glossy green-yellow leaves deepen purple-brown with vivid red margins in cold","Moderate; water during prolonged dry spells","East / South / West","Moist, well-drained; Shelter from hard frost","Lightly trim in spring to maintain shape","","Jan-Dec","","","","","","","","","","","also accepted as Coprosma repens 'Inferno'","H3","coastal · wind tolerant in mild sites","containers · coastal planting · foliage colour","1–1.5 m H × 1–1.5 m W","","","9","7","8","8","80","45","","","Half-hardy: withstands -5 to 1C. Outdoors in mild or coastal UK gardens; needs shelter or winter protection elsewhere.","","","","",""
"0","White Profusion Butterfly Bush","Buddleja davidii 'White Profusion'","0","Long fragrant white flower panicles with yellow eyes · vigorous arching shrub","Low once established","East / South / West","Light, well-drained; Best in sun · avoid winter wet","Cut back hard in early spring; deadhead spent flowers","","Jul-Sep","","","","","","","","","","","","H6","drought tolerant · vigorous · urban suitable","pollinators · shrub borders · screening","2.5–4 m H × 2.5–4 m W","","","16","6","5","4","95","70","","","Hardy through a very cold UK winter, withstanding -20 to -15C.","","","","",""
"0","Kinme Japanese Holly","Ilex crenata 'Kinme'","120","Dense tiny glossy leaves emerge pale green then mature dark green · compact texture","Moderate; water during dry spells","East / South / West","Moist, well-drained; Avoid waterlogged ground","Clip in spring or late summer to maintain shape","","Jan-Dec","","","","","","","","","","","","H6","cold hardy · clipping tolerant · urban suitable","topiary · hedging · screening · containers","2.5–4 m H × 2.5–4 m W","","","5","10","9","7","65","35","","","Hardy through a very cold UK winter, withstanding -20 to -15C.","","","","",""
"0","Globosa Nana Japanese Cedar","Cryptomeria japonica 'Globosa Nana'","120","Dense rounded dwarf conifer · soft rich-green sprays may bronze in winter cold","Moderate; water during dry spells","East / South / West","Moist, well-drained; Shelter from cold drying winds","No routine pruning; remove dead or damaged shoots","","Jan-Dec","","","","","","","","","","","syn. 'Lobbii Nana' misapplied","H6","cold hardy · generally pest free","containers · rock gardens · evergreen structure","0.5–1 m H × 0.5–1 m W","","","5","3","9","3","70","40","","","Hardy through a very cold UK winter, withstanding -20 to -15C.","","","","",""
"0","Paperbush","Edgeworthia chrysantha","50","Silvery woolly buds open fragrant yellow flowers on bare stems in late winter","Moderate; keep evenly moist","East / South / West","Humus-rich, well-drained; Sheltered · avoid exposed frost pockets","No routine pruning; remove dead or damaged wood","","Feb-Mar","","","","","","","","","","","syn. Edgeworthia tomentosa; Edgeworthia papyrifera","H4","generally pest and disease free","courtyards · containers · wall borders · winter scent","1–1.5 m H × 1–1.5 m W","","","6","2","10","7","55","35","","","Hardy through an average UK winter, withstanding -10 to -5C.","","","","",""
"0","Pink Marble Christmas Berry","Photinia × fraseri PINK MARBLE ('Cassini')","345","Pink-red new leaves mature green with cream-white margins · evergreen colour","Moderate; water during prolonged dry spells","Any aspect","Fertile, well-drained; Avoid waterlogging · acid to neutral soil","Trim after spring flush; hedge as needed in summer","","Jan-Dec","","","","","","","","","","","trade name PINK MARBLE; cultivar 'Cassini'","H5","exposed-site tolerant · evergreen · low maintenance","hedging · screening · specimen · foliage colour","2.5–4 m H × 2.5–4 m W","","","10","11","8","7","75","40","","","Hardy through a cold UK winter, withstanding -15 to -10C.","evergreen","","","",""
"0","Sunset Rock Rose","Cistus × pulverulentus 'Sunset'","335","Low grey-green evergreen mound · vivid rose-pink flowers with golden centres","Low once established","South / West","Poor, sharply drained; Full sun · avoid winter wet","Lightly trim after flowering; never cut hard into old wood","","Jun-Sep","","","","","","","","","","","syn. Cistus 'Sunset'; Cistus crispus 'Sunset'","H4","drought tolerant · coastal · generally pest free","gravel gardens · groundcover · containers","0.3–0.5 m H × 0.5–1 m W","","","7","3","3","4","98","90","","","Hardy through an average UK winter, withstanding -10 to -5C.","evergreen","","","",""
"0","Oleander","Nerium oleander","335","Clusters of pink flowers all summer · narrow leathery evergreen leaves in whorls","Water freely in growth; sparingly in winter","South / West","Any well-drained soil; Overwinter frost-free · avoid winter wet","Cut back flowered shoots after flowering; wear gloves","","Jun-Oct","","","","","","","","","","","sold in many named colour forms; this is a pink form","H3","heat · drought · coastal tolerant in mild sites","patio containers · conservatory · Mediterranean gardens","2–4 m H × 1.5–2.5 m W","","","10","9","6","9","95","80","","","Half-hardy: withstands -5 to 1C. Outdoors in mild or coastal UK gardens; needs shelter or winter protection elsewhere.","evergreen","","","",""
"0","Emerald 'n' Gold Spindle","Euonymus fortunei 'Emerald 'n' Gold'","55","Deep-green leaves broadly edged gold · margins flush pink-red in winter","Moderate until established; water in dry spells","Any aspect","Moist, well-drained; Avoid waterlogging · deep shade dulls colour","Trim in spring to shape; remove reverted green shoots","","Jan-Dec","","","","","","","","","","","","H5","exposed-site tolerant · adaptable · low maintenance","groundcover · containers · low hedging · wall training","0.5–1 m H × 1–1.5 m W","","","7","10","7","5","65","25","","","Hardy through a cold UK winter, withstanding -15 to -10C.","","","","",""
"0","Emerald Gaiety Spindle","Euonymus fortunei 'Emerald Gaiety'","110","Grey-green leaves edged creamy white · margins blush pink in cold weather","Moderate until established; water in dry spells","East / South / West","Moist, well-drained; Avoid waterlogging · deep shade weakens variegation","Trim in spring to shape; remove reverted green shoots","","Jan-Dec","","","","","","","","","","","syn. Euonymus 'Gaiety'","H5","exposed-site tolerant · adaptable · low maintenance","groundcover · containers · low hedging · wall training","0.5–1 m H × 1–1.5 m W","","","7","10","7","5","65","40","","","Hardy through a cold UK winter, withstanding -15 to -10C.","","","","",""
"0","Japanese Knotweed","Reynoutria japonica","105","Hollow bamboo-like stems flecked red · zig-zag shovel leaves · creamy sprays","Adaptable — thrives in moist or badly drained ground","Any aspect","Any soil, any pH; ILLEGAL TO SPREAD · 1cm rhizome regrows","Never strim, mow or shred — fragments spread it","","Aug-Oct","","","","","","","","","","","syn. Fallopia japonica · Polygonum cuspidatum","H7","","ID and report only","1.5–2.5 m H × 2.5–4 m+ W","","","20","2","8","20","70","40","","ILLEGAL TO SPREAD. Must not be planted or caused to grow in the wild, and you must stop it spreading off your property; cut material and contaminated soil are controlled waste — registered carrier and authorised facility only. A 1cm fragment of rhizome regrows after years dormant. Use a specialist contractor.","Very hardy: withstands below -20C, so hardy anywhere in the UK.","","","","",""
"0","Jelena Witch Hazel","Hamamelis × intermedia 'Jelena'","28","Copper-orange scented ribbons on bare winter stems · fiery autumn leaves","Moderate; keep evenly moist through summer","Any aspect","Humus-rich, acid-neutral; Shelter from cold drying winds","No routine pruning; shape right after flowering","","Jan-Mar","","","","","","","","","","","syn. 'Copper Beauty'","H5","cold hardy · long-lived · low maintenance","winter scent · specimen · woodland edge · beside paths","2.5-4m H × 2.5-4m W","","","6","4","11","6","80","45","","","Hardy through a cold UK winter, withstanding -15 to -10C.","","","","",""
"0","Mountain Hydrangea","Hydrangea serrata","220","Small lacecap heads, blue to pink by soil pH · red-purple autumn leaves","Keep consistently moist, especially in warm weather","Any aspect","Humus-rich, any pH; Never let it dry out; shelter from hot sun","Flowers on old wood — trim lightly after flowering only","","Jul-Sep","","","","","","","","","","","syn. H. macrophylla subsp. serrata","H4","cool-climate tolerant · harmful if eaten · may irritate skin","woodland edge · shady borders · containers · small gardens","1-1.5m H × 1-1.5m W","","","10","10","15","8","55","30","","","Hardy through an average UK winter, withstanding -10 to -5C.","","","","",""
"0","Pink Kousa Dogwood","Cornus kousa","335","Deep rose-pink bracts in early summer · strawberry fruit · red autumn","Regular in dry spells; dislikes drought","Any aspect","Humus-rich, acid-neutral; Avoid shallow chalk and dry ground","Minimal; take out dead or crossing stems in late winter","","Jun-Jul","","","","","","","","","","","unnamed pink form — the species is cream-white","H6","anthracnose-resistant · trouble-free · good autumn colour","specimen tree · small gardens · woodland edge","4-8m H × 4-8m W","","","7","4","12","5","70","40","","","Hardy through a very cold UK winter, withstanding -20 to -15C.","","","","",""
"0","Waterlily 'Marliacea Carnea'","Nymphaea 'Marliacea Carnea'","350","Classic hardy waterlily with rounded green floating leaves, often bronze-flushed when young, and large semi-double flowers that open cream-white to very pale blush pink with a warm golden-yellow centre.","Permanent still water; aim for about 45–75cm of water over the crown once established, starting shallower while establishing.","Any aspect","Heavy aquatic loam; Not multipurpose; it floats out","Remove fading flowers and yellow or damaged leaves regularly. Cut dying foliage back low in late autumn before it sinks and decays.","","Jun-Sep","","","","","","","","","","","Marliacea Carnea","H5","Hardy, vigorous and long-lived in stable still water; generally low maintenance once established but dislikes constant splashing and overcrowding.","Medium to large ponds, wildlife ponds, ornamental aquatic planting, water-surface cover and summer flowering.","0.1–0.15m H × 1–1.5m W","","","14","9","20","6","95","80","","","Hardy through most of the UK when the rhizome remains submerged; foliage dies back for winter and regrows in spring.","deciduous","","","",""
"0","Dwarf Fan Palm","Chamaerops humilis","105","Bushy multi-stemmed palm · dense crown of stiff green fan leaves","Regular while young, then let the surface dry","East / South / West","Free-draining fertile loam; Winter drainage is critical","Remove dead fronds · never cut the growing points","","Jan-Dec","","","","","","","","","","","","H4","wind, drought and coastal tolerant · leaf spines can injure","containers · gravel gardens · coastal and exotic planting","1.5-2.5m H × 1-1.5m W","","","4","4","6","8","70","40","Leaf stalks can carry sharp spines capable of causing physical injury; site away from narrow paths and children's play areas.","","Hardier than its Mediterranean appearance suggests but less cold tolerant than Trachycarpus fortunei; severe UK winters can damage leaves or stems.","evergreen","","","",""
"0","Corkscrew Hazel","Corylus avellana 'Contorta'","40","Bizarrely twisted corkscrew branches · yellow late-winter catkins · crumpled leaves","Water while young; copes with dry spells after","East / South / West","Chalk, clay, loam or sand; Straight shoots below a graft are suckers","Cut straight rootstock suckers right out · otherwise minimal","","Jan-Mar","","","","","","","","","","","Contorta","H6","robust and adaptable · grafted plants throw straight suckers","winter structure · cut stems · containers · wildlife gardens","2.5-4m H × 2.5-4m W","","","7","7","8","6","70","35","Nuts, when produced and fully mature, are edible.","","Very hardy throughout the UK.","deciduous","","","",""
"0","Cider Gum 'Azura'","Eucalyptus gunnii Azura ('Cagire')","190","Silver-blue rounded juvenile leaves on pale stems · compact bushy habit","Water well while young; drought tolerant after","South / West","Fertile, drained, any pH; Still a big plant unless coppiced","Coppice in spring for round juvenile leaves · or train as a small tree","","Jan-Dec","","","","","","","","","","","Cagire","H5","fast and regenerates hard after pruning · foliage harmful if eaten","silver foliage · cut foliage · containers with regular pruning","4-8m H × 2.5-4m W","","","15","8","9","10","100","85","Eucalyptus foliage and concentrated eucalyptus oils are harmful if ingested in quantity and should be kept away from pets and children.","","Selected for improved hardiness and compact growth; established plants are hardy through most UK gardens, though young shoots can be damaged by severe frost.","evergreen","","","",""
"0","Japanese Flowering Cherry 'Kanzan'","Prunus 'Kanzan'","335","Upright deciduous flowering cherry with bronze young foliage and spectacular clusters of large double deep pink spring flowers.","Water while establishing.","East / South / West","Fertile, moist, drained; Never prune in winter; silver leaf","Prune only when necessary in midsummer after flowering.","","Mar-May","","","","","","","","","","","'Kanzan'","H6","Cold hardy but susceptible to several common Prunus diseases.","Specimen tree, avenues and ornamental lawns.","8–12 m H × 4–8 m W","","","13","9","8","6","85","60","Seeds and damaged foliage contain compounds that should not be eaten.","","Hardy throughout the UK.","Deciduous; bronze young leaves maturing green with autumn colour.","","","",""
"0","Lady's Mantle","Alchemilla mollis","65","Clump-forming perennial with soft scalloped grey-green leaves that hold water droplets and airy sprays of lime-yellow flowers.","Water during establishment; tolerates moderate dryness once established.","East / West","Any, moist but drained; Self-seeds freely where it's happy","Cut back flowers and tired foliage after flowering to encourage fresh growth and reduce self-seeding.","","Jun-Jul","","","","","","","","","","","","H7","Very hardy and easy to establish.","Ground cover, border edging, cottage gardens and underplanting.","0.5–1 m H × 0.5–1 m W","","","15","2","9","3","55","25","","","Extremely hardy, below -20°C.","Herbaceous; rounded, softly hairy grey-green leaves.","","","",""
"0","Heuchera 'Timeless Night'","Heuchera villosa 'Timeless Night'","320","Near-black ruffled leaves all year · slim stems of clear rose-pink bells","Keep evenly damp; dislikes drought and sogginess","Any aspect","Fertile, moist but drained; Vine weevil grubs eat the roots","Deadhead spent spikes · tidy old leaves in spring · replant lifted crowns","","May-Sep","","","","","","","","","","","RHS name: Heuchera 'Timeless Night' · Timeless series","H6","very hardy · holds its colour all winter · vine weevil in pots is the standard problem","containers · front of borders · shade · foliage contrast · edging","0.1-0.5m H × 0.1-0.5m W","","","9","12","11","6","50","15","","","Hardy through a very cold UK winter, withstanding -20 to -15C.","semi-evergreen","","","",""
"0","Snowy Mespilus","Amelanchier lamarckii","20","Bronze new leaves with clouds of white blossom · edible berries · fiery autumn","Water while young and through long dry spells","East / South / West","Moist, drained, lime-free; Avoid shallow chalk and drought","Little needed · keep the natural multi-stem shape","","Apr-Nov","","","","","","","","","","","Also sold as Juneberry or Serviceberry — same plant","H7","reliable and very hardy · berries edible and taken by birds","small gardens · multi-stem trees · blossom and autumn colour","4-8m H × 2.5-4m W","","","10","5","12","5","70","35","Ripe berries are edible and are also readily taken by birds.","","Exceptionally hardy throughout the UK.","deciduous","","","",""
"0","Crab Apple 'John Downie'","Malus 'John Downie'","18","White blossom from pink buds · big red-flushed yellow fruit — the jelly crab","Water while establishing and through long dry spells","Any aspect","Fertile, moist, drained; Avoid waterlogging · give the crown room","Little needed · in late winter take out dead, crossing or damaged wood","","Apr-Oct","","","","","","","","","","","John Downie","H6","very hardy · takes any soil pH · scab-prone, with canker behind it","spring blossom · autumn fruit · jelly · wildlife · pollination partner for apples","8-12m H × 4-8m W","","","12","13","10","7","85","45","","","Hardy through a very cold UK winter, withstanding -20 to -15C.","","","","",""
"0","English Oak","Quercus robur","100","Wavy-lobed leaves on almost no stalk · acorns on long stalks in autumn","Water while establishing; drought-tough once away","Any aspect","Deep, fertile, heavy soil; Needs real space — a parkland tree","Little needed · take out dead wood in mid to late summer","","Apr-Oct","","","","","","","","","","","'Fastigiata' — narrow upright · 'Concordia' — golden","H7","extremely long-lived and wind-firm · mildew and knopper galls are cosmetic · oak processionary moth is a regulated pest in parts of London and the South East","parkland · large gardens · native and wildlife planting · hedgerow standards","12m+ H × 12m+ W","","","9","10","8","5","85","45","","","Very hardy: withstands below -20C, so hardy anywhere in the UK.","","","","",""
"0","Poppin' Purple Agapanthus","Agapanthus POPPIN’ PURPLE ('PM003')","275","Near-black buds open to intense violet-purple trumpets · reblooms","Water freely in growth; keep pots dry through winter","South / West","Fertile, free-draining; Winter wet rots the crown · pots freeze","Deadhead or leave the seedheads · split congested clumps in spring","","Jul-Sep","","","","","","","","","","","'PM003' · syn. Ever Amethyst · Everpanthus Series","H4","fast and free-flowering · bred for resistance to Erwinia crown rot · slugs, gall midge and winter wet are still the risks","patio containers · sunny borders · coastal · cutting · pollinators","0.5-1m H × 0.1-0.5m W","slugs","","13","7","9","6","95","70","","","Hardy through an average UK winter, withstanding -10 to -5C.","","","","",""
"0","Black Bamboo","Phyllostachys nigra","115","Culms emerge green and darken through brown to glossy near-black · feathery leaves","Generous while establishing and in dry weather","East / South / West","Fertile, humus-rich; RUNNING — needs a rhizome barrier","Thin old and weak culms · strip low leaves to show the stems","","Jan-Dec","","","","","","","","","","","","H5","hardy and strong-growing · rhizomes escape without a barrier","screening · Japanese-style gardens · large containers","4-8m H × 2.5-4m+ W","","","17","7","13","14","70","40","","","Hardy through most UK gardens once established.","evergreen","","","",""
"0","Cherry Laurel 'Rotundifolia'","Prunus laurocerasus 'Rotundifolia'","105","Fast-growing dense evergreen shrub with large glossy rounded dark green leaves, white flower spikes and black fruits.","Water during establishment; drought tolerant when mature.","East / West","Any, reasonably drained; Cut with secateurs, not a trimmer","Trim in spring and summer as required; secateurs reduce unsightly cut leaves compared with hedge trimmers.","","Jan-Dec","","","","","","","","","","","'Rotundifolia'","H5","Extremely robust and shade tolerant.","Hedging, screening and evergreen structure.","4–8 m H × 4–8 m W","","","19","7","7","5","45","5","Leaves, seeds and other parts are harmful if eaten.","","Hardy in most UK locations.","Evergreen; broad glossy dark green leaves.","","","",""
"0","Bay Laurel","Laurus nobilis","100","Aromatic evergreen shrub or small tree with glossy leathery leaves widely used as a culinary herb.","Water while establishing; established plants tolerate moderate drought.","East / South / West","Fertile, well-drained; Winter wet and freezing wind","Clip in spring or summer to maintain shape; remove cold-damaged growth after frost risk passes.","","Jan-Dec","","","","","","","","","","","","H4","Drought and salt tolerant but vulnerable to severe frost in exposed sites.","Culinary gardens, topiary, hedging and containers.","8–12 m H × 4–8 m W","","","9","8","6","6","70","35","Leaves are widely used as a culinary herb; fruits are ornamental and should not be eaten. Gloves are advisable when handling.","","Hardy through much of the UK, approximately -10 to -5°C.","Evergreen; aromatic glossy dark green leaves.","","","",""
"0","Dogwood 'Midwinter Fire'","Cornus sanguinea 'Midwinter Fire'","25","Deciduous suckering shrub prized for brilliant yellow-orange and fiery red winter stems.","Water during establishment; tolerates moist ground.","East / South / West","Any, moist but drained; Shade dulls the winter stems","For brightest stems cut back hard to a low framework in spring once established.","","Dec-Feb","","","","","","","","","","","'Midwinter Fire'","H6","Very robust and tolerant of cold and moisture.","Winter gardens, mass planting and mixed shrub borders.","1.5–2.5 m H × 1.5–2.5 m W","","","15","4","12","6","70","35","","","Hardy throughout the UK.","Deciduous; green leaves with autumn colour.","","","",""
"0","Spotted Laurel 'Crotonifolia'","Aucuba japonica 'Crotonifolia'","70","Big leathery leaves splashed gold · red berries on females near a male plant","Water while young, then tolerates dry shade","North / East","Most drained garden soils; Strong sun bleaches the leaves","Cut overgrown stems individually in spring · never shear","","Jan-Dec","","","","","","","","","","","Crotonifolia","H5","superb in deep shade and towns · very low upkeep · berries not edible","deep shade · evergreen screening · dry borders · containers","1.5-2.5m H × 1.5-2.5m W","","","7","5","7","4","20","5","Berries are ornamental and should not be eaten.","","Hardy throughout most UK gardens.","evergreen","","","",""
"0","Darwin's Barberry","Berberis darwinii","30","Dense spiny evergreen shrub with small glossy leaves and vivid orange-yellow flowers followed by dark blue-purple berries.","Water while establishing; drought tolerant once mature.","East / South / West","Any soil, well-drained; Spines injure; gloves when pruning","Trim after flowering if shaping is required; wear protective gloves.","","Mar-May","","","","","","","","","","","","H5","Robust, wind tolerant and drought resistant once established.","Hedging, screening, wildlife gardens and evergreen structure.","2.5–4 m H × 2.5–4 m W","","","13","4","6","5","65","35","Berries are not generally considered edible garden fruit; thorny stems can injure.","","Hardy in most UK locations, approximately -15 to -10°C.","Evergreen; small glossy dark green spiny-edged leaves.","","","",""
"0","Climbing Hydrangea","Hydrangea petiolaris","0","Self-clinging woody climber with glossy green foliage and broad lacecap-like heads of creamy-white flowers.","Water regularly during establishment.","North / East","Humus-rich, moist, drained; Slow to start; hates dry soil","Prune after flowering to restrict spread and remove unwanted shoots.","","Jun-Jun","","","","","","","","","","","","H5","Hardy and vigorous once established.","Shady walls, mature trees and large structures.","8–12 m H × 4–8 m W","","","12","5","13","6","35","10","Harmful if eaten; may irritate skin.","","Hardy in most UK locations.","Deciduous; ovate dark green leaves turning yellow in autumn.","","","",""
"0","Common Beech","Fagus sylvatica","100","Majestic deciduous tree with smooth grey bark and fresh green leaves turning rich copper-gold in autumn.","Water young trees during establishment.","East / South / West","Fertile, well-drained; Dislikes prolonged waterlogging","Prune during dormancy when structural work is required.","","Sep-Nov","","","","","","","","","","","","H7","Very hardy and wind tolerant when established.","Large specimen tree, woodland and formal hedging.",">12 m H × >8 m W","","","12","7","8","5","60","30","Beech mast should not be eaten in quantity.","","Extremely hardy, below -20°C.","Deciduous; oval green leaves turning copper-gold.","","","",""
"0","Wall Cotoneaster","Cotoneaster horizontalis","0","Low spreading shrub with distinctive herringbone branching, small leaves, pink-white flowers and abundant red autumn berries.","Water while establishing; drought tolerant later.","East / South / West","Any soil, well-drained; Schedule 9; do not spread in the wild","Prune minimally, removing unwanted growth after flowering or fruiting.","","Sep-Nov","","","","","","","","","","","","H6","Very hardy, pollution tolerant and adaptable.","Walls, banks, ground cover and wildlife planting.","0.5–1 m H × 1.5–2.5 m W","","","12","5","6","5","70","35","Fruit may cause stomach upset if eaten.","Listed on Schedule 9 in parts of UK legislation regarding release into the wild; do not plant or allow spread in the wild where restrictions apply.","Hardy throughout the UK.","Deciduous to semi-evergreen; small glossy leaves turning red in autumn.","","","",""
"0","Californian Lilac 'Concha'","Ceanothus 'Concha'","220","Small glossy leaves smothered in cobalt-blue clusters from red-purple buds","Water while young, then leave it dry","South / West","Free-draining, any pH; Winter wet kills it · avoid frost pockets","Trim lightly after flowering · never cut into old bare wood","","Apr-Jun","","","","","","","","","","","Concha","H4","fast and drought-proof · short-lived · resents hard pruning","sunny walls · Mediterranean borders · pollinators","2.5-4m H × 2.5-4m W","","","14","5","6","10","100","85","","","Hardy in many UK gardens but vulnerable to severe frost, cold winds and wet winters; a warm sheltered site markedly improves reliability.","evergreen","","","",""
"0","Redvein Enkianthus","Enkianthus campanulatus","15","Tiered branches · waxy cream bells veined red · brilliant scarlet autumn foliage","Even moisture while establishing and in dry summers","Any aspect","Humus-rich, acid-neutral; Avoid chalk and prolonged drought","Little needed · tidy damaged or crossing stems after flowering","","May-Nov","","","","","","","","","","","","H6","long-lived and cold hardy · dislikes lime and drying wind","woodland gardens · autumn colour · Japanese-style planting","2.5-4m H × 2.5-4m W","","","6","4","14","7","60","30","","","Very hardy in suitable soil throughout the UK.","deciduous","","","",""
"0","Strawberry Tree","Arbutus unedo","10","Shredding red-brown bark · white urn flowers and red fruit together in autumn","Water while young; tolerates summer dryness after","South / West","Loam, sand or chalk; Dislikes wet heavy winter ground","Very little · take out dead or badly placed wood in spring","","Sep-Nov","","","","","","","","","","","","H4","evergreen · drought and coastal tolerant · fruit edible","coastal gardens · evergreen specimens · wildlife planting","4-8m H × 4-8m W","","","8","6","7","6","90","70","Ripe fruits are edible but are generally valued more as an ornamental feature than as a high-quality dessert fruit.","","Hardy in many UK gardens, particularly in mild, sheltered and coastal areas; young growth can be damaged by severe frost.","evergreen","","","",""
"0","Soft Tree Fern","Dicksonia antarctica","115","Fibrous brown trunk topped by a crown of arching, finely divided fronds","Keep trunk and roots damp · water the trunk itself","North / East","Humus-rich, neutral-acid; Never let the trunk or roots dry","Cut dead fronds close to the trunk · never cut the crown","","May-Oct","","","","","","","","","Imported tree-fern trunks are subject to source-country harvesting and trade paperwork — check the supplier's documentation before sale.","","","H3","very slow to build trunk · pack the crown with straw before frost","woodland gardens · shaded courtyards · fern and exotic planting","2.5-4m H × 2.5-4m W","","","2","3","18","16","25","10","","Commercially harvested Australian tree ferns may be subject to source-country harvesting, tagging and trade controls. Dicksonia antarctica itself is not currently listed under CITES for trade restrictions.","The crown is vulnerable below roughly -5°C. In much of the UK the crown should be packed with dry straw, fleece or similar insulation before significant frost, with extra protection around the upper trunk in colder areas.","evergreen","","","",""
"0","Golden Privet","Ligustrum ovalifolium 'Aureum'","55","Rich yellow leaves with green centres · dense upright evergreen hedging shrub","Moderate; low once established","Any aspect","Any well-drained soil; Best foliage colour in sun","Trim in late summer; renovate hard if needed","","Jan-Dec","","","","","","","","","","","syn. Ligustrum ovalifolium 'Aureomarginatum'","H5","exposed-site tolerant · adaptable · urban suitable","hedging · screening · topiary · foliage colour","2.5–4 m H × 2.5–4 m W","","","13","10","7","5","80","45","","","Hardy through a cold UK winter, withstanding -15 to -10C.","evergreen","","","",""
"0","Black Chokeberry","Aronia melanocarpa","5","White spring flowers · glossy black berries from late summer · fiery red autumn leaves","Moderate; tolerates wet ground once established","Any aspect","Moist but well-drained; Avoid shallow soil over chalk","Little needed; thin out or remove suckers in late winter","","May-Oct","","","","","","","","","","","'Autumn Magic' · 'Hugin' · 'Nero' · Aronia × prunifolia 'Brilliant'","H6","very cold-hardy · wet-soil tolerant · wildlife value · low-maintenance","wildlife planting · autumn colour · informal hedging · edible fruit","1.5–2.5 m H × 1.5–3 m W","","","10","2","11","3","75","40","","","Hardy through a very cold UK winter, withstanding -20 to -15C.","deciduous","","","",""
"0","Hairy Canary Clover","Lotus hirsutus LITTLE BOY BLUE ('Lisbob')","205","Soft silver-grey foliage · pink-tinged white pea flowers · mahogany seed pods after","Low once established; water only in prolonged drought","South / West","Free-draining; Winter wet kills it, not cold","Light trim after flowering to keep it compact; avoid cutting into old wood","","Jul-Oct","","","","","","","","","","","syn. Dorycnium hirsutum · 'Fréjorgues'","H4","drought-tolerant · coastal · poor-soil tolerant · pollinator friendly","gravel gardens · containers · sunny edging · coastal planting","30 cm H × 30 cm W","","","10","2","3","5","95","60","","","Hardy through an average UK winter, withstanding -10 to -5C.","","","","",""
"0","Bonfire Begonia","Begonia BONFIRE ('Nzcone')","15","Arching stems hung with fiery orange-red lantern flowers from summer to first frost","Keep evenly moist in growth; never leave standing in water","Any aspect","Well-drained compost; No frost — lift before the first","No pruning; dry the tuber off after the first frost and store frost-free","","Jun-Oct","","","","","","","","","","","a Begonia boliviensis selection · sister to 'Firecracker'","H2","heat-tolerant · self-cleaning flowers · shade-tolerant","containers · hanging baskets · window boxes · summer bedding","30–45 cm H × 30–45 cm W","","","16","10","13","14","50","25","","","Tender: withstands 1-5C and no frost at all. Outdoors in summer only, or under glass.","","","","",""
"0","Virginia Creeper","Parthenocissus quinquefolia","355","Five-fingered leaves turning crimson and orange in autumn · blue-black berries","Moderate; low once established","Any aspect","Any well-drained soil; Very vigorous — keep off roofs and gutters","Cut back hard in winter to keep it clear of roofs, gutters and windows","","Sep-Nov","","","","","","","","","","","'Engelmannii' · not to be confused with Boston Ivy, Parthenocissus tricuspidata","H6","self-clinging · shade-tolerant","walls · fences · fast screening · autumn colour","8–12 m H × 4–8 m W","","","18","2","8","12","60","20","","Listed on Schedule 9 of the Wildlife and Countryside Act 1981. Sale is not banned, but it must not be planted or otherwise caused to grow in the wild.","Hardy through a very cold UK winter, withstanding -20 to -15C.","","","","",""
"0","Flowering Quince 'Kinshiden'","Chaenomeles speciosa 'Kinshiden'","50","Semi-double lemon-cream flowers with green centres on bare spring stems · thorny","Moderate; low once established","Any aspect","Well-drained; any pH; Goes chlorotic on very alkaline soil","Shorten side shoots after flowering; spur-prune if wall-trained","","Mar-Jun","","","","","","","","","","","'Crimson and Gold' · 'Nivalis' · 'Moerloosei'","H6","very hardy · thorny · wall-trainable · lime-tolerant · shade-tolerant","wall training · informal hedging · early nectar · fruit for jelly","1.5–2.5 m H × 2–3 m W","","","8","8","8","10","70","35","","","Hardy through a very cold UK winter, withstanding -20 to -15C.","","","","",""
"0","Obsession Japanese Skimmia","Skimmia japonica OBSESSION ('Obsbolwi')","0","Glossy evergreen leaves · fragrant white spring flowers · persistent red berries","Keep evenly moist","North / East / West","Humus-rich, acid-neutral; Sheltered · avoid chalk and waterlogging","No routine pruning; lightly shape in spring if needed","","Oct-Mar","","","","","","","","","","","trade name OBSESSION; cultivar code 'Obsbolwi'","H5","self-fertile · shade tolerant · compact","containers · shade borders · winter colour","0.5–1 m H × 0.5–1 m W","","","6","10","11","5","25","10","","","Hardy through a cold UK winter, withstanding -15 to -10C.","evergreen","","","",""
"0","Black Beauty Elder","Sambucus nigra f. porphyrophylla 'Gerda'","345","Purple-black foliage · lemon-scented pink flowers · dark autumn berries","Moderate; water during prolonged dry spells","Any aspect","Any well-drained soil; Full sun gives darkest foliage","Prune hard in spring to restrict size or renew foliage","","Apr-Oct","","","","","","","","","","","trade synonym BLACK BEAUTY; cultivar code 'Gerda'","H6","coastal · exposed-site tolerant · adaptable","foliage contrast · wildlife · screening","2.5–4 m H × 2.5–4 m W","","","13","10","8","6","85","45","","","Hardy through a very cold UK winter, withstanding -20 to -15C.","","","","",""
"0","Pineapple Broom","Argyrocytisus battandieri","55","Silky silver-grey leaves · upright yellow flower spikes strongly scented of pineapple","Low once established","South / West","Poor, well-drained; Sheltered · may chlorose on shallow chalk","Prune minimally after flowering; train young shoots if wall-grown","","Jun-Aug","","","","","","","","","","","syn. Cytisus battandieri","H5","drought · coastal · lime tolerant","scented borders · wall shrubs · Mediterranean planting","2.5–4 m H × 2.5–4 m W","","","8","7","5","6","95","85","","","Hardy through a cold UK winter, withstanding -15 to -10C.","","","","",""
"0","Orange Star Firethorn","Pyracantha coccinea 'Orange Star'","30","Thornless evergreen shrub · white flowers earlier · heavy crops of orange berries","Moderate until established","Any aspect","Fertile, well-drained; Avoid waterlogging; full sun best","Prune after flowering; retain older wood for berrying","","Sep-Feb","","","","","","","","","","","Star Series","H2","thornless · fireblight tolerant · disease resistant","walls · hedging · containers · wildlife","2 m H × 1 m W","","","9","8","6","5","75","35","","","Tender: withstands 1-5C and no frost at all. Outdoors in summer only, or under glass.","evergreen","","","",""
"0","Chinese Wisteria","Wisteria sinensis","275","Fragrant lilac flower racemes open before leaves · vigorous twining climber","Moderate; water during prolonged dry spells","South / West","Moist, well-drained; Sheltered · avoid waterlogged ground","Prune twice yearly in Jul-Aug and Jan-Feb","","May-Jun","","","","","","","","","","","syn. Wisteria chinensis","H6","cold hardy · vigorous · very long-lived","walls · pergolas · large trees · trained standards","12–15 m H × 8–12 m W","","","16","11","9","13","90","50","","","Hardy through a very cold UK winter, withstanding -20 to -15C.","","","","",""
"0","Star Jasmine","Trachelospermum jasminoides","115","Glossy evergreen leaves bronzing in cold · intensely fragrant white pinwheels","Water regularly; keep containers damp in heat","South / West","Fertile, free-draining; Needs a warm wall · winter wet is fatal","Trim after flowering · tie young shoots to the support","","Jun-Sep","","","","","","","","","","","","H4","dependable on warm walls · exposure is its limit · milky sap irritates","evergreen climber · scented walls · courtyards · containers","8-12m H × 4-8m W","","","11","5","12","8","90","65","Milky sap can irritate skin and the plant should not be eaten.","","Hardy in many sheltered UK gardens but vulnerable to severe frost and cold drying winds, particularly when young.","evergreen","","","",""
"0","Japanese Anemone 'Pretty Lady Maria'","Anemone × hybrida Pretty Lady Maria ('Aneplaria')","150","Compact clumps with single white flowers and bright yellow stamens in late summer.","Water while establishing and during dry spells.","Any aspect","Moist, well-drained; Avoid excessive winter wet","Cut back in late autumn after flowering.","","Aug-Oct","","","","","","","","","","","Pretty Lady Series; cultivar code 'Aneplaria'","H7","Very hardy; reliable once established in moisture-retentive, well-drained soil.","Borders, cottage gardens, city and courtyard gardens, wildlife gardens and containers.","40–60 cm H × 40–60 cm W","slugs","","10","5","12","6","55","25","","","Very hardy: withstands below -20C, so hardy anywhere in the UK.","","","","",""
"0","Rosemary 'Miss Jessopp's Upright'","Salvia rosmarinus 'Miss Jessopp’s Upright'","220","Upright aromatic evergreen shrub with narrow resinous leaves and pale blue flowers.","Water while establishing; very drought tolerant once mature.","South / West","Poor, very free-draining; Winter wet kills it, not the cold","Trim lightly after flowering, avoiding cuts into old bare wood.","","Mar-Jun","","","","","","","","","","","'Miss Jessopp's Upright'","H4","Highly drought tolerant but vulnerable to winter wet.","Herb gardens, Mediterranean planting, hedging and containers.","1–1.5 m H × 1–1.5 m W","","","11","3","4","5","100","80","","","Hardy through much of the UK where drainage is excellent.","Evergreen; narrow aromatic dark green leaves with pale undersides.","","","",""
"0","Coral-bark Maple","Acer palmatum 'Sango-kaku'","15","Elegant deciduous Japanese maple with coral-red young stems, pinkish-yellow spring leaves, green summer foliage and golden-yellow autumn colour.","Keep evenly moist, especially while establishing and during dry weather.","East / South / West","Fertile, drained, acidic; Wind and drought scorch the leaves","Prune only when necessary, preferably during dormancy to remove damaged or unwanted growth.","","Sep-Feb","","","","","","","","","","","'Sango-kaku'","H6","Hardy once established but appreciates shelter from drying winds.","Specimen tree, Japanese gardens, mixed borders and large containers.","4–8 m H × 2.5–4 m W","","","10","7","12","8","60","35","","","Hardy throughout the UK, approximately -20 to -15°C.","Deciduous; five-lobed leaves with strong seasonal colour.","","","",""
"0","Purpletop Vervain","Verbena bonariensis","285","Tall airy perennial with slender branching stems topped by small clusters of vivid purple flowers.","Water while establishing; tolerates moderate drought.","South / West","Any, well-drained; Winter wet; self-seeds everywhere","Leave stems over winter where desired, then cut back in spring.","","Jun-Oct","","","","","","","","","","","","H4","Drought tolerant and often persists through self-seeding even where individual plants are short-lived.","Prairie planting, pollinator gardens and mixed borders.","1.5–2.5 m H × 0.5–1 m W","","","17","4","6","4","95","75","","","Hardy through much of the UK in well-drained sites, approximately -10 to -5°C.","Herbaceous to semi-evergreen in mild winters; narrow toothed green leaves.","","","",""
"0","Cut-leaved Stag's Horn Sumach","Rhus typhina 'Dissecta'","20","Fern-like cut foliage · brilliant orange-red autumn colour · crimson fruit cones","Moderate; water while establishing","East / South / West","Moist, well-drained; Full sun for strongest autumn colour","Remove unwanted suckers in winter; prune only if needed","","Sep-Nov","","","","","","","","","","","syn. Rhus typhina f. laciniata; 'Laciniata'","H6","cold hardy · exposed-site tolerant · generally pest free","specimen · autumn colour · architectural planting","2.5–4 m H × 4–8 m W","","","15","6","8","7","95","80","Sap may irritate sensitive skin; avoid unnecessary contact and ingestion.","","RHS H6 for the exact cultivar","deciduous","","","",""
"0","Purple Hybrid Catalpa","Catalpa × erubescens 'Purpurea'","275","Black-purple young leaves fade dark green · white orchid-like summer flowers","Moderate; water during prolonged dry spells","Any aspect","Moist, well-drained; Shelter from wind · late-frost risk","Prune minimally; stool in spring for larger foliage","","Apr-Aug","","","","","","","","","","","syn. Catalpa bignonioides 'Purpurea'","H6","generally pest free · honey fungus resistant","specimen · architectural · foliage contrast","10–15 m H × 6–10 m W","","","10","5","9","6","95","60","","","H6; young growth can be damaged by late frost","deciduous","","","",""
"0","Necklace Vine","Muehlenbeckia complexa","120","Dense wiry dark stems · tiny rounded green leaves · airy scrambling or trailing growth","Moderate; water during prolonged dry spells","South / West","Moist, well-drained; Shelter from cold winds","Trim vigorous shoots as needed to contain growth","","Apr-Oct","","","","","","","","","","","syn. Muehlenbeckia axillaris misapplied","H3","coastal tolerant · pest and disease free","walls · banks · containers · trailing displays","2.5–4 m H × 1.5–2.5 m W","","","14","2","8","6","70","40","","","RHS H3; best outdoors in sheltered mild UK gardens","deciduous","","","",""
"0","Star of Love Masterwort","Astrantia major 'Star of Love'","350","Dark wine-red pincushion flowers · deep-red pointed bracts · leafy compact clump","Keep evenly moist","Any aspect","Humus-rich, moist; Avoid prolonged drought","Cut faded flowers back to encourage fresh growth","","Jun-Aug","","","","","","","","","","","","H4","exposed-site tolerant · pollinator friendly","borders · cut flowers · wildlife gardens","50–100 cm H × 50–100 cm W","","","8","10","12","5","60","35","","PBR protected · commercial propagation restricted","Hardy through an average UK winter, withstanding -10 to -5C.","deciduous","","","",""
"0","Black and Blue Anise-Scented Sage","Salvia guaranitica 'Black and Blue'","225","Intense dark-blue flowers emerge from dramatic black calyces · tall leafy stems","Moderate; water during prolonged dry spells","South / West","Well-drained loam or sand; Shelter from cold winds · avoid winter wet","Deadhead flower spikes; cut back after frost","","Aug-Oct","","","","","","","","","","","syn. Salvia caerulea misapplied","H3","vigorous · coastal suitable · pollinator friendly","borders · containers · pollinators","1.5–2.5 m H × 1–1.5 m W","","","14","11","9","10","95","80","","","RHS H3; winter protection is advisable away from mild areas","deciduous","","","",""
"0","Broadband Hosta","Hosta 'Broadband'","85","Dark-green heart-shaped leaves · broad yellow margins fade creamy white in summer","Keep evenly moist","North / East / West","Fertile, moist, well-drained; Shelter from cold dry winds","Remove spent leaves and clear dead foliage in autumn","","Apr-Oct","","","","","","","","","","","","H7","very cold hardy · deep-shade tolerant","shade borders · underplanting · containers","30–50 cm H × 30–50 cm W","","","7","13","13","6","25","10","","","Very hardy: withstands below -20C, so hardy anywhere in the UK.","deciduous","","","",""
"0","Pretty Lady Emily Japanese Anemone","Anemone × hybrida 'Pretty Lady Emily'","335","Large semi-double pale-pink flowers · yellow centres · compact leafy clump","Keep evenly moist; water in dry spells","Any aspect","Moist, well-drained; Avoid excessive winter wet","Cut old stems back after flowering","","Jul-Oct","","","","","","","","","","","Pretty Lady Series","H7","very cold hardy · coastal tolerant","borders · containers · pollinators","50–60 cm H × 30–50 cm W","","","9","10","11","5","65","35","","PBR protected · commercial propagation restricted","Very hardy: withstands below -20C, so hardy anywhere in the UK.","deciduous","","","",""
"0","St John's wort 'Miracle Night'","Hypericum × inodorum MIRACLE NIGHT ('Allmadne')","345","Yellow flowers · purple-flushed foliage · mahogany-purple autumn berries","Moderate; water in dry spells","Any aspect","Moist, well-drained; Avoid waterlogging","Light prune in spring; renovate hard if needed","","Aug-Oct","","","","","","","","","","","Miracle Series; trade name MIRACLE NIGHT; cultivar code 'Allmadne'","H5","drought tolerant once established","containers · borders · cut stems · autumn berries","70–80 cm H × 60–75 cm W","","","10","6","8","5","75","42","Fruit ornamental · not to be eaten","PBR protected · commercial propagation restricted","Hardy through a cold UK winter, withstanding -15 to -10C.","semi-evergreen","","","",""
"0","Ivy 'Goldheart'","Hedera helix 'Oro di Bogliasco'","55","Dark-green 3-lobed leaves · bold golden-yellow centres · vigorous evergreen","Moderate; water while establishing","Any aspect","Humus-rich, well-drained; Sheltered · avoid waterlogging","Trim any time; renovate hard in early spring if needed","","Jan-Dec","","","","","","","","","","","syn. Hedera helix 'Goldheart'; 'Jubiläum Goldherz'; 'Jubilee' misapplied","H5","shade tolerant · coastal tolerant","walls · fences · wildlife cover · containers","4–8 m H × 1–1.5 m W","","","14","10","7","6","65","35","Harmful if eaten · skin irritant/allergen","","Hardy through a cold UK winter, withstanding -15 to -10C.","evergreen","","","",""
"0","Henry's honeysuckle 'Copper Beauty'","Lonicera henryi 'Copper Beauty'","38","Bronze-flushed new leaves · fragrant orange-yellow tubes · blue-black fruit","Keep evenly moist","North / East / West","Humus-rich, well-drained; Sheltered · avoid hot, dry sites","Prune vigorous stems after flowering","","Jun-Aug","","","","","","","","","","","syn. Lonicera 'Copper Beauty'; L. chamissoi 'Copper Beauty'; L. japonica 'Copper Beauty'","H4","shade tolerant","screening · walls · wildlife gardens · cottage gardens","8–12 m H × 1.5–2.5 m W","","","14","12","12","9","55","35","Fruit ornamental · not to be eaten","PBR protected · commercial propagation restricted","RHS H4; evergreen foliage benefits from shelter","evergreen","","","",""
"0","White potato vine","Solanum laxum 'Album'","0","Jasmine-like white flowers · yellow centres · glossy semi-evergreen foliage","Moderate; water in dry spells","South / West","Moist, well-drained; Sheltered · protect from hard frost","Prune after flowering to contain and shape","","Jun-Sep","","","","","","","","","","","syn. Solanum jasminoides 'Album'","H4","","sunny walls · pergolas · courtyards · conservatories","8–12 m H × 1.5–2.5 m W","","","16","8","10","10","92","78","Fruit ornamental · not to be eaten","","RHS H4; best on a warm sheltered wall","semi-evergreen","","","",""
"0","Clematis 'Avalanche'","Clematis × cartmanii AVALANCHE ('Blaaval')","0","Masses of pure-white spring flowers · glossy dissected evergreen foliage","Moderate; keep moist in dry spells","North / East / South","Moist, sharply drained; Shelter · avoid winter wet","Group 1; tidy lightly after flowering if needed","","Mar-Apr","","","","","","","","","","","trade name AVALANCHE; cultivar 'Blaaval'; RHS accepts 'Avalanche' and lists 'Blaaval' as a synonym","H4","shade tolerant","walls · trellis · containers · spring display","2.5–4 m H × 1.5–2.5 m W","","","12","10","11","10","72","45","Skin irritant · harmful if eaten by rabbits","","RHS H4; shelter and gritty drainage improve winter reliability","evergreen","","","",""
"0","Weigela 'Prism Magic Carpet'","Weigela PRISM MAGIC CARPET ('VPWG18-06')","335","Pink bells · green-apricot foliage warming orange · compact rounded mound","Moderate; water while establishing","Any aspect","Moist, well-drained; Avoid waterlogging","Prune lightly after flowering if needed","","May-Jun","","","","","","","","","","","Prism Series; trade name MAGIC CARPET; cultivar code 'VPWG18-06'","H6","cold hardy","containers · border edging · small gardens · pollinators","50–60 cm H × 40–50 cm W","","","11","8","8","4","82","50","","","Hardy through a very cold UK winter, withstanding -20 to -15C.","deciduous","","","",""
"0","Cranesbill 'Bob’s Blunder'","Geranium 'Bob’s Blunder'","338","Small bright-pink flowers · bronze-purple foliage reddening in autumn","Moderate; water in dry spells","Any aspect","Moist, well-drained; Avoid waterlogging","Remove spent stems; cut back old leaves for fresh growth","","May-Sep","","","","","","","","","","","syn. Geranium biuncinatum 'Bob’s Blunder'","H7","cold hardy · shade tolerant","ground cover · border edging · underplanting · containers","30 cm H × 60 cm W","","","9","9","9","5","72","45","","","Very hardy: withstands below -20C, so hardy anywhere in the UK.","deciduous","","","",""
"0","Dahlia 'Electro Pink'","Dahlia ELECTRO PINK ('71853-09')","335","Hot neon-pink cactus blooms · glossy mahogany-black foliage · compact habit","Keep evenly moist in active growth","South / East / West","Rich, well-drained; Avoid winter wet · protect tubers from frost","Deadhead regularly; cut down after first frost","","Jul-Oct","","","","","","","","","","","trade name ELECTRO PINK; RHS cultivar code '71853-09'; EU PBR denomination 'EP7185309'","H4","","containers · borders · cut flowers · pollinators","50–80 cm H × 40–60 cm W","","","14","12","13","13","92","68","Mildly toxic to dogs and cats if eaten · may cause dermatitis","PBR protected · commercial propagation restricted","Breeder minimum about -6°C maps to H4; protect tubers in UK winter","deciduous","","","",""
"0","St John's wort 'Miracle Grandeur'","Hypericum × inodorum MIRACLE GRANDEUR ('Allgrandeur')","0","Bright yellow flowers · dark-green foliage · glossy red autumn berries","Moderate; water in dry spells","Any aspect","Moist, well-drained; Avoid waterlogging","Light prune in spring; renovate hard if needed","","Aug-Oct","","","","","","","","","","","Miracle Series; trade name MIRACLE GRANDEUR; cultivar code 'Allgrandeur'","H5","drought tolerant once established","containers · borders · cut stems · autumn berries","70–80 cm H × 60–75 cm W","","","10","6","8","5","75","42","Fruit ornamental · not to be eaten","PBR protected · commercial propagation restricted","Hardy through a cold UK winter, withstanding -15 to -10C.","semi-evergreen","","","",""
"0","Rice-paper Plant 'Rex'","Tetrapanax papyrifer 'Rex'","105","Enormous deeply lobed leaves to 60cm+ · felted new shoots · cream autumn flower sprays","Regular while young; avoid standing winter wet","South / West","Fertile, humus-rich loam; Suckers travel well beyond the canopy","Cut frost-damaged stems in spring · remove suckers","","Jun-Nov","","","","","","","","","","","Rex","H3","vigorous · frost may cut it to the ground · young hairs irritate skin","exotic borders · architectural foliage · sheltered courtyards","4-5m H × 2.5-4m+ W","","","19","5","11","11","90","65","Fine hairs on young growth may irritate skin, eyes or airways in sensitive people; gloves are sensible when handling or cutting.","","Suitable for mild and sheltered UK gardens. Frost commonly removes the foliage and may kill stems back to ground level, but an established mulched root system can reshoot in spring.","semi-evergreen","","","",""
"0","Variegated red-osier dogwood","Cornus sericea 'Variegata'","0","Cream-edged green leaves · vivid red winter stems · white berries","Keep evenly moist","Any aspect","Moist, moisture-retentive; Avoid very dry sites","Cut back hard in early spring for bright young stems","","Jan-Dec","","","","","","","","","","","syn. Cornus stolonifera 'Variegata'","H7","cold hardy · wet-soil tolerant · shade tolerant","winter stems · borders · mass planting · wildlife gardens","1.5–2.5 m H × 2.5–4 m W","","","14","10","14","6","80","45","","","Very hardy: withstands below -20C, so hardy anywhere in the UK.","deciduous","","","",""
"0","Sweetshrub 'Aphrodite'","Calycanthus 'Aphrodite'","345","Large magnolia-like purple-red flowers · yellow-tipped centres · glossy foliage","Moderate; water in dry spells","East / South / West","Humus-rich, well-drained; Shelter from cold, drying winds","No routine pruning; shape after flowering if needed","","May-Aug","","","","","","","","","","","Calycanthus chinensis × C. occidentalis hybrid; USPP 24,014","H5","cold hardy · part-shade tolerant","specimen · borders · cottage gardens · pollinators","2.5–4 m H × 2.5–4 m W","","","15","4","10","5","82","48","Harmful if eaten","","Hardy through a cold UK winter, withstanding -15 to -10C.","deciduous","","","",""
"0","Lilac 'Znamya Lenina'","Syringa vulgaris 'Znamya Lenina'","315","Fragrant single red-purple flowers · dense upright panicles · heart-shaped leaves","Moderate; water in dry spells","Any aspect","Fertile, well-drained; Neutral–alkaline preferred","Prune immediately after flowering if needed","","May-Jun","","","","","","","","","","","Russian name Знамя Ленина; translated 'Banner of Lenin'","H7","very cold hardy · drought tolerant once established","specimen · flowering hedges · cut flowers · pollinators","3–4 m H × 2–3 m W","","","10","12","8","6","90","62","","","Exact-cultivar Zone 5a hardiness supports H7; RHS species rating is H6","deciduous","","","",""
"0","Honeysuckle 'Rhubarb and Custard'","Lonicera periclymenum 'Rhubarb and Custard'","335","Deep-purple buds · fragrant pink flowers ageing custard-yellow · red berries","Moderate; avoid prolonged dryness","Any aspect","Moist, well-drained; Avoid very dry root conditions","Prune after flowering; shorten overlong shoots as needed","","Jun-Sep","","","","","","","","","","","","H6","shade tolerant · coastal tolerant · cold hardy","walls · trellis · containers · wildlife gardens","1.5–2.5 m H × 1–1.5 m W","","","15","12","11","6","72","42","Fruit ornamental · not to be eaten","","Hardy through a very cold UK winter, withstanding -20 to -15C.","deciduous","","","",""
"0","Dwarf Formosa lily","Lilium formosanum var. pricei","0","Huge fragrant white trumpets · wine-red outer flush · narrow dark-green leaves","Moderate; keep moist in active growth","South","Acid, well-drained; Sunny, sheltered · avoid winter wet","Deadhead after flowering; allow foliage to die back naturally","","Jul-Aug","","","","","","","","","","","Kew treats var. pricei as a synonym of Lilium formosanum","H4","compact alpine habit · cold tolerant","rock gardens · containers · border fronts · cut flowers","10–30 cm H × 10–30 cm W","","","10","14","10","10","92","75","Bulbs not to be eaten · highly toxic to cats if eaten","","RHS H4; shelter and good drainage are important","deciduous","","","",""
"0","Ninebark 'Diabolo'","Physocarpus opulifolius 'Diabolo'","280","Purple-black lobed leaves · peeling older bark · pink-budded white flower heads","Water while young; fairly drought tolerant after","East / South / West","Clay, loam or sand; Shallow chalk can cause chlorosis","Take older stems out at the base after flowering","","Jun-Oct","","","","","","","","","","","Diabolo","H7","one of the toughest dark-leaved shrubs · takes hard renovation","mixed borders · hedging · dark foliage contrast","1.5-2.5m H × 1.5-2.5m W","","","13","3","9","5","80","45","","","Exceptionally hardy and suitable for even very cold UK gardens.","deciduous","","","",""
"0","Rose of Sharon 'Lavender Chiffon'","Hibiscus syriacus LAVENDER CHIFFON ('Notwoodone')","290","Large lilac-lavender semi-double flowers · dark red-veined centres · dark foliage","Moderate; water in dry spells","East / South","Moist, well-drained; Sheltered · avoid waterlogging","Prune in late winter or early spring if needed","","Jul-Sep","","","","","","","","","","","Chiffon Series; trade name LAVENDER CHIFFON; cultivar code 'Notwoodone'","H5","heat tolerant · drought tolerant once established · coastal tolerant","specimen · shrub borders · screening · informal hedging","1.5–2.5 m H × 1–1.5 m W","","","10","9","9","6","90","68","","","RHS H5; breeder sources claim tolerance to about -20 to -25°C","deciduous","","","",""
"0","Eastern redbud 'Carolina Sweetheart'","Cercis canadensis CAROLINA SWEETHEART ('NCCC1')","340","Maroon new leaves · pink-white-green variegation · pink-purple spring flowers","Moderate; water in prolonged dry spells","East / South / West","Fertile, well-drained; Avoid wet soil · shelter from harsh sun","Little pruning; remove damaged growth after flowering","","Apr-Sep","","","","","","","","","","","trade name CAROLINA SWEETHEART; cultivar code 'NCCC1'","H5","part-shade tolerant · drought tolerant once established","specimen · small gardens · courtyards · pollinators","3 m H × 3 m W","","","6","10","9","7","82","52","","","Hardy through a cold UK winter, withstanding -15 to -10C.","deciduous","","","",""
"0","Oleaster 'Limelight'","Elaeagnus × submacrophylla 'Limelight'","55","Lime-gold centred leaves · dark-green margins · silvery young growth","Low once established","East / South / West","Fertile, well-drained; May yellow on shallow chalk","Trim to shape; remove reverted green shoots","","Jan-Dec","","","","","","","","","","","syn. Elaeagnus × ebbingei 'Limelight'","H5","drought tolerant · coastal tolerant · pollution tolerant","hedging · screening · coastal gardens · foliage contrast","2.5–4 m H × 2.5–4 m W","","","12","8","6","4","78","42","","","Hardy through a cold UK winter, withstanding -15 to -10C.","evergreen","","","",""
"0","Japanese maple 'Oridono-nishiki'","Acer palmatum 'Oridono-nishiki'","340","Green, cream and vivid pink variegation · orange-red autumn colour","Moderate; water in dry spells","East / South / West","Moist, well-drained; Sheltered · avoid hot, dry exposure","Prune only if needed from late autumn to midwinter","","Apr-Nov","","","","","","","","","","","also encountered as 'Orido-nishiki'","H6","cold hardy · part-shade tolerant · urban suitable","specimen · courtyards · containers · foliage colour","4–6 m H × 2.5–4 m W","","","7","10","10","7","58","40","","","Hardy through a very cold UK winter, withstanding -20 to -15C.","deciduous","","","",""
"0","Barrenwort 'Fröhnleiten'","Epimedium × perralchicum 'Fröhnleiten'","55","Bright yellow flowers · leathery leaves flushed bronze-red when young","Moderate; tolerates drier soil once established","North / East / West","Humus-rich, well-drained; Shelter from cold, dry winds","No routine pruning; remove damaged old foliage if needed","","Mar-May","","","","","","","","","","","syn. Epimedium grandiflorum 'Frohnleiten'; Epimedium perralderianum 'Frohnleiten'","H6","cold hardy · dry-shade tolerant · shade tolerant","ground cover · woodland gardens · underplanting · containers","30–40 cm H × 60–80 cm W","","","10","7","8","4","48","28","","","Hardy through a very cold UK winter, withstanding -20 to -15C.","evergreen","","","",""
"0","Tawhiwhi 'Tom Thumb'","Pittosporum tenuifolium 'Tom Thumb'","285","Deep purple-black wavy leaves · lime-green new growth · compact rounded mound","Moderate; water in dry spells","East / West","Moist, well-drained; Shelter from cold, drying winds","No routine pruning; lightly shape in summer if needed","","Jan-Dec","","","","","","","","","","","syn. Pittosporum 'Tom Thumb'","H4","coastal tolerant · urban suitable · drought tolerant once established","containers · border fronts · foliage contrast · low hedging","50–100 cm H × 50–100 cm W","","","6","10","8","5","82","48","","","RHS H4; protection may be needed in colder exposed sites","evergreen","","","",""
"0","Deciduous Azalea 'Homebush'","Rhododendron 'Homebush'","335","Rounded trusses of rose-pink hose-in-hose flowers · good autumn leaf colour","Even moisture; rainwater where the tap runs hard","Any aspect","Humus-rich, acidic; Ericaceous — chalk causes chlorosis","Little needed · remove dead wood after flowering","","May-Jun","","","","","","","","","","","Homebush","H6","very hardy in acid ground · all parts harmful if eaten","woodland gardens · acid borders · spring displays","1.5-2.5m H × 1.5-2.5m W","","","9","10","14","9","50","30","All parts are harmful if eaten and can be toxic to people, pets and livestock.","","Very hardy in UK gardens, although an exposed position can damage flowers or developing buds.","deciduous","","","",""
"0","Heart-leaved houttuynia 'Pied Piper'","Houttuynia cordata 'Pied Piper'","30","Green leaves splashed red, orange and yellow · small white flower spikes","Moderate; tolerates wet soil","South / West","Moist to poorly drained; Contain rhizomes · spreads aggressively","Divide regularly to limit spread","","May-Oct","","","","","","","","","","","","H6","cold hardy · wet-soil tolerant · shade tolerant","ground cover · bog gardens · pond margins · containers","20–30 cm H × 50–100 cm W","","","16","2","11","7","75","45","","","Hardy through a very cold UK winter, withstanding -20 to -15C.","deciduous","","","",""
"0","African lily 'Ovatus'","Agapanthus 'Ovatus'","220","Rounded heads of pale-mid blue trumpets · broad evergreen strap-like foliage","Moderate; water freely in active growth","South / West","Fertile, well-drained; Sheltered · protect containers in cold winters","Remove spent flower stems; tidy old foliage as needed","","Jul-Sep","","","","","","","","","","","syn. Agapanthus umbellatus subsp. ovatus; widely sold as Agapanthus umbellatus 'Ovatus'","H4","drought tolerant once established · coastal tolerant","containers · borders · cut flowers · architectural planting","1–1.5 m H × 10–50 cm W","","","10","12","10","9","92","72","Harmful if eaten by humans, dogs and cats","","RHS H4; mulch outdoors and overwinter containers under cover in cold areas","evergreen","","","",""
"0","Hebe 'Emerald Gem'","Veronica 'Emerald Gem'","120","Tiny glossy green leaves · dense rounded mound · sparse white summer flowers","Low once established","Any aspect","Well-drained; Shelter from cold, drying winds","No routine pruning; trim lightly after flowering if needed","","Jan-Dec","","","","","","","","","","","syn. Hebe 'Emerald Gem'; 'Green Globe'; 'Emerald Green'; 'Emerald Dome'; 'McKean'; 'Milmont Emerald'","H4","drought tolerant · coastal tolerant · pollution tolerant","containers · edging · rock gardens · low hedging","30 cm H × 30–50 cm W","","","6","10","5","5","75","45","","","RHS H4; shelter improves winter reliability","evergreen","","","",""
"0","Plantain lily 'Emerald Charger'","Hosta 'Emerald Charger'","55","Golden-yellow leaves · broad dark-green margins · fragrant lavender flowers","Keep evenly moist","Any aspect","Moist, well-drained; Sheltered · avoid dry soil","Remove dead foliage in autumn or early spring","","May-Oct","","","","","","","","","","","registered by Mark Zilis in 2010; sport of Hosta 'Stained Glass'","H7","deep-shade tolerant · very cold hardy","shade borders · woodland gardens · containers · foliage contrast","50–60 cm H × 80–100 cm W","","","11","15","13","7","40","20","Toxic to dogs and cats if eaten","","Very hardy: withstands below -20C, so hardy anywhere in the UK.","deciduous","","","",""
"0","Butterfly bush 'Little Ruby'","Buddleja davidii LITTLE RUBY ('Botex 006')","345","Rich ruby-pink flower spikes · compact rounded habit · grey-green foliage","Moderate; water in prolonged dry spells","South / West","Fertile, well-drained; Sheltered · avoid waterlogging","Deadhead; prune hard to a low framework in early spring","","Jul-Oct","","","","","","","","","","","Butterfly Candy Series; trade name LITTLE RUBY; cultivar code 'Botex 006'","H6","cold hardy · drought tolerant once established","containers · small gardens · borders · pollinators","80 cm H × 80 cm W","","","14","12","8","5","94","68","","PBR protected · commercial propagation restricted","RHS H6; breeder reports hardiness to about -18°C","deciduous","","","",""
"0","Clematis 'Josephine'","Clematis JOSEPHINE ('Evijohill')","325","Large pink-mauve rosette flowers · creamy-green outer sepals · layered centres","Keep evenly moist in active growth","South / West","Moist, well-drained; Sheltered · keep roots cool","Group 2; lightly prune to strong buds in early spring","","Jun-Sep","","","","","","","","","","","trade name JOSEPHINE; cultivar code 'Evijohill'; Early Large-flowered Group","H6","cold hardy","walls · trellis · containers · flowering screens","1.5–2.5 m H × 1–1.5 m W","","","14","13","12","10","90","60","Skin irritant · harmful to rabbits if eaten","","Hardy through a very cold UK winter, withstanding -20 to -15C.","deciduous","","","",""
"0","Cobweb houseleek","Sempervivum arachnoideum","0","Tiny green-red rosettes · dense white cobweb hairs · starry pink summer flowers","Low; allow soil to dry between watering","Any aspect","Poor, sharply drained; Avoid winter wet","No routine pruning","","Jan-Dec","","","","","","","","","","","","H7","very cold hardy · drought tolerant · exposed-site tolerant","rock gardens · troughs · containers · ground cover","10 cm H × 10–50 cm W","","","8","6","2","3","96","80","","","Very hardy: withstands below -20C, so hardy anywhere in the UK.","evergreen","","","",""
"0","Forsythia 'Lynwood Variety'","Forsythia × intermedia 'Lynwood Variety'","55","Vigorous upright deciduous shrub smothered in large bright yellow flowers on bare stems in early spring.","Water while establishing; reasonably drought tolerant thereafter.","East / South / West","Any, moist but drained; Shade costs you the flowers","Prune immediately after flowering, removing some old stems to encourage strong replacement growth.","","Feb-Mar","","","","","","","","","","","'Lynwood Variety'","H6","Very robust and adaptable.","Shrub borders, informal hedging and spring displays.","1.5–2.5 m H × 1.5–2.5 m W","","","16","3","7","5","75","40","","","Hardy throughout the UK.","Deciduous; narrow ovate green leaves.","","","",""
"0","Deutzia 'Magicien'","Deutzia × hybrida 'Magicien'","335","Showy pink-and-white flowers · matt-green leaves · upright bushy habit","Moderate; water in dry spells","East / South / West","Moist, well-drained","Prune lightly after flowering if needed","","May-Jun","","","","","","","","","","","syn. Deutzia 'Magicien'; Deutzia 'Magician'; Lemoine introduction","H5","cold hardy · exposed-site tolerant","shrub borders · cottage gardens · banks · flowering specimen","1–1.5 m H × 1–1.5 m W","","","10","5","10","4","88","65","","","Hardy through a cold UK winter, withstanding -15 to -10C.","deciduous","","","",""
"0","Cucumber tree","Magnolia acuminata","55","Green-yellow flowers · cucumber-like fruit turning red · yellow autumn foliage","Moderate; water in prolonged dry spells","East / South / West","Moist, well-drained; Sheltered · avoid prolonged drought","Minimal; prune only if needed in midsummer","","May-Oct","","","","","","","","","","","","H6","cold hardy · part-shade tolerant","specimen · parkland · shade tree · wildlife gardens","15–30 m H × 10–18 m W","","","10","9","11","5","82","52","","","Hardy through a very cold UK winter, withstanding -20 to -15C.","deciduous","","","",""
"0","Hebe 'Rhubarb Crumble'","Veronica 'Rhubarb Crumble'","340","Pink-burgundy new growth · cream-green variegation · soft lilac summer flowers","Moderate; water in dry spells","South / West","Moist, well-drained; Shelter from severe frost and cold winds","Trim lightly after flowering to maintain shape","","Jan-Dec","","","","","","","","","","","Bella Bloom collection; widely sold as Hebe 'Rhubarb Crumble'","H3","coastal tolerant · drought tolerant once established","containers · border fronts · coastal gardens · pollinators","60–70 cm H × 60–70 cm W","","","9","9","7","6","82","50","","","Exact trade material rates it H3; protect from severe frost","evergreen","","","",""
"0","Rhododendron 'Hoppy'","Rhododendron 'Hoppy'","285","Frilled pale-lilac flowers fading white · yellow spotting · compact dark foliage","Keep evenly moist","North / East / West","Acid, moist, well-drained; Acid soil · shelter from cold winds","No routine pruning; lightly shape after flowering if needed","","May-Jun","","","","","","","","","","","yakushimanum hybrid; parentage (R. yakushimanum × 'Doncaster') selfed","H5","part-shade tolerant · cold hardy","containers · small gardens · shrub borders · edging","10–50 cm H × 50–100 cm W","","","8","13","11","8","50","32","Harmful if eaten","","Hardy through a cold UK winter, withstanding -15 to -10C.","evergreen","","","",""
"0","Lupin 'The Governor'","Lupinus 'The Governor' (Band of Nobles Series)","235","Upright herbaceous perennial with palmate foliage and tall blue-and-white bicoloured flower spikes.","Keep moderately moist during growth.","South / West","Fertile, drained, acidic; Slugs and aphids; dislikes lime","Deadhead promptly to encourage repeat flowering; cut old growth down after dieback.","","Jun-Jun","","","","","","","","","","","'The Governor' (Band of Nobles Series)","H5","Cold hardy but vulnerable to slugs, snails and aphids.","Cottage gardens, herbaceous borders and cut flowers.","0.5–1 m H × 0.5–1 m W","","","15","13","10","8","90","70","Seeds and other plant parts may be harmful if eaten.","","Hardy in most UK locations.","Herbaceous; palmate green leaves.","","","",""
"0","Persian ironwood 'Bella'","Parrotia persica 'Bella'","0","Red-purple spring flush · glossy green leaves · wine-red-purple autumn colour","Moderate; water while establishing","Any aspect","Moist, well-drained","No routine pruning; remove damaged growth when dormant","","Sep-Nov","","","","","","","","","","","","H6","cold hardy · drought tolerant · wind tolerant · urban suitable","specimen · autumn colour · woodland gardens · architectural planting","6–10 m H × 4–6 m W","","","9","4","7","3","82","50","","","Hardy through a very cold UK winter, withstanding -20 to -15C.","deciduous","","","",""
"0","Kara Tau garlic 'Red Giant'","Allium karataviense 'Red Giant'","345","Purplish-red flower globes · broad glaucous leaves flushed purple-red","Low; water during prolonged dry spells","South / West","Fertile, well-drained; Avoid winter wet","Remove old flower stems and foliage after they die back","","Jun-Jul","","","","","","","","","","","syn. Allium 'Red Giant Star'","H5","drought tolerant once established","containers · gravel gardens · border fronts · pollinators","20–25 cm H × 20–30 cm W","","","8","10","6","4","94","78","Toxic to pets if eaten","","Hardy through a cold UK winter, withstanding -15 to -10C.","deciduous","","","",""
"0","Japanese maple 'Firecracker'","Acer palmatum 'Firecracker'","350","Finely dissected purple-red leaves · vivid scarlet-orange autumn colour","Moderate; water in dry spells","East / South / West","Moist, well-drained; Sheltered · avoid hot, dry exposure","Prune only if needed from late autumn to midwinter","","Apr-Nov","","","","","","","","","","","syn. Acer amoenum 'Firecracker'; Dissectum Group","H6","cold hardy · part-shade tolerant · urban suitable","specimen · containers · courtyards · autumn colour","2.5–4 m H × 2.5–4 m W","","","6","10","10","7","58","40","","","Hardy through a very cold UK winter, withstanding -20 to -15C.","deciduous","","","",""
"0","Dwarf mountain pine","Pinus mugo","120","Dense dark-green paired needles · spreading bushy habit · brown ovoid cones","Low once established","Any aspect","Well-drained; Avoid waterlogging","No routine pruning","","Jan-Dec","","","","","","","","","","","syn. Pinus montana","H7","very cold hardy · drought tolerant · coastal tolerant · wind tolerant","specimen · slopes · coastal gardens · large rock gardens","2.5–4 m H × 4–8 m W","","","6","9","5","3","95","75","","","Very hardy: withstands below -20C, so hardy anywhere in the UK.","evergreen","","","",""
"0","Jelly palm","Butia capitata","180","Arching blue-grey feathered fronds · stout trunk · edible orange-yellow fruit","Moderate; water freely in summer","East / South / West","Moist, well-drained; Sheltered · avoid waterlogging","No routine pruning; remove dead lower fronds only","","Jan-Dec","","","","","","","","","","","syn. Butia bonnetii; Cocos capitata","H3","drought tolerant · coastal suitable","specimen · architectural planting · coastal gardens · large containers","4–8 m H × 1.5–2.5 m W","","","6","6","8","10","95","78","","","RHS H3; established plants may tolerate about -10°C in ideal sheltered sites","evergreen","","","",""
"0","Mexican fleabane 'Profusion'","Erigeron karvinskianus 'Profusion'","345","White daisies ageing pink-purple · yellow centres · wiry spreading stems","Low once established","East / South / West","Poor, well-drained; Avoid winter wet","Cut back to new basal shoots in early spring","","May-Nov","","","","","","","","","","","syn. Erigeron 'Profusion'; Erigeron karvinskianus 'Bluetenmeer'","H5","drought tolerant · coastal tolerant · urban suitable","rock gardens · walls · edging · containers","15–30 cm H × 50–100 cm W","","","12","3","4","3","92","58","","","Hardy through a cold UK winter, withstanding -15 to -10C.","semi-evergreen","","","",""
"0","Heavenly Blue","Lithodora diffusa 'Heavenly Blue'","215","Intense gentian-blue flowers · narrow dark-green evergreen leaves · trailing habit","Moderate; water in dry spells","South / West","Acid, sharply drained; Avoid alkaline soil · avoid winter wet","Trim lightly after flowering to maintain shape","","Apr-Jul","","","","","","","","","","","","H5","drought tolerant once established · coastal tolerant","rock gardens · containers · edging · walls","10–15 cm H × 30–50 cm W","","","8","5","6","6","90","68","","","Hardy through a cold UK winter, withstanding -15 to -10C.","evergreen","","","",""
"0","Moroccan daisy 'Zagora Yellow'","Rhodanthemum hosmariense 'Zagora Yellow'","55","Yellow daisies, some opening white · dark centres · finely divided silvery-grey foliage","Low once established","South / West","Poor, sharply drained; Avoid winter wet","Deadhead regularly; cut back lightly after flowering","","May-Sep","","","","","","","","","","","Zagora Series; Zagora® Yellow","H4","drought tolerant · coastal tolerant · heat tolerant","rock gardens · containers · borders · pollinators","20–30 cm H × 30–40 cm W","","","10","3","4","4","95","72","","","RHS H4","evergreen","","","",""
"0","Swiss cheese plant","Monstera deliciosa","120","Large glossy green leaves · deep splits and holes · aerial-rooted climbing habit","Water when compost begins to dry","South","Moist, well-drained; Avoid direct summer sun · avoid waterlogging","Prune to control size; remove damaged leaves","","Jan-Dec","","","","","","","","","","","syn. Philodendron pertusum","H1b","shade tolerant · humidity tolerant","houseplants · conservatories · indoor specimens · tropical displays","4–8 m H × 1.5–2.5 m W","","","15","8","11","6","55","30","Harmful if eaten · skin and eye irritant","","RHS H1B; grow indoors or under glass at 10–15°C minimum","evergreen","","","",""
"0","Aloe vera","Aloe vera","120","Fleshy grey-green rosettes · pale spots on young leaves · toothed margins","Water when compost dries","South / West","Poor, sharply drained; Avoid wet compost · protect from frost","Remove dead or damaged leaves at the base","","Jun-Sep","","","","","","","","","","","syn. Aloe vera var. chinensis; Aloe chinensis; Aloe barbadensis var. chinensis","H1b","drought tolerant · heat tolerant","houseplants · conservatories · sunny windowsills · containers","50–100 cm H × 50–100 cm W","","","8","8","2","3","90","60","Harmful if eaten","","RHS H1b; cannot tolerate freezing temperatures","evergreen","","","",""
"0","Lacecap hydrangea 'Zorro'","Hydrangea macrophylla 'Zorro'","220","Ultramarine-blue lacecaps · deep purple-black stems · dark-green leaves","Keep evenly moist","North / East / West","Moist, well-drained; Avoid dry soil · shelter from cold winds","Prune Group 4; remove faded flowers and oldest stems in spring","","Jun-Sep","","","","","","","","","","","branch sport of 'Blaumeise'; Royalty Collection","H5","part-shade tolerant · urban suitable","containers · shrub borders · cut flowers · woodland gardens","1–1.5 m H × 1–1.5 m W","","","12","11","14","7","58","35","Skin allergen · harmful if eaten by dogs and cats","PBR protected · commercial propagation restricted","RHS H5; flowers can be affected by late frosts","deciduous","","","",""
"0","Japanese blood grass 'Red Baron'","Imperata cylindrica 'Rubra'","0","Green blades flushed deep crimson · silvery flower panicles in late summer","Moderate; keep moist while establishing","East / South / West","Moist, well-drained; Avoid winter waterlogging","Cut back dead foliage in spring","","Jun-Oct","","","","","","","","","","","syn. Imperata cylindrica 'Red Baron'; Imperata 'Red Baron'","H4","cold hardy · urban suitable","borders · containers · ground cover · foliage contrast","40–50 cm H × 30–50 cm W","","","8","2","10","4","90","55","","","May need winter protection in colder areas","deciduous","","","",""
"0","Wormwood 'Powis Castle'","Artemisia 'Powis Castle'","0","Finely divided silvery-grey foliage · dense rounded habit · aromatic leaves","Low once established","East / South / West","Poor, well-drained; Avoid winter wet","Cut back to lowest new shoots in mid to late spring","","Jan-Dec","","","","","","","","","","","syn. Artemisia arborescens 'Powis Castle'; Artemisia arborescens 'Brass Band'","H3","drought tolerant · exposed-site tolerant · heat tolerant","gravel gardens · borders · containers · foliage contrast","50–60 cm H × 60–90 cm W","","","9","5","3","4","95","75","","","RHS H3; some UK growers rate established plants H4 in sheltered sites","evergreen","","","",""
"0","Gaura 'Rosy Jane'","Oenothera lindheimeri 'Rosy Jane'","335","White flowers with vivid pink picotee edges · dark-pink buds · purple-flecked foliage","Moderate; water in dry spells","East / South / West","Moist, well-drained; Avoid winter wet","Remove spent flowering stalks; cut back in early spring","","May-Oct","","","","","","","","","","","trade name Rosy Jane; cultivar code 'Harrosy'","H4","drought tolerant once established · wind tolerant · urban suitable","borders · containers · prairie planting · wildlife gardens","50–100 cm H × 40–60 cm W","","","13","3","9","4","95","68","","PBR protected · commercial propagation restricted","RHS H4; hardy through most of the UK","deciduous","","","",""
"0","Button bush 'Fiber Optics'","Cephalanthus occidentalis 'Bailoptics'","48","Creamy-white spherical flowers · glossy green leaves · coppery autumn colour","Keep evenly moist; tolerates flooding","East / South / West","Moist to wet; Avoid prolonged dry soil","Cut back hard in early spring if required","","Jul-Sep","","","","","","","","","","","trade name Fiber Optics; First Editions Series; cultivar code 'Bailoptics'","H6","wet-soil tolerant · flood tolerant · pollinator friendly","pond margins · rain gardens · wet borders · wildlife gardens","1.5–2 m H × 1.5–2 m W","","","10","3","15","5","82","48","","PBR protected · commercial propagation restricted","H6 · approximately −20 to −15°C","deciduous","","","",""
"0","Chaste tree 'Delta Blues'","Vitex agnus-castus 'Piivac-I'","225","Dense deep violet-blue flower panicles · aromatic blue-green foliage","Low once established","South / West","Poor, well-drained; Shelter from cold winds · avoid winter wet","Prune hard in early spring; deadhead to encourage repeat flowering","","Jun-Oct","","","","","","","","","","","trade name Delta Blues; First Editions Series; cultivar code 'Piivac-I'","H5","drought tolerant · heat tolerant · coastal tolerant","specimen · wildlife gardens · shrub borders · informal hedging","2.5–3 m H × 2.5–3 m W","","","16","7","5","5","96","78","","","H5 inferred from reported USDA zone 6 tolerance","deciduous","","","",""
"0","Chaste tree 'Flip Side'","Vitex × 'Bailtexone'","225","Deep lavender-blue flower panicles · olive-green leaves with purple undersides","Low once established","South / West","Poor, well-drained; Shelter from cold winds · avoid winter wet","Prune in early spring; deadhead to encourage repeat flowering","","Jul-Sep","","","","","","","","","","","trade name Flip Side; First Editions Series; cultivar code 'Bailtexone'; hybrid of Vitex trifolia 'Purpurea' × V. agnus-castus","H5","drought tolerant · heat tolerant · coastal tolerant","specimen · shrub borders · wildlife gardens · informal hedging","2–2.5 m H × 2–3 m W","","","15","7","5","5","96","78","","","H5 inferred from reported USDA zone 7 tolerance","deciduous","","","",""
"0","Eupatorium 'Pink Frost'","Eupatorium japonicum 'Pink Frost'","335","Cream-white variegated leaves · pink-flushed young growth · flat pink flower heads","Keep evenly moist","East / South / West","Moist, well-drained; Do not allow soil to dry out","Cut back at the end of the season","","Jul-Sep","","","","","","","","","","","RHS: Eupatorium fortunei 'Pink Frost'; Kew synonymises E. fortunei with E. japonicum","H5","part-shade tolerant · exposed-site tolerant","cottage gardens · prairie planting · wildlife gardens · containers","1–1.5 m H × 0.5–1 m W","","","11","7","13","5","68","40","","","RHS H5","deciduous","","","",""
"0","Perennial Wallflower 'Bowles's Mauve'","Erysimum 'Bowles’s Mauve'","285","Grey-green mound topped by purple-mauve spires from spring to late autumn","Water while young, then keep it on the dry side","South / West","Well-drained chalk or sand; Wet winter ground shortens its life","Trim lightly between flushes · never cut into old bare wood","","Mar-Nov","","","","","","","","","","","Bowles’s Mauve","H4","immensely floriferous but short-lived · take cuttings to replace it","pollinators · gravel gardens · sunny borders · containers","0.5-1m H × 0.5-1m W","","","10","6","6","7","100","85","Potentially harmful if eaten; grow as an ornamental rather than an edible plant.","","Generally hardy in well-drained UK gardens but severe cold and winter wet can shorten its life.","evergreen","","","",""
"0","Japanese cedar 'Serama'","Cryptomeria japonica Serama ('FM5')","120","Compact green conifer · fasciated, contorted branches · dense pyramidal habit","Moderate; keep moist while establishing","East / South / West","Moist, well-drained; Sheltered · avoid waterlogging","No routine pruning","","Jan-Dec","","","","","","","","","","","trade name Serama; cultivar denomination 'FM5'","H6","cold hardy · urban suitable","containers · small gardens · rock gardens · specimen","50–60 cm H × 40–60 cm W","","","7","3","10","4","82","55","","PBR protected · commercial propagation restricted","RHS does not publish an individual hardiness rating; H6 inferred from the species and breeder's very frost-hardy description","evergreen","","","",""
"0","Japanese snowbell 'Evening Light'","Styrax japonicus 'Evening Light'","275","Deep purple young foliage · white bell-shaped flowers · dark red calyces","Keep evenly moist","South / West","Moist, well-drained; Acid to neutral soil · shelter from cold winds","Pruning Group 1; prune only if needed after flowering","","May-Jul","","","","","","","","","","","","H5","part-shade tolerant · urban suitable","specimen · city gardens · courtyards · cottage gardens","2.5–4 m H × 2.5–4 m W","","","7","3","11","5","82","52","","PBR protected · commercial propagation restricted","RHS H5; foliage colour is strongest in full sun","deciduous","","","",""
"0","Korean pine 'Jack Corbit'","Pinus koraiensis 'Jack Corbit'","180","Long soft blue-green needles · subtle yellow banding · compact pyramidal habit","Moderate; water while establishing","East / South / West","Moist, well-drained; Avoid prolonged waterlogging","No routine pruning","","Jan-Dec","","","","","","","","","","","syn. 'Jack Korbit'; also 'Jack Corbett' and 'Jack Korbett'","H7","cold hardy · drought tolerant · part-shade tolerant","specimen · containers · small gardens · conifer collections","1.8–3 m H × 1–2 m W","","","6","9","8","4","82","50","","","Very cold hardy; specialist sources report USDA zone 3","evergreen","","","",""
"0","Atlas cedar 'Horstmann's Silberspitz'","Cedrus atlantica (Glauca Group) 'Horstmann’s Silberspitz'","180","Blue-green needles · creamy-white new tips · young shoots turn burnished yellow","Moderate; water while establishing","South / West","Moist, well-drained; Shelter from strong winds · avoid waterlogging","No routine pruning","","Jun-Dec","","","","","","","","","","","syn. Cedrus atlantica (Glauca Group) 'Silberspitz'; Cedrus atlantica 'Silberspitz'","H6","cold hardy · drought tolerant once established · urban suitable","specimen · conifer gardens · large containers · architectural planting","2.5–4 m H × 1.5 m W","","","10","5","7","4","90","65","","","RHS H6","evergreen","","","",""
"0","Burnet 'Pink Brushes'","Sanguisorba 'Pink Brushes'","335","Powder-pink nodding bottlebrushes · finely cut green foliage · airy upright stems","Keep evenly moist","East / South / West","Moist, well-drained; Do not allow soil to dry out","Cut back in late winter; remove faded flower stems","","Jul-Sep","","","","","","","","","","","hybrid; sometimes listed as Sanguisorba × hakusanensis 'Pink Brushes'","H7","cold hardy · wet-soil tolerant · pollinator friendly","prairie planting · pond margins · wildlife gardens · cut flowers","1–1.2 m H × 50–60 cm W","","","13","2","14","4","82","48","","","RHS H7; hardy in the severest European continental climates","deciduous","","","",""
"0","Sessile fairy bells 'Variegatum'","Disporum sessile 'Variegatum'","120","Arching stems · pointed leaves with fine white stripes · hanging green-white bells","Keep evenly moist","North / East / West","Moist, well-drained; Sheltered · avoid prolonged dry soil","No pruning required","","May-Jun","","","","","","","","","","","","H6","shade tolerant · cold hardy","woodland gardens · ground cover · shrub underplanting · cottage gardens","30–45 cm H × 50–100 cm W","","","8","7","12","4","42","20","","","Hardy through a very cold UK winter, withstanding -20 to -15C.","deciduous","","","",""
"0","Hybrid Christmas rose 'Winter Moonbeam'","Helleborus × ericsmithii 'Winter Moonbeam'","0","White outward-facing flowers ageing pink-red · silver-veined dark foliage","Keep evenly moist","Any aspect","Moist, well-drained; Shelter from strong cold winds","Remove faded or damaged foliage as flowers appear","","Dec-Apr","","","","","","","","","","","syn. Helleborus 'Winter Moonbeam'","H5","cold hardy · shade tolerant · exposed-site tolerant","woodland gardens · containers · winter borders · wildlife gardens","25–35 cm H × 40–45 cm W","","","7","11","12","5","48","28","Harmful if eaten · skin irritant","PBR protected · commercial propagation restricted","Hardy through a cold UK winter, withstanding -15 to -10C.","evergreen","","","",""
"0","Evening primrose 'Sulphurea'","Oenothera stricta 'Sulphurea'","55","Bronzy-green leaves · red buds and stems · lemon-yellow flowers fading peach","Low; water during prolonged dry spells","South/West","Poor to moderate, well-drained; Avoid heavy, wet soils","Cut back after flowering","","Jun-Oct","","","","","","","","","","","syn. Oenothera odorata 'Sulphurea'; Oenothera odorata 'Cream'","H5","drought tolerant · coastal tolerant · heat tolerant","gravel gardens · cottage gardens · wildflower meadows · flower borders","60–90 cm H × 30–45 cm W","","","12","6","4","5","95","80","","","RHS H5","deciduous","","","",""
"0","Pearl Bush 'The Bride'","Exochorda × macrantha","0","Arching branches · pale green oblong leaves · masses of pure white papery five-petalled flowers in short racemes","Keep moist, never waterlogged","Any aspect","Any, well-drained; Avoid waterlogged ground","Group 2: prune after flowering, removing older flowered wood","","Apr-May","","","","","","","","","","","'The Bride'","H6","robust once established · generally pest-free · low maintenance","spring borders · mixed borders · cottage gardens · specimen planting · large containers","1.5–2.5 m H × 1.5–2.5 m W","","","13","3","11","6","75","45","","","Fully hardy in the UK; RHS H6, to about -20 to -15°C","deciduous","","","",""
"0","Swiss cheese plant 'Thai Constellation'","Monstera deliciosa 'Thai Constellation'","120","Large glossy split leaves · irregular cream and yellow-white variegation · speckled like stars","Keep moist, not waterlogged","East / West","Houseplant compost; No cold or harsh sun · needs good light","Remove damaged leaves at the base; cut aerial roots only where necessary","","Jan-Dec","","","","","","","","","","","","H1c","easy indoors when warm, humid and well lit · intolerant of frost","houseplant · conservatory · heated greenhouse · tropical indoor displays","1.5–2.5 m H × 1–1.5 m W","","","13","9","13","11","55","30","Harmful if eaten · calcium oxalate irritates mouth and gut","","Tender tropical; indoors or heated protection in the UK","evergreen","","","",""
"0","Shrubby scorpion vetch","Coronilla emerus","55","Rounded shrub · arching branches · small pinnate leaves · bright yellow pea flowers","Keep moist, not waterlogged","East / South / West","Any, well-drained; Avoid permanently wet ground","Prune after flowering to shape; remove old or damaged wood","","Apr-Aug","","","","","","","","","","","syn. Hippocrepis emerus","H6","adaptable · reasonable drought tolerance once established","shrub borders · banks · wildlife planting · cottage gardens · informal hedging","1–1.5 m H × 1–1.5 m W","","","13","4","8","6","75","45","All parts may be harmful if eaten","","Hardy in most UK gardens","deciduous","","","",""
"0","Crab Apple 'Veitch’s Scarlet'","Malus 'Veitch’s Scarlet'","5","Spring blossom · small scarlet-red crab apples · bronze-flushed young leaves","Keep moist, not waterlogged","East / South / West","Any, moderately fertile; Avoid very dry and waterlogged ground","Pruning group 1; remove dead, damaged or crossing branches after flowering","","Apr-Oct","","","","","","","","","","","","H6","robust · adaptable · tolerates urban conditions","specimen tree · wildlife garden · cottage garden · small garden · ornamental fruit","2.5–4 m H × 2.5–4 m W","","","12","9","10","7","85","55","","","Hardy throughout most of the UK","deciduous","","","",""
"0","Monterey cypress 'Goldcrest'","Cupressus macrocarpa 'Goldcrest'","55","Narrow upright column · dense feathery golden-yellow foliage · lemon scent when crushed","Keep moist, not waterlogged","South / West","Any, well-drained; Avoid waterlogging · huge if left unchecked","Trim lightly in late spring or summer; never cut into old brown wood","","Jan-Dec","","","","","","","","","","","","H5","fast growing · coastal tolerant once established","hedging · screening · specimen · containers · formal gardens","2.5–4 m H × 1–1.5 m W","","","18","6","9","7","90","60","","","Reasonably hardy; wind scorch and frost damage on exposed cold sites","evergreen","","","",""
"0","Deodar cedar","Cedrus deodara","120","Soft blue-green to green needles in clusters · sweeping branches · drooping leader and tips","Keep moist, not waterlogged","South / West","Any, well-drained; Needs space · avoid wet or exposed sites","Little needed; remove dead, damaged or crossing branches in late summer","","Jan-Dec","","","","","","","","","","","","H6","robust once established · tolerates a range of well-drained soils","large gardens · specimen · parks · large landscape schemes","4 m+ H × 4 m+ W","","","14","5","9","6","90","60","","","Hardy in much of the UK; young plants can be damaged in severe exposure","evergreen","","","",""
"0","Nemesia 'Confetti'","Nemesia 'Confetti'","270","Masses of small snapdragon-like flowers · lilac with a yellow throat · fresh green mound","Keep moist, not waterlogged","East / South / West","Fertile, humus-rich; Never let it dry out · avoid waterlogging","Deadhead regularly; trim lightly if plants become untidy","","Apr-Oct","","","","","","","","","","","","H3","fast flowering · frost sensitive · dislikes drought","bedding · containers · window boxes · baskets · borders","0.1–0.5 m H × 0.1–0.5 m W","","","18","7","15","9","75","45","","","Grown as a tender annual in the UK","evergreen","","","",""
"0","Modiolastrum lateritium","Modiolastrum lateritium","15","Lobed scalloped leaves · red-edged margins · brick-red mallow flowers","Keep moist, not waterlogged","South / West","Fertile, well-drained; Protect from hard frost · avoid wet soil","Prune lightly after flowering; remove weak or damaged growth","","Jun-Aug","","","","","","","","","","","syn. Malvastrum lateritium","H3","needs a warm sheltered spot · frost tender","conservatory · greenhouse · sheltered patio · warm-climate containers","1.5–2.5 m H × 1–1.5 m W","","","14","6","12","14","80","55","","","Tender in the UK; frost protection or overwinter indoors","evergreen","","","",""
"0","Juniper 'Blue Arrow'","Juniperus virginiana 'Blue Arrow'","190","Very narrow upright column · dense blue-green scale-like foliage · architectural habit","Water until established; then little","South / West","Any, well-drained; Avoid wet soil · best colour in full sun","Little needed; remove damaged or unwanted shoots in late winter","","Jan-Dec","","","","","","","","","","","","H7","drought tolerant once established · exposed-site tolerant · very hardy","formal gardens · narrow borders · screening · architectural planting · containers · specimen","2.5–4 m H × 0.5–1 m W","","","11","4","6","4","90","60","","","Very hardy; suits exposed UK sites once established","evergreen","","","",""
"0","English shrub rose 'Summer Song'","Rosa 'Summer Song' ('Austango')","20","Vibrant coppery orange-red cups · densely petalled blooms · strong Tea fragrance","Keep evenly moist; water in dry spells","East / South / West","Moist, well-drained; Avoid prolonged drought or waterlogging","Pruning Group 21; prune in late winter","","Jun-Oct","","","","","","","","","","","trade name Summer Song; breeder denomination 'Austango'","H6","cold hardy · urban suitable","shrub borders · cottage gardens · cut flowers · containers","1.2–1.5 m H × 0.5–1 m W","","","10","12","11","9","95","72","Rose hips ornamental · not to be eaten · wear gloves when handling","PBR protected · commercial propagation restricted","RHS H6; hardy throughout the UK and northern Europe","deciduous","","","",""
"0","False acacia 'Lace Lady'","Robinia pseudoacacia 'Lace Lady'","120","Twisted zig-zag stems · curly green leaflets · yellow autumn colour","Moderate; water in dry spells","Any aspect","Moist, well-drained; Avoid waterlogging","Prune in late summer or early autumn; remove suckers","","May-Oct","","","","","","","","","","","syn. Robinia 'Twisty Baby'; Robinia pseudoacacia 'Twisty Baby'; trade name Twisty Baby","H6","drought tolerant · pollution tolerant · urban suitable","specimen · patio containers · city gardens · architectural planting","2.5–4 m H × 2.5–4 m W","","","5","6","6","6","82","50","Harmful if eaten · skin irritant","PBR protected · commercial propagation restricted","RHS H6","deciduous","","","",""
"0","Omei Mountain Balsam","Impatiens omeiana","55","Large elongated dark green leaves with pale silver veins · upright stems · small pale yellow flowers","Keep evenly damp","North / East / West","Moist, fertile, humus-rich; Never let it dry out · shelter from sun","Cut old stems to ground level after flowering or when foliage dies back","","Aug-Oct","","","","","","","","","","","","H5","cold hardy · spreads by rhizomes · needs cool, moist shade","woodland gardens · shady borders · underplanting · damp shade","0.5–1 m H × 0.5–1 m W","","","13","6","17","8","30","10","","","Hardy in much of the UK in a sheltered, moist position","deciduous","","","",""
"0","Cape mallow 'Candy Apple'","Anisodontea capensis 'Ib201-7'","0","Large deep-red flowers · crimson veining · dark central eye · soft grey-green foliage","Moderate; water in dry spells","South / West","Free-draining; Sheltered · avoid winter wet","Tip-prune young plants to encourage bushiness","","May-Dec","","","","","","","","","","","trade name CARNIVAL LIGHTS CANDY APPLE; Carnival Lights Series; cultivar code 'Ib201-7'","H3","heat tolerant · drought tolerant once established","containers · patios · borders · pollinators","80–100 cm H × 40–60 cm W","","","13","7","8","5","95","65","","","RHS H3; hardy to around -5°C in sheltered conditions","semi-evergreen","","","",""
"0","White-flowered ivy-leaved cyclamen","Cyclamen hederifolium var. hederifolium f. albiflorum","0","Pure white reflexed flowers · ivy-shaped silver-marbled leaves · autumn flowering","Moderate; allow soil to dry slightly","North / East / West","Well-drained; Avoid summer waterlogging","Remove old foliage as it dies back in summer","","Sep-Nov","","","","","","","","","","","syn. Cyclamen hederifolium 'Album'; Cyclamen hederifolium alba; Cyclamen hederifolium f. album","H5","drought tolerant once established · cold hardy · shade tolerant","woodland gardens · underplanting · rock gardens · naturalising","To 10 cm H × 15–30 cm W","","","7","6","5","4","38","18","","","Hardy through a cold UK winter, withstanding -15 to -10C.","deciduous","","","",""
"0","Decorative dahlia 'Kelvin Floodlight'","Dahlia 'Kelvin Floodlight'","55","Huge bright-yellow double blooms · broad petals · upright dark-green foliage","Keep evenly moist; water freely in dry spells","South / West","Fertile, moist, well-drained; Avoid waterlogging · shelter from strong winds","Deadhead regularly; cut back after frost and lift tubers","","Jul-Oct","","","","","","","","","","","","H3","urban suitable · heat tolerant","cut flowers · borders · containers · cottage gardens","1–1.5 m H × 50–100 cm W","","","15","12","13","9","95","70","","","RHS H3; lift and store tubers over winter","deciduous","","","",""
"0","Cape figwort 'Trewidden Pink'","Phygelius aequalis 'Trewidden Pink'","335","Dusky-pink tubular flowers · creamy-yellow throats · dark-green toothed leaves","Keep evenly moist","East / South / West","Moist, well-drained; Shelter from cold winds · protect in severe winters","Cut back to the base in late spring","","Jun-Oct","","","","","","","","","","","syn. Phygelius × rectus 'Trewidden Pink'; Phygelius 'Trewidden Pink'","H5","cold hardy · coastal tolerant · pollinator friendly","flower borders · containers · cottage gardens · wall-side borders","50–100 cm H × 50–100 cm W","","","13","7","12","5","82","48","","","RHS H5","semi-evergreen","","","",""
"0","Porcupine tomato","Solanum pyracanthos","0","Grey-green lobed leaves · vivid orange spines · purple star-shaped flowers · red fruits","Moderate; water freely during growth","South / West","Moist, well-drained; Sheltered · protect from frost","Restrictive pruning if grown under glass","","Jun-Oct","","","","","","","","","","","","H2","drought tolerant · heat tolerant","containers · conservatories · subtropical planting · summer bedding","1–1.5 m H × 0.5–1 m W","","","14","8","10","8","95","72","Inedible fruits · harmful if eaten","","RHS H2; grow outdoors only during summer and overwinter frost-free","evergreen","","","",""
"0","White Lips Bear's Breeches","Acanthus hungaricus","275","Clump-forming perennial with glossy, deeply cut dark-green leaves and tall spiny flower spikes bearing white flowers with purple hoods.","Moist but well-drained","Any aspect","Fertile, well-drained; Avoid waterlogging · spreads, hard to remove","Cut spent flower stems to the base after flowering; remove old foliage in spring.","","Jun-Aug","","","","","","","","","","","'White Lips'","H4","Drought tolerant once established; robust perennial.","Architectural border plant, cottage garden, specimen planting, pollinator planting and cut flower.","0.5-1m H × 0.5-1m W","","","17","7","11","8","65","45","","","Fully hardy in most of the UK; RHS rates H4 (-10 to -5°C).","Dark green, deeply cut; deciduous to semi-evergreen depending on conditions.","","","",""
"0","Tropical Summer Trumpet Creeper","Campsis grandiflora","25","Deciduous climbing vine with pinnate dark-green foliage and terminal clusters of bright orange trumpet-shaped flowers.","Moist but well-drained","South / West","Moist, well-drained; Warm sunny wall · poor in cold or shade","Pruning group 12; prune in late winter or early spring.","","Aug-Oct","","","","","","","","","","","'Tropical Summer'","H4","Drought tolerant once established; reasonably hardy when given a warm sheltered position.","Warm wall, climber, Mediterranean or sub-tropical planting and wildlife garden.","1.5-2.5m H × 1-1.5m W","","","15","6","10","10","90","75","","","RHS rates H4 (-10 to -5°C); best grown against a warm, sunny wall.","Deciduous; mid to dark green leaves divided into 7-9 leaflets.","","","",""
"0","Sweet Woodruff","Galium odoratum","120","Mat-forming perennial with whorls of bright green, lance-shaped leaves and clusters of small white star-shaped flowers; foliage develops a distinctive sweet hay-like scent when dried.","Moist but well-drained","North / East / West","Any moist soil; Scorches in dry sun · spreads by rhizomes","Cut back after flowering if required; remove untidy or damaged growth to maintain a neat groundcover.","","May-Jun","","","","","","","","","","","","H7","Generally robust and disease-free; tolerates some drought once established but performs best in moist woodland-type conditions.","Ground cover, woodland planting, underplanting, cottage gardens, wildlife gardens, banks and slopes.","0.1-0.5m H × 1-1.5m W","","","17","2","14","5","35","15","","","Very hardy in the UK; RHS rates it H7, hardy below -20°C.","Deciduous; bright green, lance-shaped leaves arranged in whorls, pleasantly hay-scented when dried.","","","",""
"0","Daphne 'Pink Fragrance'","Daphne × transatlantica PINK FRAGRANCE ('Blapink')","340","Sweetly scented pink flowers flushed white · deep pink buds · repeats spring to autumn","Evenly damp; never let it dry out at the root","Any aspect","Humus-rich, well-drained but not dry; Shelter from cold drying winds · resents root disturbance","Barely prune · light tidy after a flush if it is needed at all","","Apr-Oct","","","","","","","","","","","trade name PINK FRAGRANCE; cultivar 'Blapink' PBR; also listed as Eternal Fragrance Pink","H5","long flowering season · compact · all parts harmful","scented borders · entrances and paths · containers · small gardens","0.9–1.2 m H × 0.9–1.2 m W","","","7","6","12","8","60","30","All parts are harmful if eaten and the sap irritates skin. Wear gloves when handling.","PBR protected · commercial propagation restricted","H5 taken from the sibling ETERNAL FRAGRANCE ('Blafra') in the same hybrid group — see uncertain","semi-evergreen","","","",""
"0","Ninebark 'All Black'","Physocarpus opulifolius ALL BLACK ('Minall2')","280","Very dark purple to near-black leaves · pale pink-white flower clusters · peeling mature bark","Keep moist, not waterlogged","South / West","Any, fertile; Best colour in sun · water while young","Pruning group 1; remove older or congested stems after flowering","","May-Aug","","","","","","","","","","","trade name ALL BLACK; cultivar 'Minall2'; nursery label reads ALL BLACK® 'Minall2' cov","H6","very robust · tolerates a wide range of soils and conditions","mixed borders · hedging · screening · wildlife gardens · foliage contrast","1.5–2.5 m H × 1.5–2.5 m W","","","15","4","10","6","80","45","","","Hardy throughout the UK","","","","",""
"0","Knotweed 'Darjeeling Red'","Persicaria affinis 'Darjeeling Red'","350","Mat-forming foliage reddening in autumn · pink spikes maturing deep red","Moderate; keep soil moisture-retentive","Any aspect","Moist, moisture-retentive, well-drained; Can spread quickly in persistently wet soil","No routine pruning; remove spent flowers and comb out old leaves","","Jun-Oct","","","","","","","","","","","syn. Polygonum affine 'Darjeeling Red'","H7","cold hardy · coastal tolerant · drought tolerant once established","ground cover · garden edging · rock gardens · patio containers","20–25 cm H × 45–50 cm W","","","12","3","9","4","78","40","","","RHS H7","semi-evergreen","","","",""
"0","Culver's root 'Red Arrows'","Veronicastrum 'Red Arrows'","275","Red buds and stems · violet branched flower spikes · whorled foliage","Moderate; keep soil moist in dry spells","East/South/West","Moist, fertile, well-drained; Avoid prolonged drying out","Deadhead as flowers fade; cut back to ground level in winter","","Jun-Sep","","","","","","","","","","","syn. Veronicastrum sibiricum 'Red Arrows'","H7","cold hardy","herbaceous borders · cottage gardens · architectural planting · pollinator gardens","1–1.5 m H × 0.5–1 m W","","","10","8","12","6","82","45","","","RHS H7","deciduous","","","",""
"0","Compact Guelder Rose","Viburnum opulus","0","Dense, compact deciduous shrub with dark green palmately lobed leaves, flat heads of small fertile flowers surrounded by creamy-white sterile flowers, followed by bright red berries.","Moist but well-drained","North, East, South, West","Chalk, clay, loam or sand; Any pH · avoid very dry or waterlogged soil","Pruning group 1; prune after flowering if required, but avoid heavy pruning if the ornamental berries are wanted.","","May-Jun","","","","","","","","","","","'Compactum'","H6","Robust and adaptable shrub that tolerates exposed positions and a range of soils when moisture is adequate.","Shrub borders, woodland gardens, cottage gardens, wildlife gardens, hedging, informal screening and specimen planting.","1-1.5m H × 1-1.5m W","","","12","7","14","7","65","35","","","Hardy through a very cold UK winter, withstanding -20 to -15C.","Deciduous; dark green, palmately lobed leaves turning purplish-red in autumn.","","","",""
"0","Bluebeard 'Dark Knight'","Caryopteris × clandonensis","265","Compact deciduous shrub with aromatic grey-green foliage and dark reddish stems, producing dense clusters of rich deep blue-purple flowers in late summer and early autumn.","Moist but well-drained","South, West","Chalk, loam or sand; Drained; avoid winter wet; warm shelter","Pruning group 6; cut back hard in spring to a low woody framework to encourage strong new flowering growth.","","Aug-Sep","","","","","","","","","","","'Dark Knight'","H4","Drought tolerant once established and well suited to hot, sunny positions; dislikes winter waterlogging.","Flower borders, wildlife gardens, cottage gardens, Mediterranean-style planting, gravel gardens and containers.","1-1.5m H × 1-1.5m W","","","13","5","7","7","95","75","No known hazard; no significant toxicity commonly reported.","","Fully hardy in much of the UK, though a warm sheltered position is preferable in colder areas.","Deciduous; aromatic grey-green leaves with silvery undersides.","","","",""
"0","Common Box","Buxus sempervirens","100","Dense evergreen shrub with small glossy dark green leaves, traditionally clipped into hedges and topiary.","Water during establishment and prolonged drought.","East / West","Any, moist but drained; Box blight and box tree moth","Clip hedges and topiary during the growing season as required.","","Jan-Dec","","","","","","","","","","","","H6","Cold hardy but increasingly affected by box blight and box tree moth.","Hedging, topiary, edging and formal gardens.","4–8 m H × 4–8 m W","","","6","18","8","13","45","10","Harmful if eaten; sap may irritate.","","Hardy throughout the UK, approximately -20 to -15°C.","Evergreen; small leathery dark green leaves.","","","",""
"0","Crape Myrtle 'With Love Babe'","Lagerstroemia indica WITH LOVE BABE ('Milaperl')","330","Compact deciduous shrub with attractive smooth bark, glossy foliage and showy crinkled flowers produced in dense panicles in warm summer conditions.","Moist but well-drained","South / West","Acid to neutral, drained; Needs a hot sunny spot; shelter from frost","Pruning group 1; can tolerate harder pruning if required.","","Jul-Sep","","","","","","","","","","","With Love series; trade name WITH LOVE BABE; cultivar code 'Milaperl'","H4","Best in warm sheltered sites; flowering can be poor after cool summers.","Patio, containers, Mediterranean-style gardens, wall-side borders and specimen planting.","1-1.5m H × 1-1.5m W","","","9","5","11","11","95","75","","","Hardy in milder UK areas but requires shelter and warmth.","deciduous","","","",""
"0","Astilbe 'Chocolate Shogun'","Astilbe 'Chocolate Shogun'","340","Compact clump-forming perennial with dramatic dark chocolate to bronze foliage and airy plumes of pale pink flowers.","Moist but well-drained","North / East / West","Moist humus-rich loam; Never let it dry out; hates hot dry sites","Cut back faded flower stems and old foliage after flowering or in late winter.","","Jun-Aug","","","","","","","","","","","'Chocolate Shogun'","H7","Reliable in moist shady borders; sensitive to drought.","Shady borders, woodland gardens, waterside planting, containers and cottage gardens.","0.5-1m H × 0.5-1m W","","","10","5","17","7","40","15","","","Very hardy perennial suitable for UK conditions.","deciduous","","","",""
"0","Cabbage Palm 'Torbay Dazzler'","Cordyline australis 'Torbay Dazzler'","60","Architectural evergreen palm-like plant with a tall trunk and terminal crown of sword-shaped leaves heavily striped in creamy white.","Moist but well-drained","South / West / East","Well-drained, any type; Avoid frost pockets and waterlogging","Usually requires no pruning; remove damaged leaves at the base if required.","","Jan-Dec","","","","","","","","","","","'Torbay Dazzler'","H5","Tolerant of coastal conditions and reasonably drought tolerant once established.","Architectural planting, coastal gardens, containers, borders and Mediterranean-style planting.","2.5-4m H × 1-1.5m W","","","10","6","8","5","85","45","","","Hardy in many UK gardens but best in a sheltered position.","evergreen","","","",""
"0","Boston Ivy 'Lowii'","Parthenocissus tricuspidata 'Lowii'","0","Self-clinging deciduous climber with small deeply lobed bright-green leaves that turn orange-red and purple in autumn.","Moist but well-drained","Any aspect","Fertile, well-drained; Self-clinging: check walls and masonry first","Pruning group 11; prune in early winter and trim in summer if necessary.","","Sep-Nov","","","","","","","","","","","'Lowii'","H5","Robust climber with good tolerance of sun and shade.","Walls, fences, wildlife gardens, screening and autumn foliage displays.","2.5-4m H × 1.5-2.5m W","","","15","5","10","6","60","20","Harmful if eaten; sap can irritate skin.","","Hardy throughout most UK conditions.","deciduous","","","",""
"0","White Spruce 'Echiniformis'","Picea glauca 'Echiniformis'","150","Very slow-growing dwarf evergreen conifer forming a dense, squat rounded mound with fine grey-green needles.","Moist but well-drained","East / South / West","Acid to neutral, drained; Avoid drought and waterlogging","No regular pruning required.","","Jan-Dec","","","","","","","","","","","'Echiniformis'","H7","Very hardy, compact and low maintenance once established.","Rock gardens, gravel gardens, containers, dwarf conifer collections and edging.","0.1-0.5m H × 0.5-1m W","","","4","5","9","3","90","60","","","Extremely hardy and suitable for exposed UK conditions.","evergreen","","","",""
"0","Monkey Puzzle","Araucaria araucana","120","Stately evergreen architectural tree with tiered branches densely clothed in sharply pointed triangular dark-green leaves.","Moist but well-drained","East / South / West","Well-drained, fertile; Needs space; shelter young from cold wind","Pruning group 1; generally leave unpruned except for damaged branches.","","Jan-Dec","","","","","","","","","","","","H7","Very robust and generally pest-free; tolerant of a range of well-drained soils.","Architectural specimen, large gardens and landscape planting.","Over 12m H × Over 8m W","","","8","2","9","4","85","55","","","Extremely hardy once established.","evergreen","","","",""
"0","Cape Sundew","Drosera capensis","340","Small carnivorous perennial forming rosettes of long spoon-shaped leaves covered in sticky red or pink glandular hairs that trap insects, with delicate pink flowers.","Poorly drained / permanently moist","South","Acid carnivorous compost; Rainwater only; never fertilised compost","No pruning required; remove dead flower stems and foliage if necessary.","","Apr-Oct","","","","","","","","","","","","H3","Easy carnivorous plant when kept permanently moist in acidic nutrient-poor conditions.","Carnivorous plant collections, bog gardens, terrariums, conservatories and greenhouses.","0.1-0.5m H × 0.1-0.5m W","","","12","1","20","12","90","65","","","Tender in much of the UK; grow under glass or indoors where frost is expected.","evergreen","","","",""
"0","Californian Lilac 'Cool Blue'","Ceanothus thyrsiflorus 'Cool Blue'","210","Evergreen variegated shrub with arching branches, glossy green leaves edged creamy white and clusters of small blue flowers in spring.","Well-drained","South / West","Fertile, very well-drained; Avoid waterlogging, cold winds, thin chalk","Pruning group 8; prune after flowering.","","Apr-Jun","","","","","","","","","","","'Cool Blue'","H4","Drought resistant once established and tolerant of coastal conditions.","Wall-side borders, Mediterranean planting, coastal gardens, shrub borders and wildlife gardens.","1.5-2.5m H × 1.5-2.5m W","","","15","5","6","7","95","75","","","Best in sheltered UK gardens.","evergreen","","","",""
"0","Oak-leaved Hydrangea 'Ice Crystal'","Hydrangea quercifolia 'Ice Crystal'","0","Compact rounded deciduous shrub with deeply lobed oak-like leaves and large dense upright white flower panicles that become pink tinged with age.","Moist but well-drained","Any aspect","Moist but drained loam; Keep moist in sun; improve shallow chalk","Pruning group 1; prune only lightly after flowering if required.","","Jul-Oct","","","","","","","","","","","'Ice Crystal'","H5","Reliable shrub provided soil does not dry excessively.","Shrub borders, woodland gardens, containers, cottage gardens and cut flowers.","1-1.5m H × 1-1.5m W","","","10","7","15","8","60","30","Potential skin allergen; harmful if eaten by pets.","","Hardy in most UK gardens.","deciduous","","","",""
"0","Japanese Maple 'Taylor'","Acer palmatum 'Taylor'","340","Small slow-growing deciduous tree with five-lobed leaves opening pale pink, becoming green with a distinctive white margin and turning lime green in autumn.","Moist but well-drained","East / West","Humus-rich, well-drained; Shelter from wind, hot sun and late frost","Pruning group 1; little pruning required beyond removing damaged or crossing branches.","","Apr-Oct","","","","","","","","","","","'Taylor'","H6","Reliable once established but foliage can scorch in drought, heat or exposed sites.","Patio containers, Japanese gardens, woodland planting, small gardens and specimen planting.","1.5-2.5m H × 1.5-2.5m W","","","6","6","13","8","45","20","","","Hardy throughout the UK when grown in a sheltered position.","deciduous","","","",""
"0","Panicle Hydrangea 'Pink & Rose'","Hydrangea paniculata 'Pink & Rose'","340","Deciduous flowering shrub producing large conical panicles of creamy-white flowers that mature through pink to deeper rosy tones.","Moist but well-drained","East / South / West","Humus-rich, well-drained; Keep moist in sun; never waterlogged","Pruning group 4; cut back hard in late winter or early spring to a framework of healthy buds.","","Jul-Oct","","","","","","","","","","","'Pink & Rose'","H6","Robust and reliable hydrangea; tolerates more sun than many other hydrangeas provided moisture is maintained.","Shrub borders, cottage gardens, woodland-style planting, specimen planting, cut flowers and containers.","1.5-2.5m H × 1.5-2.5m W","","","13","6","16","8","65","35","Harmful if eaten.","","Hardy throughout the UK.","deciduous","","","",""
"0","Solimutata Begonia","Begonia soli-mutata","120","Tender rhizomatous begonia grown primarily for its striking foliage, with asymmetrical heart-shaped leaves marked in silvery green, dark green and reddish tones and contrasting red undersides.","Moist but well-drained","North / East / West","Humus-rich, well-drained; No waterlogging, no harsh sun, never dry","Remove dead or damaged leaves and stems as required; pinch growing tips to maintain a compact shape.","","Jan-Dec","","","","","","","","","","","","H1c","Good indoor foliage plant when humidity, warmth and consistent moisture are maintained.","Houseplant, terrarium, conservatory and heated greenhouse.","0.1-0.5m H × 0.1-0.5m W","","","12","10","15","12","35","15","Harmful if eaten; sap may irritate the skin.","","Tender tropical plant; grow indoors or under heated protection in the UK.","evergreen","","","",""
"0","Silk Tree 'Summer Chocolate'","Albizia julibrissin 'Summer Chocolate'","330","Small deciduous tree with an open spreading crown, finely divided chocolate-purple foliage and fluffy pink powder-puff flowers in summer.","Moist but well-drained","South / West","Fertile, well-drained; Warm shelter; protect young trees from frost","Pruning group 1; little pruning required beyond removing dead, damaged or crossing branches.","","Jul-Aug","","","","","","","","","","","'Summer Chocolate'","H4","Tolerates heat and some drought once established, but young plants need protection and reliable moisture.","Specimen tree, warm sheltered borders, courtyard gardens, patio planting and exotic-style gardens.","2.5-4m H × 2.5-4m W","","","10","4","9","10","95","75","","","Borderline hardy in much of the UK; best grown against a warm sheltered wall or in a protected southern garden.","deciduous","","","",""
"0","Shrubby Germander","Teucrium fruticans","210","Small aromatic leaves, silver beneath · white woolly young shoots · pale blue flowers","Regular while establishing, then sparingly","South / West","Free-draining, alkaline OK; Heavy winter wet kills it; needs shelter","Trim in spring to shape · do not cut back into old bare wood","","Jun-Aug","","","","","","","","","","","","H3","Drought tolerant and near pest-free · cold and winter wet are the risks","Mediterranean and coastal planting · sunny borders · warm wall-side","1-1.5m H × 1-1.5m W","","","12","2","5","8","100","80","Harmful if eaten. Wear gloves and protective equipment when handling.","","Hardy in coastal and relatively mild parts of the UK, approximately -5 to 1°C. In colder areas grow against a warm sheltered wall or provide winter protection.","Evergreen; small aromatic dark green leaves with conspicuously silvery-white undersides.","","","",""
"0","Tree Mallow 'Rosea'","Malva × clementii 'Rosea'","335","Grey downy leaves and stems · large soft pink mallow flowers all summer","Water while establishing · sparingly after that","South / West","Well-drained, any pH; Winter wet is what kills it","Cut hard back in spring to a low permanent framework","","Jun-Sep","","","","","","","","","","","Rosea","H5","Fast and very free-flowering · shrubby mallows are often short-lived","Sunny borders · cottage gardens · pollinators · fast summer colour","1.5-2.5m H × 1.5-2.5m W","","","18","5","8","7","95","75","","","Hardy in most UK locations, approximately -15 to -10°C; shelter from severe cold winds is beneficial.","semi-evergreen","","","",""
"0","Walberton’s Silver Dormouse","Brachyglottis Walberton’s Silver Dormouse ('Walbrach')","55","Dense mound of bright silver felted leaves · yellow daisies above it in summer","Water while establishing, then sparingly","South / West","Any free-draining soil; Winter wet at the roots is the killer","Light trim after flowering keeps it dense and compact","","Jun-Aug","","","","","","","","","","","Walbrach","H4","Evergreen and drought tolerant · earns its place on hot dry ground","Coastal and gravel gardens · sunny borders · pots · silver schemes","0.5-1m H × 1-1.5m W","","","10","2","6","5","95","75","","","Hardy through most of the UK, approximately -10 to -5°C; shelter is beneficial in colder districts.","evergreen","","","",""
"0","Siberian Bugloss 'Jack Frost'","Brunnera macrophylla 'Jack Frost'","210","Shade perennial with heart-shaped silver leaves intricately veined green and sprays of tiny vivid blue spring flowers.","Keep moist during establishment and dry periods.","North / East","Humus-rich, moist, drained; Sun and dry soil scorch the foliage","Remove tired foliage and spent flower stems as required.","","Mar-May","","","","","","","","","","","'Jack Frost'","H6","Very hardy and generally trouble-free.","Shade borders, woodland planting and ground cover.","0.1–0.5 m H × 0.5–1 m W","","","12","2","13","4","25","5","","","Hardy throughout the UK, approximately -20 to -15°C.","Herbaceous; silver heart-shaped leaves with green veins.","","","",""
"0","Golden Creeping Jenny","Lysimachia nummularia 'Aurea'","55","Dense carpet of trailing stems in rounded gold-green leaves · small yellow cups","Never let it dry out · thrives in wet ground","East / South / West","Moist, humus-rich, any pH; Roots as it runs · will swamp small plants","Cut back the running stems whenever it outgrows its patch","","Jun-Aug","","","","","","","","","","","Aurea","H6","Very hardy and vigorous · establishes fast wherever it stays damp","Ground cover · pond margins and bog gardens · banks · trailing from pots","0.1-0.5m H × 1-1.5m W","","","18","3","17","4","60","30","","","Hardy throughout the UK and northern Europe, approximately -20 to -15°C.","semi-evergreen","","","",""
"0","Abelia 'Sparkling Silver'","Abelia × grandiflora 'Sparkling Silver'","330","Cream-edged leaves, new growth flushed pink · fragrant pale tubular flowers","Regular at first · then only in long dry spells","South / West","Fertile, drained, any pH; Cold wet sites set it back · shade dulls it","Light trim after flowering · take out some old stems to renovate","","Jul-Oct","","","","","","","","","","","Sparkling Silver","H5","Robust and drought tolerant once established · wants a warm sheltered spot","Sunny borders · patio pots · courtyard gardens · low informal hedging","0.5-1m H × 0.5-1m W","","","10","3","7","6","90","70","","","Hardy in most UK locations, approximately -15 to -10°C, but benefits from shelter in colder or exposed areas.","semi-evergreen","","","",""
"0","Pieris 'Mountain Fire'","Pieris japonica 'Mountain Fire'","0","Fiery red new leaves ageing coppery then dark glossy green · creamy urn flowers","Keep it evenly damp · never standing wet","East / South / West","Humus-rich, acidic, moist; Ericaceous only · no chalk; wet roots rot","Little needed · take out dead or damaged wood after flowering","","Mar-May","","","","","","","","","","","Mountain Fire","H5","Hardy and long-lived in acid ground · lime and wet roots are the risks","Ericaceous and shrub borders · woodland and courtyard gardens · pots","2.5-4m H × 2.5-4m W","","","8","6","13","8","55","30","Harmful if eaten. Harmful to pets if eaten. Wear gloves and protective equipment when handling.","","Hardy in most places throughout the UK, approximately -15 to -10°C. Young plants may benefit from winter protection.","evergreen","","","",""
"0","Rudbeckia 'Fireball'","Rudbeckia 'Fireball'","25","Double gold petals with a broad mahogany base · near-black central cone","Regular at first · water through dry spells","South / West","Moist, drained, any pH; No waterlogging · shade costs it flowers","Deadhead often · leave the seed heads for birds, cut back in spring","","Jul-Oct","","","","","","","","","","","Fireball","H4","Robust and easy in a sunny spot with enough moisture","Sunny borders · prairie and wildlife planting · pots · cut flowers","0.5-1m H × 0.5-1m W","","","15","5","12","5","95","75","","","Hardy through most of the UK, approximately -10 to -5°C. Good winter drainage improves reliability.","deciduous","","","",""
"0","Persian Ironwood","Parrotia persica","15","Flaking bark · crimson flower clusters on bare winter branches · blazing autumn","Water while young; tolerates moderate summer dryness","East / South / West","Any drained soil, lime OK; Spreads wide — allow real width","Little needed · build the framework while young","","Feb-Nov","","","","","","","","","","","","H6","long-lived, hardy and lime tolerant · low maintenance","autumn colour · multi-stems · chalk-tolerant specimen trees","4-8m H × 4-8m W","","","7","4","9","4","75","40","","","Very hardy throughout UK gardens.","deciduous","","","",""
"0","White Gaura 'Papillon'","Oenothera lindheimeri PAPILLON ('Nugaupapil')","0","Slender stems dancing with small white butterfly flowers for months","Regular at first · copes with short dry spells","East / South / West","Drained, chalk to sand; Heavy winter wet is the killer","Cut spent stems for more flowers · take old growth down in spring","","May-Sep","","","","","","","","","","","Nugaupapil","H4","Long-flowering and relatively drought tolerant once established","Sunny borders · gravel and prairie planting · wildlife · pots","0.1-0.5m H × 0.1-0.5m W","","","14","4","8","5","85","55","","","Hardy through most of the UK, approximately -10 to -5°C, where winter drainage is good.","deciduous","","","",""
"0","Silver Leaf Cineraria","Jacobaea maritima","0","Deeply cut leaves under dense white felt · almost white in the border","Moderate at first · let it dry between waterings","South / West","Drained, chalk to sand; Cold wet winters rot it","Trim untidy growth · take the flower stems off to keep it silver","","Mar-Oct","","","","","","","","","","","","H3","Drought and coastal tolerant but dislikes cold wet winters","Bedding · edging · pots · coastal planting · silver schemes","0.5-1m H × 0.5-1m W","","","14","4","5","5","95","75","Potentially harmful if eaten; sap may irritate sensitive skin.","","Hardy in coastal and relatively mild UK locations, approximately -5 to 1°C; often treated as seasonal bedding in colder areas.","semi-evergreen","","","",""
"0","Patio Rose FLIRT 2011","Rosa FLIRT 2011 ('Korchakon')","340","Clusters of small semi-double pink flowers, fading paler as they age","Water regularly in growth · pots dry out fast","South / West","Fertile, humus-rich, moist; In pots: feed and water it or it sulks","Cut back in late winter to a low framework · deadhead all season","","Jun-Oct","","","","","","","","","","","Korchakon","H6","Bred as a compact, repeat-flowering and disease-resistant miniature rose","Patio pots · containers · front of borders · small gardens","0.3-0.5m H × 0.3-0.5m W","","","12","8","12","9","90","60","","","Cold-hardy rose; container-grown plants are more exposed to winter freezing than plants in open ground.","deciduous","","","",""
"0","Heuchera 'Paris'","Heuchera 'Paris'","345","Silvered leaves veined dark green · slender sprays of rose-pink bells","Keep it evenly damp, especially while young","East / West","Moist, drained, any pH; Wet soil rots the crown","Pull tatty leaves through the year · tidy the clump in spring","","May-Aug","","","","","","","","","","","Paris","H6","Hardy, compact and long-flowering in suitable well-drained soil","Borders · shade planting · edging · woodland gardens · pots","0.1-0.5m H × 0.1-0.5m W","","","10","7","11","5","55","30","","","Hardy throughout the UK and northern Europe.","evergreen","","","",""
"0","Cushion Bush","Leucophyta brownii","0","A tangle of silver-white wiry stems · reads like silver coral","Moderate water · let it drain sharply","South / West","Gritty, sharp, alkaline OK; Winter wet kills it outright","Pinch the tips to bush it out · never cut into old wood","","Jan-Dec","","","","","","","","","","","","H3","Drought tolerant and pest-free · wet winters and hard frost end it","Pots · coastal and gravel gardens · bedding · silver schemes","0.5-1m H × 0.5-1m W","","","10","2","5","8","100","80","","","Hardy only in coastal and relatively mild UK locations, approximately -5 to 1°C.","evergreen","","","",""
"0","Umbellate Yarrow","Achillea umbellata","0","Cushions of fine silver-grey leaves under clusters of small white flowers","Water while establishing, then sparingly","South / West","Free-draining, lime OK; Heavy wet clay and winter wet finish it","Tidy the cushion in spring · deadhead for a second flush","","Jun-Aug","","","","","","","","","","","","H7","Exceptionally cold hardy and tolerant of exposed sunny positions","Rock and gravel gardens · alpine planting · edging · sunny pots","0.1-0.5m H × 0.1-0.5m W","","","8","4","5","4","100","80","","","Extremely hardy, tolerating below -20°C where drainage is suitable.","semi-evergreen","","","",""
"0","Fragrant Sweet Box","Sarcococca ruscifolia","0","Glossy dark leaves · tiny cream winter flowers you smell before you see","Moderate while young · takes dry shade after","North / East","Humus-rich, moist, drained; Avoid prolonged waterlogging","Little needed · light trim after flowering if it outgrows its spot","","Dec-Feb","","","","","","","","","","","","H5","Takes shade, dry shade, pollution and a good deal of neglect","Shade gardens · winter scent · ground cover · banks and slopes","0.5-1m H × 0.5-1m W","","","7","2","9","3","20","5","Fruit is ornamental and should not be eaten. Wear gloves when handling.","","Hardy in most UK locations, approximately -15 to -10°C.","evergreen","","","",""
"0","Cotton Lavender 'Lambrook Silver'","Santolina chamaecyparissus 'Lambrook Silver'","55","Aromatic silver-grey filigree foliage · bright yellow button flowers","Water while establishing, then sparingly","South / West","Poor, drained, lime OK; Rich or wet ground makes it flop and rot","Trim after flowering to keep it dense · never into old bare wood","","Jul-Aug","","","","","","","","","","","Lambrook Silver","H5","Drought resistant, evergreen and generally pest-free","Gravel and rock gardens · Mediterranean planting · edging","0.5-1m H × 0.5-1m W","","","10","2","4","5","100","80","","","Hardy in most UK locations, approximately -15 to -10°C, where drainage is good.","evergreen","","","",""
"0","Golden Cottonwood","Cassinia fulvida","45","Golden-downy young shoots over tiny dark leaves · small white flower heads","Water while establishing, then moderately","South / West","Fertile, well-drained loam; Wet feet will see it off","None needed · take out damaged or unwanted growth","","Jun-Aug","","","","","","","","","","","","H5","Pest- and disease-free · stands up to exposed coastal sites","Coastal gardens · low-maintenance borders · rock gardens","1.5-2.5m H × 1.5-2.5m W","","","11","2","6","5","95","75","","","Hardy in most UK locations, approximately -15 to -10°C.","evergreen","","","",""
"0","Silver-Margined Holly","Ilex aquifolium 'Argentea Marginata'","0","Glossy spiny leaves boldly edged cream, pink-flushed when young","Regular while establishing · fairly tough after","East / South / West","Any drained soil; Avoid prolonged waterlogging","Little needed · clip hedges and shapes in late spring or summer","","Jan-Dec","","","","","","","","","","","Argentea Marginata","H6","Extremely hardy and evergreen · shrugs off exposure once settled","Specimen tree · screening · hedging · wildlife planting · winter interest","12m+ H × 4-8m W","","","8","7","8","6","65","35","Berries are ornamental and should not be eaten. Spiny foliage can cause physical injury.","","Hardy throughout the UK and northern Europe.","evergreen","","","",""
"0","Magnolia 'Cameo'","Magnolia 'Cameo'","330","Upright tulip flowers, deep pink outside and pale blush within","Regular while establishing and in long droughts","East / South / West","Fertile, humus-rich, moist; Late frost and exposure spoil the flowers","Barely any · take out damaged or crossing wood in summer","","Mar-May","","","","","","","","","","","Cameo","H5","Cold-hardy and compact · the flower buds still fear a late frost","Small gardens · specimen planting · courtyards · large containers","3m H × 1-1.5m W","","","8","5","11","8","75","50","","","Hardy in most UK locations; breeder information reports tolerance to approximately -22°C, though exposed sites can damage flowers.","deciduous","","","",""
"0","Clematis 'Nelly Moser'","Clematis 'Nelly Moser'","310","Large pale pink flowers with deep pink bars · late spring/summer","Keep the roots cool and steadily moist","East / South / West","Fertile, humus-rich, moist; Shade the roots, never let them bake","Group 2 · light prune in late winter to fat buds","","May-Jun, Aug-Sep","","","","","","","","","","2L, 3L","Nelly Moser","H6","Reliable once the roots are cool and never dry out","Trellis · fences · pergolas · obelisks · through shrubs","2-4m H × 1-1.5m W","","","14","7","13","9","60","35","Harmful if eaten and may irritate skin.","","Hardy throughout the UK and northern Europe.","","","","",""
"0","Beautyberry 'Profusion'","Callicarpa bodinieri 'Profusion'","280","Tight clusters of vivid violet-purple berries packed along bare stems","Regular while establishing and in long droughts","East / South / West","Fertile and well-drained; Shade costs you the berries","Prune in late winter · thin the older stems when it crowds","","Sep-Nov","","","","","","","","","","","Profusion","H6","Very hardy and generally pest-free","Autumn berries · mixed shrub borders · cottage gardens · cutting","2.5-4m H × 1.5-2.5m W","","","12","2","9","5","70","40","Fruit is ornamental and should not be eaten. Wear gloves when handling.","","Hardy throughout the UK and northern Europe, approximately -20 to -15°C.","deciduous","","","",""
"0","Spindle 'Microphyllus Albovariegatus'","Euonymus japonicus 'Microphyllus Albovariegatus'","90","Small, dense, bushy evergreen shrub with an upright habit and unusually tiny dark green leaves neatly margined creamy white, creating a fine-textured variegated appearance.","Water regularly during establishment.","East / South / West","Any soil, well-drained; Avoid waterlogging; shade dulls the cream","Prune as required to maintain shape and density. Remove damaged, reverted or unwanted shoots.","","Jan-Dec","","","","","","","","","","","'Microphyllus Albovariegatus'","H5","Hardy, evergreen and tolerant of a wide range of soils and aspects once established.","Low hedging, edging, containers, courtyard gardens, coastal gardens, ground cover and mixed borders.","0.5–1 m H × 0.5–1 m W","","","9","8","8","6","65","35","Harmful if eaten. Wear gloves and protective equipment when handling.","","Hardy in most places throughout the UK, approximately -15 to -10°C.","Evergreen; very small dark green leaves edged creamy white.","","","",""
"0","False Shamrock 'Mijke'","Oxalis triangularis 'Mijke'","290","Compact bulbous perennial forming a mound of dramatic three-part triangular leaves in rich purple to burgundy tones.","Keep moderately moist during active growth but never waterlogged.","East / West","Free-draining compost; Avoid waterlogging; dies back when dormant","No routine pruning required. Remove dead or yellowing foliage and spent flower stems as necessary.","","Jun-Aug","","","","","","","","","","","'Mijke'","H3","Easy to maintain under protected conditions and capable of entering dormancy before producing fresh growth again.","Houseplants, conservatories, greenhouse displays, patio containers, hanging baskets and sheltered summer displays.","0.1–0.5 m H × 0.1–0.5 m W","","","13","5","10","6","45","20","Oxalis contains oxalates and should not be eaten in quantity; keep ornamental houseplants away from pets prone to chewing foliage.","","RHS rates 'Mijke' H3, approximately -5 to 1°C. In the UK it is commonly grown as a houseplant or protected container plant and should be protected from hard frost.","Deciduous or seasonally dormant; clover-like leaves divided into three triangular rich purple leaflets which fold in low light and at night.","","","",""
"0","David Viburnum","Viburnum davidii","220","Deeply veined leathery dark green leaves · metallic blue-black berries on pollinated females","Maintain moderate moisture during establishment and prolonged dry periods.","East / West","Humus-rich, moist, drained; Needs a male nearby for berries","Requires little routine pruning. Remove damaged, crossing or unwanted shoots and lightly shape evergreen growth where necessary.","","Sep-Feb","","","","","","","","","","","","H5","Slow-growing, hardy evergreen with good shade tolerance, though shelter from cold drying winds is beneficial.","Ground cover, shrub borders, woodland-style planting, underplanting and low-maintenance evergreen schemes.","1–1.5 m H × 1–1.5 m W","","","7","7","11","6","55","25","Fruit is ornamental and should not be eaten. Wear gloves and protective equipment when handling.","","Hardy in most places throughout the UK, approximately -15 to -10°C.","Evergreen; leathery deep green elliptic leaves with three conspicuous longitudinal veins.","","","",""
"0","Japanese Snowball 'Popcorn'","Viburnum plicatum f. plicatum 'Popcorn'","0","Tiered horizontal branches hung with white snowball heads · red-purple autumn leaf","Regular while establishing · never let it bake dry","East / South / West","Humus-rich, moist, drained; Avoid prolonged waterlogging","Little needed · take out crossing or dead wood after flowering","","Apr-May","","","","","","","","","","","Popcorn","H6","Very hardy and adaptable once established","Specimen shrub · mixed borders · cottage gardens · autumn colour","1.5-2.5m H × 1.5-2.5m W","","","12","7","11","6","65","35","Ornamental fruits should not be eaten. Wear gloves when handling.","","Hardy throughout the UK and northern Europe, approximately -20 to -15°C.","deciduous","","","",""
"0","Chilean Myrtle","Luma apiculata","0","Large evergreen shrub or small tree with small aromatic glossy green leaves and exceptionally attractive smooth bark that peels to reveal patches of cinnamon, cream and pale brown.","Water regularly during establishment.","East / South / West","Any soil, well-drained; Young plants need shelter from hard frost","Requires little routine pruning. Remove dead, damaged or unwanted growth and lightly shape where necessary.","","Jun-Nov","","","","","","","","","","","","H4","Drought resistant once established and generally pest- and disease-free, although caution is advised where honey fungus is present.","Specimen tree, architectural shrub, Mediterranean-style gardens, courtyards, wall-side borders and large containers while young.","8–12 m H × >8 m W","","","10","2","7","6","70","40","","","Hardy through most of the UK, approximately -10 to -5°C. Young plants and specimens in colder areas benefit from shelter.","Evergreen; small broadly ovate aromatic green leaves retained throughout the year.","","","",""
"0","Common Myrtle","Myrtus communis","0","Small glossy aromatic leaves · white flowers with a boss of stamens","Regular while establishing, then moderate","South / West","Moist but well-drained; Cold drying winds scorch it","Light spring trim to shape · wall plants cut to their framework","","Jul-Oct","","","","","","","","","","","","H4","Evergreen, aromatic and pest-free · exposure and cold are the risks","Mediterranean and coastal gardens · hedging · pots · wall-side","2.5-4m H × 1.5-2.5m W","","","10","2","8","7","95","75","","","Hardy through most of the UK, approximately -10 to -5°C, but best in a warm sheltered position.","evergreen","","","",""
"0","Japanese Maple 'Orangeola'","Acer palmatum 'Orangeola'","15","Mound-forming deciduous Japanese maple with graceful arching branches and finely dissected lace-like foliage.","Keep evenly moist during establishment and water during prolonged dry periods, particularly when container grown.","East / West","Fertile, drained, acidic; Wind and dry soil scorch the lace leaf","Requires little routine pruning. Remove dead, damaged or unwanted branches during dormancy and avoid heavy pruning.","","Sep-Nov","","","","","","","","","","","'Orangeola'","H6","Very cold hardy but the fine foliage is vulnerable to wind scorch and moisture stress.","Japanese gardens, specimen planting, courtyards, rock gardens, banks, slopes and containers.","2.5–4 m H × 1.5–2.5 m W","","","8","7","12","8","55","30","","","Hardy throughout the UK and northern Europe, approximately -20 to -15°C.","Deciduous; finely cut orange-red spring leaves becoming reddish-green in summer before turning brighter orange-red in autumn.","","","",""
"0","Peony 'Tom Cat'","Paeonia lactiflora 'Tom Cat'","335","Clump-forming herbaceous peony with glossy dark green divided foliage and large, fragrant, richly coloured flowers.","Water regularly during establishment and during prolonged dry periods.","East / South / West","Deep, fertile, humus-rich; Plant the crown shallow or it won't flower","Remove spent flowers as they fade. Cut stems and foliage back to near ground level as the plant dies down in autumn.","","May-Jun","","","","","","","","","","","'Tom Cat'","H6","Very hardy, long-lived herbaceous perennial that can remain productive for decades when planted correctly and left relatively undisturbed.","Herbaceous borders, cottage gardens, mixed borders, specimen planting and cut-flower gardens.","0.5–1 m H × 0.5–1 m W","","","9","6","11","7","80","50","May cause skin irritation in pets.","","Hardy throughout the UK and northern Europe, approximately -20 to -15°C.","Deciduous herbaceous foliage; glossy dark green divided leaves emerge in spring and die completely back in autumn.","","","",""
"0","Lamb's Ear 'Silver Carpet'","Stachys byzantina 'Silver Carpet'","105","Low, vigorous evergreen carpeting perennial forming a dense mat of exceptionally soft, woolly silver-grey leaves.","Water during establishment, then only during prolonged dry periods.","South / West","Any soil, well-drained; Winter wet rots the crown","No routine pruning required. Remove damaged or untidy foliage as needed.","","Jan-Dec","","","","","","","","","","","'Silver Carpet'","H7","Exceptionally cold hardy, drought tolerant once established and effective as dense weed-suppressing ground cover, but less tolerant of prolonged winter wet.","Ground cover, gravel gardens, border edging, sensory planting, rose underplanting and sunny dry borders.","0.1–0.5 m H × 0.5–1 m W","","","15","5","5","3","95","75","","","Extremely hardy, below -20°C; RHS rates this cultivar H7.","Evergreen; dense, soft, elliptic grey-white to silver leaves up to around 10 cm long.","","","",""
"0","Garden phlox 'David'","Phlox paniculata 'David'","0","Fragrant pure-white flower panicles · tall upright stems · dark green foliage · notably good mildew resistance","Keep evenly moist, especially during dry spells","East / South / West","Fertile, moist, drained; Never let it dry out; keep air moving","Deadhead to prolong flowering; cut stems to ground in late autumn","","Jul-Sep","","","","","","","","","","","'David'","H7","Very hardy and notably resistant to powdery mildew, though leaf spot and downy mildew can occasionally occur","Herbaceous borders · cottage gardens · wildlife gardens · cut flowers · pollinator planting","1-1.2m H × 0.5-1m W","","","13","5","12","7","80","45","","","Fully hardy throughout the UK; tolerates below -20°C","Deciduous","","","",""
"0","Persian shallot","Allium stipitatum","285","Tall architectural stems · dense spherical lilac-pink flowerheads · broad grey-green basal leaves","Water during active growth if conditions are dry; reduce watering once dormant","East / South / West","Fertile, drained, any pH; Winter wet rots the bulb","No pruning required; remove spent flower stems if desired and clear foliage once it has yellowed naturally","","May-Jun","","","","","","","","","","","","H7","Very hardy and generally pest-free; may be affected by onion white rot and downy mildew","Architectural borders · gravel gardens · wildlife gardens · cut flowers · dried seedheads","1-1.5m H × 0.1-0.5m W","","","10","4","6","4","95","70","Allium species can be harmful if eaten, particularly to pets; ornamental bulbs are not for consumption","","Very hardy; tolerates temperatures below -20°C","Deciduous","","","",""
"0","Chocolate mint","Mentha × piperita f. citrata 'Chocolate'","275","Dark green aromatic leaves · purple-tinged stems and young growth · small pale lilac-white summer flowers","Keep consistently moist during active growth","East / South / West","Fertile, moist, drained; Runners take over; confine it to a pot","Harvest regularly; cut back after flowering and remove old stems in autumn or early spring","","Jun-Sep","","","","","","","","","","","'Chocolate'","H6","Very vigorous and hardy; may occasionally suffer rust, powdery mildew or mint beetle","Culinary herb · tea · containers · herb gardens · pollinator planting","0.5-1m H × 0.5-1m+ W","","","18","6","14","4","65","30","","","Fully hardy throughout the UK, approximately -20 to -15°C","Deciduous","","","",""
"0","Tricolor sage","Salvia officinalis 'Tricolor'","280","Grey-green aromatic leaves irregularly edged cream · young foliage flushed pink-purple · pale blue summer flowers","Water while establishing; drought tolerant once established","South / West","Any, free-draining; Winter wet kills it, not the cold","Trim lightly in spring and cut back spent flower spikes after flowering; avoid cutting deeply into old bare wood","","May-Aug","","","","","","","","","","","'Tricolor'","H5","Drought tolerant once established but vulnerable to winter wet, root rots and occasional leaf pests","Culinary herb · herb gardens · gravel gardens · containers · Mediterranean planting","0.5-1m H × 0.5-1m W","","","8","6","6","5","95","80","","","Hardy in most UK gardens, approximately -15 to -10°C","Evergreen","","","",""
"0","Compact marjoram","Origanum vulgare 'Compactum'","320","Low aromatic green mound · tiny leaves · loose sprays of purple-pink flowers","Water while establishing; relatively drought tolerant once established","East / South / West / North","Well-drained, alkaline; Rots where the ground stays wet","Cut old flowered stems back in early spring","","Jul-Sep","","","","","","","","","","","'Compactum'","H5","Hardy, drought tolerant and generally disease-free; leafhoppers may occasionally occur","Culinary herb · edging · rock gardens · gravel gardens · containers · pollinator planting","0.1-0.2m H × 0.2-0.5m W","","","9","4","5","3","90","50","","","Hardy in most UK gardens, approximately -15 to -10°C","Deciduous","","","",""
"0","Golden-twig dogwood","Cornus sericea 'Flaviramea'","55","Bright yellow-green winter stems · green summer leaves turning orange-red · small creamy-white flowers and pale berries","Water during establishment and prolonged dry weather","East / South / West","Any, moist but drained; Young stems carry the winter colour","For brightest winter stems, cut established plants hard to near ground level in early spring","","Nov-Mar","","","","","","","","","","","'Flaviramea'","H7","Very hardy and generally pest-free; may occasionally suffer cornus anthracnose or honey fungus","Winter-interest borders · mass planting · informal hedging · waterside planting","1.5-2.5m H × 2.5-4m W","","","13","5","10","4","80","45","","","Extremely hardy, tolerating below -20°C","Deciduous","","","",""
"0","Weigela 'Red Prince'","Weigela 'Red Prince'","355","Compact green-leaved shrub · masses of vivid red tubular flowers · rounded bushy habit","Water while establishing and during prolonged dry spells","East / South / West / North","Fertile, moist, drained; Bone-dry or boggy soil costs you flowers","Prune after flowering, removing some older stems to encourage vigorous replacement shoots","","May-Jun","","","","","","","","","","","'Red Prince'","H6","Easy and robust; may occasionally suffer capsid bug, scale or honey fungus","Shrub borders · informal hedging · cottage gardens · wildlife gardens","1-1.5m H × 1-1.5m W","","","10","6","9","4","85","35","","","Fully hardy throughout the UK, approximately -20 to -15°C","Deciduous","","","",""
"0","Orange garden mum","Chrysanthemum × morifolium Garden Mum Group","25","Dense rounded mound · masses of orange autumn flowerheads · dark green lobed foliage","Keep evenly moist while actively growing and flowering","East / South / West","Fertile, moist, drained; Winter hardiness varies by cultivar","Deadhead faded flowers; cut old stems down after flowering or in early spring","","Sep-Nov","","","","","","","","","","","Orange retail selection","H4","Floriferous but susceptible to aphids, leaf miners, spider mites, white rust and root problems in wet soil","Autumn containers · bedding · borders · seasonal displays","0.3-0.6m H × 0.3-0.6m W","","","14","10","11","8","95","75","May cause skin irritation in sensitive people; ornamental plant not intended for consumption","","Many garden mums tolerate normal UK winters in free-draining sheltered ground, but cultivar hardiness varies","Deciduous","","","",""
"0","Skimmia 'Mystic Marlot'","Skimmia japonica 'Mystic Marlot'","345","Compact grey-green evergreen foliage edged silver · cream buds deepening red through winter · fragrant pink-flushed white spring flowers","Keep moderately and consistently moist, particularly in containers","East / North / West","Humus-rich, moist, acidic; Dry lime yellows it; strong sun scorches","Minimal pruning; remove damaged or badly placed shoots after flowering","","Oct-Apr","","","","","","","","","","","'Mystic Marlot'","H5","Reliable shade evergreen; may suffer scale insects, container vine weevil, Phytophthora or honey fungus","Shade borders · woodland gardens · winter interest · containers · low evergreen structure","0.5-0.7m H × 0.5-1m W","","","6","6","10","6","30","10","Skimmia fruit is ornamental and should not be eaten","Protected by Plant Breeders' Rights; commercial propagation requires authorisation","Hardy in most UK gardens, approximately -15 to -10°C","Evergreen","","","",""
"0","Checkerberry Big Berry","Gaultheria procumbens 'Gaubi'","0","Low evergreen carpet · glossy aromatic leaves turning reddish in winter · white-pink bells followed by oversized scarlet berries","Keep consistently moist but not waterlogged","East / North / West","Humus-rich, acid, drained; Lime kills it; ericaceous compost in pots","Little pruning needed; trim unwanted spreading shoots if required","","Aug-Feb","","","","","","","","","","","Big Berry ('Gaubi')","H5","Generally pest-free and hardy; may be susceptible to honey fungus where present","Groundcover · woodland gardens · winter containers · edging · shade planting","0.1-0.15m H × 0.5-1m W","","","7","3","11","6","25","5","Fruit is ornamental and should not be eaten","","Hardy in most UK gardens, approximately -15 to -10°C","Evergreen","","","",""
"0","Christmas cherry","Solanum pseudocapsicum","20","Compact glossy evergreen foliage · small white starry flowers · long-lasting orange to scarlet spherical fruits","Keep evenly moist during active growth; reduce slightly in winter","East / South / West","Loam-based, fertile, moist; Frost kills it; keep it under glass","Pinch or trim shoots to maintain compact shape","","Sep-Jan","","","","","","","","","","","","H2","Best treated as a cool houseplant or seasonal pot plant; vulnerable to common glasshouse pests","Houseplants · conservatories · seasonal autumn and winter displays","0.1-0.5m H × 0.1-0.5m W","","","14","8","10","8","80","50","Fruit and other plant parts are harmful if eaten","","Tender; tolerate only about 1-5°C and should be protected from frost","Evergreen","","","",""
"0","Pink Persian cyclamen","Cyclamen persicum","330","Heart-shaped silver-marbled leaves · upswept vivid pink flowers · compact rounded habit","Water moderately while actively growing, preferably from below; reduce watering during dormancy","East / West","Humus-rich, free-draining; Frost, dry air and a wet crown kill it","No pruning required; remove dead flowers and leaves cleanly from the base","","Oct-Mar","","","","","","","","","","","Pink retail selection","H1c","Long flowering in cool bright conditions but vulnerable to frost, vine weevil, grey mould and root rot","Houseplants · conservatories · cool porches · seasonal containers","0.1-0.2m H × 0.1-0.3m W","","","7","9","9","10","45","25","Tubers and other parts are ornamental and should not be eaten","","Tender in UK conditions; ideally maintained above about 5°C","Deciduous","","","",""
"0","Sawara cypress 'Baby Blue'","Chamaecyparis pisifera 'Baby Blue'","195","Compact broadly conical conifer · soft silver-blue tufted foliage · fine architectural texture","Water regularly while establishing and during prolonged drought","North / East / South / West","Moist but drained, acidic; Chalk and standing water both check it","No routine pruning required; avoid cutting back into old brown wood","","Jan-Dec","","","","","","","","","","","'Baby Blue'","H5","Slow-growing and robust; may suffer aphids, juniper scale, shoot-boring moths or Phytophthora","Conifer beds · structural planting · mixed borders · specimen planting · large containers","2.5-4m H × 2.5-4m W","","","5","6","9","4","90","70","Foliage may irritate the skin when handled","","Hardy in most UK gardens, approximately -15 to -10°C","Evergreen","","","",""
"0","Daisy bush","Olearia × haastii","0","Dense evergreen grey-green foliage · masses of small white daisy flowers with yellow centres · compact rounded habit","Water during establishment; moderately drought tolerant once established","East / South / West","Any soil, well-drained; Waterlogging and hard inland frost","Trim after flowering or in spring to maintain shape","","Jul-Aug","","","","","","","","","","","","H4","Tough, wind and salt tolerant evergreen well suited to coastal gardens","Coastal hedging · evergreen structure · shrub borders · wind-resistant planting","1.5-2m H × 1.5-2m W","","","11","4","7","4","90","60","","","Generally hardy through much of the UK, approximately -10 to -5°C, especially in coastal or sheltered sites","Evergreen","","","",""
"0","Viola White Babyface","Viola Babyface Series 'White'","0","Compact mound · small bright white viola flowers · contrasting dark central face · fresh green foliage","Keep evenly moist but not waterlogged","East / South / West","Fertile, humus-rich, moist; Heat stops it; wet winter soil rots it","Deadhead regularly and lightly trim tired plants to encourage new flowers","","Sep-May","","","","","","","","","","","Babyface White","H5","Tough cool-season bedding plant but susceptible to slugs, aphids and fungal leaf problems","Bedding · containers · hanging baskets · edging · winter and spring displays","10-20 cm H × 15-25 cm W","","","12","9","11","5","65","30","","","Generally frost hardy as a cool-season viola in UK gardens","Evergreen","","","",""
"0","Heather 'Fluffy'","Calluna vulgaris 'Zilly'","300","Dense compact heather · unusually soft silvery-grey foliage · lavender-purple late-summer flowers","Water while establishing and keep containers from drying completely","East / South / West","Acid, humus-rich, drained; Lime-hating; use ericaceous compost","Lightly trim immediately after flowering without cutting into old bare wood","","Aug-Oct","","","","","","","","","","","Fluffy ('Zilly')","H5","Cold tolerant and low maintenance when grown in acidic freely drained soil","Heather gardens · acid borders · containers · winter foliage · groundcover","0.3-0.5m H × 0.4-0.6m W","","","7","5","9","6","90","70","","","Hardy in most UK gardens","Evergreen","","","",""
"0","Aster Alpha® Light Purple","Symphyotrichum dumosum Alpha® Light Purple","275","Neat compact perennial forming a rounded mound of green foliage smothered in soft light violet-purple daisy-like flowers with bright yellow centres.","Water regularly while establishing and keep moderately moist during active growth; avoid allowing container plants to dry out completely.","East / South / West","Fertile, moist, drained; No waterlogging; keep airflow","Deadhead to keep plants tidy and prolong display, then cut old stems to ground level after flowering or in late autumn.","","Aug-Oct","","","","","","","","","","","Alpha® Light Purple","H6","Compact and garden hardy; asters can be susceptible to aphids, slugs, snails, eelworm, leaf spots and fungal diseases where airflow is poor.","Patio containers, front of borders, autumn bedding, cottage gardens and pollinator planting.","30–40 cm H × 30–40 cm W","","","13","8","10","5","80","40","","","H6 · −20 to −15°C","deciduous","","","",""
"0","Silk tassel 'James Roof'","Garrya elliptica 'James Roof'","90","Large glossy dark evergreen leaves · extremely long silvery grey-green winter catkins · architectural upright habit","Water during establishment and prolonged drought","North / East / South / West","Any soil, well-drained; Cold inland wind scorches the leaves","Minimal pruning; remove damaged or straggly growth in spring after the catkin display","","Dec-Mar","","","","","","","","","","","'James Roof'","H4","Generally pest-free; occasional leaf spot or honey fungus possible","Architectural shrub · winter interest · wall-side planting · coastal gardens · screens","2.5-4m H × 2.5-4m W","","","9","3","6","5","75","45","","","Hardy through much of the UK to approximately -10 to -5°C but benefits from shelter","Evergreen","","","",""
"0","Seven son flower","Heptacodium miconioides","0","Multi-stemmed shrub or small tree · peeling tan bark · fragrant creamy-white late-summer flowers · persistent pink-red calyces","Water during establishment and prolonged drought","East / South / West","Fertile, moist, drained; Warmth and shelter bring the best bark","Minimal pruning; remove lower branches if desired to expose the ornamental peeling bark","","Aug-Oct","","","","","","","","","","","","H6","Very hardy and generally pest- and disease-free once established","Specimen shrub · small tree · wildlife gardens · late pollinator planting · architectural planting","3-5m H × 2.5-4m W","","","10","2","8","4","85","55","Ingestion may cause significant discomfort","","Fully hardy throughout the UK, approximately -20 to -15°C","Deciduous","","","",""
"0","Foxy Cream foxglove","Digitalis purpurea Foxy Group","45","Compact basal rosette · upright spikes of creamy-white tubular flowers · spotted throats","Water during establishment and prolonged dry weather","East / South / West / North","Any, moist but drained; Avoid ground that stays waterlogged","Cut faded flower spikes after flowering if seed is not required","","May-Jul","","","","","","","","","","","Foxy Group, cream selection","H5","Hardy short-lived perennial or biennial; generally easy but susceptible to slugs and occasional leaf diseases","Cottage gardens · woodland edges · pollinator planting · borders · containers","0.5-0.9m H × 0.2-0.5m W","","","15","5","10","5","65","30","Highly toxic if eaten; all parts contain cardiac glycosides","","Hardy in most UK gardens, approximately -15 to -10°C","Semi-evergreen","","","",""
"0","Sweet William","Dianthus barbatus","340","Upright stems · dense flattened clusters of scented flowers · colours ranging from white and pink to deep crimson","Water during prolonged dry periods","East / South / West","Well-drained, alkaline; Waterlogged winter ground rots it","Deadhead faded flower clusters as required","","May-Jul","","","","","","","","","","","","H7","Very cold tolerant but usually short-lived; may suffer slugs, aphids, rust, mildew or Fusarium","Cottage gardens · bedding · containers · cut flowers · wildlife gardens","0.4-0.6m H × 0.2-0.4m W","","","12","7","8","5","90","70","May cause skin irritation in sensitive people","","Extremely hardy, below -20°C","Evergreen","","","",""
"0","Escallonia 'Gold Brian'","Escallonia 'Gold Brian'","335","Compact evergreen · glossy foliage · clusters of small tubular flowers","Keep moist, not waterlogged","South / West","Any, fertile, well-drained; Shelter from cold winds · avoid wet soil","Prune after flowering; remove overlong shoots and shape as required","","Jun-Aug","","","","","","","","","","","","H5","coastal tolerant once established · reasonably drought tolerant","hedging · screening · shrub borders · coastal gardens · containers","1–1.5 m H × 1–1.5 m W","","","15","5","8","6","80","55","","","Hardy in sheltered UK gardens; foliage damage in severe winters","evergreen","","","",""
"0","BeeMine Lavender Bergamot","Monarda didyma 'Balbeemav'","280","Compact, upright, clump-forming perennial with aromatic green leaves and dense whorled flower heads made up of slender tubular lavender-purple flowers, creating a shaggy crown-like appearance.","Keep consistently moist during active growth, especially during warm or dry weather.","East / South / West","Humus-rich, moist, drained; Drought brings mildew; no winter wet","Deadhead spent flowers to encourage further blooming, then cut stems down to ground level in autumn or leave seed heads for winter structure before cutting back in late winter.","","Jun-Aug","","","","","","","","","","","BeeMine Lavender ('Balbeemav'); compact BeeMine Series cultivar bred for early flowering and strong resistance to powdery mildew.","H5","Notably resistant to powdery mildew compared with many older Monarda cultivars.","Herbaceous borders, cottage gardens, prairie planting, wildlife and pollinator gardens, cut flowers and patio containers.","38–46 cm H × 30–45 cm W","","","13","6","13","6","80","45","","","Hardy in most parts of the UK, tolerating approximately -15 to -10°C when established in suitably drained soil.","Deciduous, aromatic, ovate green leaves carried on upright square stems; forms a compact herbaceous clump.","","","",""
"0","Dwarf mountain pine 'Palmeter'","Pinus mugo 'Palmeter'","85","Slow-growing broad-conical dwarf pine · dense paired green needles · distinctive cream-white tips developing on young needles in winter","Water regularly while establishing; drought tolerant once established","East / South / West","Any, free-draining sandy; Waterlogging kills it; open sun for tips","Little pruning required; shorten new spring candles if size control or denser growth is needed","","Nov-Mar","","","","","","","","","","","'Palmeter' · RHS accepted name 'Pal Maleter'","H7","Very cold hardy, drought tolerant and undemanding once established; possible pine sawfly, scale, tip blight or needle disease","Conifer beds · rock gardens · gravel gardens · winter interest · specimen planting · large containers","1-2m H × 0.6-1.5m W","","","4","6","5","3","100","75","","","Extremely frost hardy and suitable throughout the UK","Evergreen","","","",""
"0","Stonecrop 'Rose Carpet'","Hylotelephium ewersii var. homophyllum 'Rosenteppich'","340","Low trailing succulent stems · rounded grey-green fleshy leaves · domed clusters of rose-pink starry flowers","Water sparingly once established","North / East / South / West","Well-drained, alkaline; Damp heavy ground rots the crown","Cut back old flowering growth after flowering or when dormant","","Aug-Sep","","","","","","","","","","","Rose Carpet ('Rosenteppich')","H6","Highly drought tolerant and hardy; main risks are slugs, vine weevil and rot in wet soil","Rock gardens · containers · edging · gravel gardens · front of borders","0.1-0.15m H × 0.2-0.5m W","","","9","6","3","3","95","60","","","Fully hardy throughout the UK, approximately -20 to -15°C","Deciduous","","","",""
"0","Dianthus Pink Kisses","Dianthus 'Kledg12163'","340","Compact grey-green mound · fragrant double pink flowers · darker crimson-pink petal centres","Water moderately and allow the surface to dry slightly between waterings","East / South / West","Well-drained, alkaline; Heavy winter wet rots the crown","Deadhead regularly to prolong flowering","","May-Sep","","","","","","","","","","","Pink Kisses ('Kledg12163')","H6","Hardy and compact; may suffer slugs, aphids, mildew, rust or Fusarium in unsuitable conditions","Containers · edging · rock gardens · cottage gardens · cut flowers","0.2-0.4m H × 0.2-0.4m W","","","10","7","6","5","95","80","May cause skin irritation; wear gloves if sensitive","Protected cultivar; commercial propagation may require breeder authorisation","Fully hardy throughout the UK, approximately -20 to -15°C","Evergreen","","","",""
"0","Red polyanthus","Primula polyanthus","355","Compact leafy rosette · clusters of rich red flowers held above dark green crinkled foliage","Keep evenly moist and do not allow to dry out during flowering","North / East / South / West","Humus-rich, moist, drained; Hates baking dry and standing water","Deadhead faded flowers and remove damaged leaves","","Jan-Apr","","","","","","","","","","","Red retail selection","H5","Cold hardy but may suffer slugs, vine weevil, aphids, grey mould and primula leaf diseases","Winter bedding · spring containers · edging · cottage gardens","0.1-0.3m H × 0.1-0.3m W","","","10","10","12","5","55","25","Foliage may irritate sensitive skin","","Hardy in most UK gardens, approximately -15 to -10°C","Evergreen","","","",""
"0","Prickly heath mixed","Gaultheria mucronata","340","Dense evergreen foliage · tiny white bell flowers · decorative berries in white, pink, red and wine shades","Keep evenly moist, especially in containers and sunny positions","East / North / West","Moist but drained, acidic; No lime; females need a male to berry","Minimal pruning; remove unwanted suckers to restrict spread","","Sep-Feb","","","","","","","","","","","Mixed berry selections","H6","Very hardy and generally pest-free; may sucker and spread in favourable acidic soil","Autumn containers · winter interest · acid borders · woodland gardens · groundcover","0.5-1.5m H × 0.5-1.5m W","","","8","4","11","6","30","10","Fruit is ornamental and should not be eaten","","Fully hardy throughout the UK, approximately -20 to -15°C","Evergreen","","","",""
"0","Egyptian starcluster Starcluster Mix","Pentas lanceolata Starcluster Mix","330","Compact upright foliage · dense clusters of five-pointed flowers · mixed pink, red, lavender and white shades","Water regularly during warm active growth but allow good drainage","South / West","Fertile, moist, drained; Frost kills it; lift or bin in autumn","Deadhead and pinch shoots to maintain compact branching growth","","Jun-Oct","","","","","","","","","","","Starcluster Mix","H1b","Heat tolerant and long flowering but unsuitable for overwintering outdoors in the UK","Summer containers · conservatories · warm patios · pollinator displays","0.25-0.6m H × 0.25-0.5m W","","","15","8","12","9","95","75","","","Tender tropical plant requiring temperatures generally above 10°C","Evergreen","","","",""
"0","Hardy Fuchsia Alice Hoffman","Fuchsia 'Alice Hoffman'","340","Small, upright, bushy hardy fuchsia with bronze-green foliage tinged purple and abundant small semi-double flowers combining rose-pink outer parts with white, pink-veined petals.","Keep reasonably moist during active growth, particularly while flowering and when grown in containers, but allow excess water to drain freely.","East / South / West","Fertile, moist, drained; Avoid winter wet and cold drying winds","Prune in spring once new growth begins, removing dead or frost-damaged stems and cutting established shoots back to strong healthy buds as required.","","Jun-Oct","","","","","","","","","","","Alice Hoffman; compact semi-double hardy fuchsia cultivar.","H4","Reliable hardy fuchsia capable of returning from the base after winter damage, though severe frost and exposed container culture increase risk.","Flower borders, cottage gardens, courtyard planting, edging and patio containers.","50–60 cm H × 40–60 cm W","","","11","10","12","7","70","35","","","Hardy through most of the UK to roughly -10 to -5°C when established. Plant slightly deeper, mulch the root area in winter and provide shelter in colder gardens.","Deciduous bronze-green leaves with purple tinges on a compact bushy framework.","","","",""
"0","Desperados Japanese Barberry","Berberis thunbergii 'Desperados'","25","Dense, compact, broadly rounded deciduous shrub with thorny branching and unusually vivid colour-changing foliage. Small pale yellow flowers tinged red are followed by bright red berries.","Water regularly during establishment.","East / South / West","Any soil, well-drained; Dislikes waterlogging; spines injure","Little pruning is required. Remove misplaced, damaged or congested shoots and trim hedging after flowering if necessary.","","Mar-Nov","","","","","","","","","","","Neon Series; compact Polish cultivar introduced commercially in 2021.","H7","Very cold hardy, adaptable to a wide range of soils and relatively tolerant once established.","Shrub borders, colourful foliage schemes, low hedging, urban planting, wildlife gardens and containers.","60–80 cm H × 60–80 cm W","","","8","6","7","4","85","45","Berries are ornamental and should not be eaten. Stems are thorny, so wear gloves when handling or pruning.","","Extremely hardy and suitable for even very cold UK gardens.","Deciduous oval leaves with striking seasonal colour changes from orange and red to green and finally orange-red.","","","",""
"0","Alpha White Bushy Aster","Symphyotrichum dumosum 'Alpha White'","0","Compact, rounded and densely branched perennial producing masses of small white daisy-like flowers with bright yellow centres above fresh green foliage.","Water regularly while establishing and during prolonged dry weather.","East / South / West","Fertile, moist, drained; Winter wet; poor airflow brings mildew","Deadhead to keep plants tidy if required, then cut old stems down to near ground level after flowering or in late winter.","","Aug-Sep","","","","","","","","","","","Alpha White; compact white-flowered selection commonly sold within the Alpha range.","H6","Reliable hardy perennial with strong late-season flowering and good cold tolerance.","Front of borders, cottage gardens, containers, mixed perennial displays and late-season pollinator planting.","30–40 cm H × 30–40 cm W","","","12","6","10","5","80","45","","","Fully hardy through UK winters in well-drained soil, dying back before returning from the crown in spring.","Dense fresh to dark green herbaceous foliage, dying back during winter.","","","",""
"0","Pansy Rose Blotch","Viola × wittrockiana 'Rose Blotch'","335","Compact, mound-forming bedding pansy carrying broad, overlapping rose-pink flowers marked by a dark face or blotch around the flower centre.","Keep evenly moist but not saturated, watering more frequently in containers and during dry flowering periods.","East / South / West","Fertile, humus-rich, moist; Wet compost rots it; hates summer heat","Deadhead regularly to prolong flowering and trim back tired or leggy growth when necessary.","","Sep-May","","","","","","","","","","","Rose Blotch colour selection; commercial Matrix Rose Blotch also exists, but the supplied label does not identify the series.","H6","Excellent cool-season bedding performance and tolerant of frost; less resilient in sustained summer heat.","Bedding, borders, edging, window boxes, patio containers, baskets and seasonal displays.","15–20 cm H × 20–25 cm W","","","14","9","11","5","75","40","","","Very cold tolerant as a bedding pansy, although prolonged severe weather, saturated soil and exposed containers can still cause losses.","Compact green to dark green, scalloped foliage forming a low mound; usually semi-evergreen in mild conditions.","","","",""
"0","Globe Amaranth","Gomphrena globosa","315","Bushy annual with upright wiry stems, softly hairy green leaves and distinctive rounded, clover-like flower heads formed from papery coloured bracts.","Water regularly while establishing, then moderately.","South / West","Fertile, free-draining; Cold wet soil rots it; frost kills it","No formal pruning required. Deadhead or regularly cut flower stems to encourage continued flowering.","","Jul-Oct","","","","","","","","","","","Species supplied without a named cultivar.","H2","Very tolerant of summer heat and increasingly drought tolerant once established, but killed by frost.","Summer bedding, sunny borders, containers, pollinator planting, fresh cut flowers and everlasting dried flowers.","30–50 cm H × 20–30 cm W","","","14","4","8","5","95","80","","","Tender to frost in the UK and normally grown as a half-hardy annual.","herbaceous; green, opposite, oblong leaves, often softly hairy, on a bushy annual plant.","","","",""
"0","Wintersweet","Chimonanthus praecox","50","Bare winter branches studded with waxy translucent yellow flowers · dark purple-red flower centres · intense sweet fragrance","Water during establishment and prolonged dry periods","East / South","Any, moist but drained; Needs a warm sheltered wall to flower","Minimal pruning; remove damaged or misplaced shoots after flowering","","Dec-Feb","","","","","","","","","","","Species form. Notable selections include 'Luteus' and 'Grandiflorus', but the supplied plant is Chimonanthus praecox without a named cultivar.","H5","Generally pest-free and hardy once established; honey fungus is an occasional disease risk","Winter gardens · fragrant gardens · wall-side borders · specimen shrubs","2.5-4m H × 1.5-2.5m W","","","7","3","7","6","95","75","Seeds and other plant material should not be eaten","","Hardy in most UK gardens, approximately -15 to -10°C","Deciduous","","","",""
"0","Deutzia 'Mont Rose'","Deutzia × hybrida 'Mont Rose'","340","Arching deciduous shrub · abundant blush rose-pink flowers · fresh green foliage","Water regularly during establishment and prolonged dry weather","East / South / West","Fertile, moist, drained; Deep shade and wet feet both cost you","Immediately after flowering remove around one third of older flowered stems to encourage replacement growth","","May-Jun","","","","","","","","","","","'Mont Rose'","H5","Reliable and easy to grow in ordinary garden soil with relatively few serious problems","Shrub borders · cottage gardens · informal hedging · mixed planting","1.5-2m H × 1.5-2m W","","","11","4","8","4","80","45","","","Hardy in most UK gardens, approximately -15 to -10°C","Deciduous","","","",""
"0","Double Bedding Daisy","Bellis perennis","0","Double pompon daisies in pink, red or white · compact rosettes · spring colour","Keep evenly moist; water containers when the surface begins to dry.","Any aspect","Moist, well-drained; Avoid waterlogging","Deadhead to prolong flowering; cut back after flowering.","","Mar-Jun","","","","","","","","","","","'Tasso' – compact pompon flowers · 'Pomponette' – small quilled doubles · Bellissima Series – larger double pompons","H5","Generally pest-free; rust can occur; established plants tolerate cold conditions well.","Autumn and spring bedding · edging · containers · window boxes","10-15 cm H × 10-15 cm W","","","14","3","10","5","75","45","Edible petals are used as garnish, but eating large amounts of the plant may cause stomach upset; children and pets should not eat nursery-grown bedding plants.","","Hardy in most places throughout the UK, approximately -15 to -10°C.","evergreen; compact rosettes of spoon-shaped dark green leaves","","","",""
"0","Panicled Hydrangea 'Switch Ophelia'","Hydrangea paniculata 'Breg14'","340","Lacy white blooms turn rose then deep pink · exceptionally compact · long flowering","Water regularly, especially in sun and containers; do not allow the rootball to dry out.","Any aspect","Moist, well-drained; Sun needs reliably moist soil","In spring cut last year's stems back to a pair of healthy buds.","","Jun-Oct","","","","","","","","","","","This plant: 'Breg14' = (S)WITCH 'Ophelia' / POLESTAR · 'Little Lime' – compact green-white · 'Limelight' – larger lime-white panicles","H5","Hardy and reliable; may get aphids, capsid bug, hydrangea scale, vine weevil, leaf spot, mildew or Botrytis.","Patio containers · small gardens · front of borders · courtyards · cut flowers","50 cm H × 50 cm W","","","10","8","14","7","72","40","Plant material is harmful if eaten and may cause stomach upset; dogs and cats are at risk. Handling may trigger skin allergy, so wear gloves.","PBR protected: 'Breg14', CPVO EU52722; commercial propagation requires permission. UK plant passport rules apply to professional movement.","Hardy in most places throughout the UK, approximately -15 to -10°C.","deciduous; broadly oval, coarsely toothed green leaves","","","",""
"0","Early Stachyurus","Stachyurus praecox","55","Drooping chains of pale yellow-green bells hang from bare red-purple shoots","Moderate; water during dry spells","East / South / West","Moist, well-drained; Shelter from cold drying winds","Prune minimally after flowering if required","","Feb-Apr","","","","","","","","","","","syn. Stachyurus japonicus","H5","generally pest free · woodland-edge suitable","woodland gardens · winter interest · shrub borders","2.5–4 m H × 1.5–2.5 m W","","","7","3","10","5","55","30","","","Hardy through a cold UK winter, withstanding -15 to -10C.","","","","",""
"0","Silverbush 'SENSE'","Convolvulus cneorum","50","Low evergreen shrub with narrow intensely silver-grey foliage and masses of pink-flushed buds opening to white funnel-shaped flowers with yellow centres.","Water moderately during active growth and while establishing; established plants prefer relatively dry conditions and should be kept drier in winter.","South / West","Lean, gritty, any pH; Must drain sharply; hates winter wet","Lightly trim after flowering to maintain a compact shape; avoid cutting heavily into old woody growth.","","May-Jul","","","","","","","","","","","SENSE","H4","Heat and drought tolerant once established and generally pest-free; occasional honey fungus has been recorded.","Mediterranean planting, gravel garden, sunny border, raised bed and patio container.","0.5–1 m H × 0.5–1 m W","","","9","3","5","5","95","80","","","H4 · −10 to −5°C · Hardy through most of the UK in a warm, sheltered and sharply drained position; vulnerable to prolonged cold combined with winter wet.","evergreen","","","",""
"0","Cyclamen 'Illusia'","Cyclamen persicum 'Illusia'","335","Compact cyclamen with marbled dark-green foliage and unusual upward-facing open pink flowers with a darker central eye and contrasting crested beard.","Water from below when the compost begins to dry, allow excess water to drain fully and reduce watering substantially during dormancy.","East / South","Free-draining potting mix; Never let the tuber or crown sit wet","Deadhead promptly by removing each spent flower and its entire stem cleanly back to the base.","","Oct-Mar","","","","","","","","","","","Illusia","H2","Long-flowering and bred for strong pot performance, but vulnerable to excessive heat, waterlogging, cyclamen mite, thrips, aphids and grey mould.","Flowering houseplant, cool conservatory, sheltered porch, seasonal patio pot and indoor winter colour.","20 cm H × 20 cm W","","","9","11","10","11","40","20","Tubers are harmful if eaten and the plant should be kept away from pets and children; wear gloves if sensitive when handling.","","H2 · 1 to 5°C · Tolerates cool temperatures but not significant frost; primarily suited to cool indoor conditions, conservatories or frost-protected outdoor positions in the UK.","deciduous","","","",""
"0","Autumn camellia 'Versicolor'","Camellia sasanqua 'Versicolor'","330","Upright evergreen shrub with dark glossy foliage and single autumn flowers that fade from vivid lavender-pink margins through pale pink to a white centre.","Keep evenly moist while establishing and during summer bud formation; container plants require regular watering, preferably with rainwater in hard-water areas.","East / South / West","Acid, moist, well-drained; No lime or chalk; avoid summer drought","Little pruning is normally required; lightly shape immediately after flowering and remove damaged or congested shoots.","","Oct-Jan","","","","","","","","","","","Versicolor","H4","Tolerates more sun than many camellias once established but remains sensitive to alkaline soil and drought; possible pests include aphids, scale insects and vine weevil.","Autumn and winter flowering specimen, sheltered border, wall-side planting, courtyard and large container.","2.5–4 m H × 2.5–4 m W","","","9","8","11","9","65","35","","","H4 · −10 to −5°C · Hardy through most of the UK in a suitable sheltered position, though flowers and buds can be damaged by severe frost or cold winds.","evergreen","","","",""
"0","Alum root 'Guacamole'","Heuchera 'Guacamole'","90","Clump-forming perennial with striking bright lime-green foliage and slender upright stems carrying creamy-white flowers in spring and summer.","Keep moderately and consistently moist, particularly after planting and in containers, while allowing excess water to drain freely.","Any aspect","Moist, drained, acid–neutral; Waterlogging rots it; replant rising crowns","No formal pruning required; remove tired foliage and spent flower stems as necessary and divide ageing clumps periodically.","","May-Jul","","","","","","","","","","","Guacamole","H6","Cold hardy and reasonably drought resistant once established, although best growth occurs with consistent moisture; susceptible to vine weevil, eelworm and heuchera rust.","Shady border, ground cover, woodland-style planting, rose and shrub underplanting, banks and containers.","0.5–1 m H × 0.5–1 m W","","","10","11","10","7","25","10","","","H6 · −20 to −15°C · Hardy throughout the UK; container-grown plants are somewhat more vulnerable during severe freezes.","semi-evergreen","","","",""
"0","Camellia 'Sasanqua Variegata'","Camellia sasanqua 'Sasanqua Variegata'","340","Dense upright evergreen camellia with green leaves edged or marked pale yellow and elegant single white flowers with conspicuous pink to reddish-pink margins.","Keep evenly moist while establishing and during summer bud development; use rainwater where tap water is strongly alkaline.","Any aspect","Acid, moist, well-drained; Lime-sensitive; avoid summer drying","Usually requires little pruning; lightly shape after flowering and remove dead, damaged or badly placed growth.","","Oct-Dec","","","","","","","","","","","Sasanqua Variegata","H4","Evergreen and relatively tolerant of sun once established; the main vulnerabilities are unsuitable alkaline soil, drought and common camellia pests or root diseases.","Autumn-flowering specimen, foliage feature, sheltered border, courtyard, wall-side planting and large container.","1–1.5 m H × 0.8–1 m W","","","9","8","11","9","65","35","","","H4 · −10 to −5°C · Hardy through most of the UK when sheltered, although exposed frost and cold winds can damage flowers and young growth.","evergreen","","","",""
"0","Saxifrage 'Dancing Pixies Tini'","Saxifraga Dancing Pixies Tini ('Sh 1914')","335","Dwarf clump-forming saxifrage with dark green scalloped foliage and masses of striking deep-pink, star-shaped autumn flowers.","Keep evenly moist during active growth but allow excess water to drain freely; container plants should not be allowed to dry completely.","East / South / West","Moist, drained, any pH; Not waterlogged; keep roots cool","No pruning required; spent flower stems and damaged leaves can be removed for appearance.","","Sep-Nov","","","","","","","","","","","Dancing Pixies Tini / Sh 1914","H4","Generally disease-free but can be affected by aphids, slugs, vine weevil and glasshouse red spider mite.","Shady border, woodland planting, rock garden, autumn container display and cool indoor display.","25 cm H × 0.1–0.5 m W","","","8","10","12","7","25","5","","","H4 · −10 to −5°C · Hardy through most of the UK when grown in moist but well-drained soil and protected from severe exposure.","evergreen","","","",""
"0","Prickly heath 'Snow White'","Gaultheria mucronata 'Snow White'","110","Compact evergreen shrub with small glossy spine-tipped dark-green leaves, tiny white bell-shaped flowers and conspicuous white berries on pollinated female plants.","Keep consistently moist, especially while establishing and when grown in sun or containers.","Any aspect","Acid, moist, humus-rich; No lime; females need a male to berry","Requires little pruning; lightly shape if necessary and remove unwanted suckers where spreading needs to be restricted.","","Sep-Dec","","","","","","","","","","","Snow White · RHS: 'Sneeuwwitje'","H6","Cold hardy, wind tolerant and generally pest-free; naturally suckering and may be susceptible to honey fungus where the disease is already present.","Autumn and winter berry display, acid border, container, woodland-style planting, coastal garden and low evergreen ground cover.","1–1.5 m H × 1–1.5 m W","","","7","4","13","8","35","10","Berries are grown as ornamental fruit and should not be eaten; keep ornamental berries away from pets and children.","","H6 · −20 to −15°C · Hardy throughout the UK, although plants in exposed containers may benefit from protection during severe freezes.","evergreen","","","",""
"0","Blanket flower GUSTO™ 'Sweet Chili'","Gaillardia hybrida GUSTO™ 'Sweet Chili'","8","Compact mound-forming perennial with extra-large red daisy-like flowers tipped yellow, with warm orange tones.","Water regularly while establishing; once established, allow the soil to dry somewhat between waterings and irrigate mainly during prolonged drought.","South / West","Gritty, sharply drained; Winter wet and rich ground shorten its life","Deadhead regularly to encourage continuous flowering; cut back spent growth after flowering or tidy remaining old stems in early spring.","","Jun-Oct","","","","","","","","","","","GUSTO™ Sweet Chili","H5","Heat and drought tolerant once established, tolerant of coastal conditions and highly attractive to pollinating insects.","Sunny border, gravel garden, wildlife garden, coastal planting, cut flowers and patio container.","35–40 cm H × 35–45 cm W","","","13","6","5","5","95","75","","","H5 · −15 to −10°C · A hardy perennial suitable for most UK gardens when drainage is good; winter wet is likely to be a greater limitation than cold in many sites.","deciduous","","","",""
"0","Aster 'Rose Crystal'","Symphyotrichum dumosum 'Rose Crystal'","300","Compact, mound-forming perennial smothered in vivid violet-magenta semi-double daisies with golden-yellow centres above narrow green foliage.","Keep moderately and consistently moist during active growth, especially while establishing and during prolonged dry spells.","East / South / West","Moist, drained, any pH; No waterlogging; airflow limits fungus","Deadhead if desired, then cut stems close to ground level in late autumn. Divide congested clumps every few years to maintain vigour.","","Sep-Oct","","","","","","","","","","","Rose Crystal","H7","Very cold hardy and generally reliable; may be affected by aphids, slugs, snails, eelworm, leaf spot, grey mould or Fusarium wilt.","Front of border, autumn colour, pollinator garden, cottage garden, coastal planting and containers.","35 cm H × 30–50 cm W","","","12","8","10","5","75","40","","","H7 · below −20°C","deciduous","","","",""
"0","Prickly heath 'Signaal'","Gaultheria mucronata 'Signaal'","5","Compact evergreen shrub with dense, small spine-tipped dark green leaves, white urn-shaped flowers and large vivid red berries from autumn into winter.","Keep consistently moist, especially while establishing and when grown in sunnier positions or containers.","East / South / West","Moist, acid to neutral; No lime; females need a male to berry","Requires little pruning; remove damaged growth and lightly shape after flowering if needed. Unwanted suckers can be removed to restrict spread.","","Sep-Dec","","","","","","","","","","","Signaal / Signal","H6","Very cold hardy and generally pest-free; may be susceptible to honey fungus where the disease is already present.","Autumn and winter berry display, acid border, woodland planting, coastal garden and containers.","1–1.2 m H × 1–1.5 m W","","","7","3","13","8","50","20","Fruit is ornamental and should not be eaten. Wear gloves when handling if sensitive.","","H6 · −20 to −15°C","evergreen","","","",""
"0","Elephant's ears 'Bressingham Ruby'","Bergenia 'Bressingham Ruby'","335","Low clump-forming evergreen perennial with broad leathery green leaves that develop rich maroon-red winter colouring, topped by vivid magenta-pink bell-shaped flowers in early spring.","Water regularly while establishing; mature plants tolerate some drought but perform best with moderate moisture.","Any aspect","Humus-rich, drained, any pH; No waterlogging; frost can nip early flowers","Remove faded flower spikes and damaged or tired foliage as required.","","Mar-Apr","","","","","","","","","","","Bressingham Ruby","H5","Cold hardy and reasonably drought tolerant once established; may be affected by vine weevil, slugs, snails and leaf spot.","Ground cover, shady border, banks and slopes, coastal planting, underplanting shrubs and containers.","35 cm H × 30–50 cm W","","","8","8","8","3","45","15","","","H5 · −15 to −10°C","evergreen","","","",""
"0","Red bistort Bonfire","Bistorta amplexicaulis 'Bokrafire'","355","Dense, bushy clump-forming perennial with fresh green pointed leaves and numerous slender upright spikes of deep red flowers from midsummer well into autumn.","Keep reliably moist during active growth, particularly during hot dry periods.","Any aspect","Moist, humus-rich, any pH; Dislikes drought; clump spreads steadily","Cut old flowering stems and foliage back after flowering or before fresh growth begins in spring.","","Jul-Oct","","","","","","","","","","","Bonfire / Bokrafire","H7","Extremely cold hardy, vigorous and generally pest- and disease-free; established plants cope particularly well in moisture-retentive soils.","Perennial border, wildlife garden, mass planting, cottage garden and naturalistic planting.","0.7–1 m H × 0.5–1 m W","","","14","3","14","4","60","25","Sap and plant material may irritate skin, and ingestion may cause mild stomach upset. Wear gloves when handling if sensitive.","","H7 · below −20°C","deciduous","","","",""
"0","Heucherella 'Solar Eclipse'","× Heucherella 'Solar Eclipse'","35","Compact clump-forming perennial with dramatic scalloped leaves maturing to rich burgundy-brown, each outlined by a narrow lime-green to golden margin, with sprays of small white flowers in late spring.","Keep moderately and evenly moist, especially while establishing and when grown in containers.","North / East / West","Moist, drained, neutral; No waterlogging or drying; mulch helps","Remove faded flower stems and dead or damaged leaves as required.","","May-Jul","","","","","","","","","","","Solar Eclipse","H6","Very cold hardy and generally disease-free; vine weevil can be troublesome, particularly in containers.","Shady border, foliage planting, ground cover, edging, shrub underplanting and patio containers.","20–40 cm H × 30–50 cm W","","","9","8","10","5","30","10","","","H6 · −20 to −15°C","semi-evergreen","","","",""
"0","Aster 'Granat'","Symphyotrichum dumosum 'Granat'","325","Compact bushy autumn perennial producing a dense display of vivid fuchsia-pink to purplish-red daisy-like flowers above green foliage.","Keep moderately moist while actively growing and during prolonged dry periods, particularly in containers.","East / South / West","Moist, drained, any pH; No waterlogging or crowding; keep airflow","Deadhead if desired, then cut stems down to ground level in late autumn. Divide older clumps every few years.","","Aug-Oct","","","","","","","","","","","Granat","H6","Cold hardy and valuable for late-season pollinators; may be susceptible to typical aster pests and fungal diseases.","Autumn borders, containers, cottage gardens, wildlife planting and massed seasonal colour.","40–60 cm H × 30–50 cm W","","","12","8","10","5","80","40","","","H6 · −20 to −15°C","deciduous","","","",""
"0","Blueberry 'Brigitta'","Vaccinium corymbosum 'Brigitta'","220","Upright deciduous blueberry with white bell-shaped spring flowers followed by firm mid- to light-blue berries in late summer and early autumn, with foliage turning orange and red before falling.","Keep consistently moist using rainwater where possible, especially during flowering, fruit development and when grown in containers.","East / South / West","Moist, acid pH 4.5–5.5; Ericaceous in pots; hard water yellows it","Once established, prune in late winter by removing dead or weak wood and gradually removing some of the oldest stems at the base to encourage productive new growth.","","Aug-Sep","","","","","","","","","","","Brigitta / Brigitta Blue","H6","Very cold hardy and productive in suitable acidic soil; may suffer vine weevil in containers, root rot in wet soil and nutrient chlorosis where pH is too high.","Edible garden, fruit garden, patio container, raised bed, acid border and wildlife-friendly planting.","1.5–2.5 m H × 1.5–2.5 m W","","","9","7","14","9","80","40","","","H6 · −20 to −15°C","deciduous","","","",""
"0","Stonecrop ROCK 'N GROW® Coraljade","Hylotelephium 'Coraljade'","350","Strong upright perennial with fleshy rich-green foliage and large domed flower heads, opening from citron-green buds into soft coral-pink flowers in early autumn.","Water moderately while establishing; once established, water only during prolonged dry periods.","South / West","Lean, well-drained, any pH; Wet or rich soil: flop and rot","Leave dried flower heads through winter if desired, then remove old stems at ground level when fresh growth appears in spring.","","Aug-Sep","","","","","","","","","","","ROCK 'N GROW® Coraljade","H7","Very cold hardy, drought tolerant and generally easy to grow; possible problems include aphids, mildew and crown or stem rots in unsuitable wet conditions.","Sunny border, mass planting, gravel garden, wildlife garden, cut flowers, dried flowers and containers.","40–45 cm H × 65–70 cm W","","","10","5","4","3","95","65","","","H7 · below −20°C","deciduous","","","",""
"0","English lavender 'Munstead'","Lavandula angustifolia 'Munstead'","265","Compact aromatic evergreen shrub forming a rounded mound of narrow grey-green leaves with highly fragrant blue-purple flower spikes in summer.","Water regularly until established, then sparingly; mature plants are strongly drought tolerant.","East / South / West","Gritty, neutral–alkaline; Hates winter wet and rich feeding","Deadhead and trim after flowering to maintain a compact shape. Avoid cutting deeply into old leafless wood, which may not regenerate.","","Jun-Aug","","","","","","","","","","","Munstead","H5","Drought tolerant once established and highly attractive to pollinators; may occasionally be affected by rosemary beetle, froghoppers, grey mould or honey fungus.","Path edging, herb garden, cottage garden, Mediterranean planting, gravel garden, wildlife garden and containers.","45 cm H × 0.5–1 m W","","","8","5","4","4","95","75","","","H5 · −15 to −10°C","evergreen","","","",""
"0","Stonecrop 'Conga Line'","Hylotelephium telephium 'Conga Line'","25","Compact upright perennial with glossy foliage shifting through yellow-green, blue-green and purple into warm burgundy tones, topped by peach, coral and creamy flower clusters in late summer.","Low to moderate water needs; allow soil to dry between waterings once established.","South / West","Lean, well-drained, any pH; Rich or wet soil loosens its habit","Leave seed heads standing through winter for structure and wildlife, then cut old stems to ground level before new spring growth.","","Aug-Sep","","","","","","","","","","","Conga Line","H7","Very cold hardy, drought tolerant once established, deer resistant and strongly attractive to pollinators.","Dry garden, sunny border, edging, mass planting, pollinator garden and containers.","40–50 cm H × 40 cm W","","","13","4","4","3","95","70","","","H7 · below −20°C","deciduous","","","",""
"0","Stonecrop Black Knight","Hylotelephium telephium 'Dolseb'","350","Compact upright perennial with glossy, exceptionally dark burgundy-purple to near-black succulent foliage, topped by broad clusters of rich red flowers in late summer.","Water moderately while establishing, then sparingly; established plants are strongly drought tolerant.","South / West","Lean, well-drained, any pH; Wet or rich soil brings rot","Leave spent flower heads for winter structure if desired, then cut old stems to ground level as new growth begins in spring.","","Aug-Sep","","","","","","","","","","","Black Knight / Dolseb","H6","Highly drought tolerant once established and selected for strong disease resistance; good drainage remains essential in winter.","Sunny border, gravel garden, rock garden, pollinator planting, cut flowers and containers.","50 cm H × 50 cm W","","","10","4","4","3","90","60","","","H6 · −20 to −15°C","deciduous","","","",""
"0","Prayer plant 'Stella'","Goeppertia lietzei 'Stella'","105","Compact tropical foliage plant with strongly variegated wavy leaves marbled white, light green and deep green, dark green margins and translucent purple colouring beneath.","Keep the compost consistently lightly moist but never waterlogged. Rainwater or filtered water is preferable where tap water is hard.","North / East","Airy houseplant mix; Hates wet feet, draughts and dry air","No formal pruning required; remove damaged or ageing leaves cleanly at the base.","","Jan-Dec","","","","","","","","","","","Stella","H1a","More vigorous and tolerant of higher light than its parent 'White Fusion', but still requires warm temperatures and relatively high humidity; spider mites and mealybugs can occur indoors.","Houseplant, conservatory, bathroom, warm bright room and tropical foliage display.","50–70 cm H × 40–50 cm W","","","11","9","14","13","35","15","","","H1a · keep above 15°C","evergreen","","","",""
"0","Sage Magical® Mississippi","Salvia × jamensis Magical® Mississippi","335","Compact bushy sage with aromatic bright green foliage and abundant two-lipped bicoloured flowers, white with striking bright pink lips, over a long summer and autumn flowering season.","Water regularly while establishing, then moderately during prolonged dry spells. Allow the soil surface to dry slightly between waterings.","South / West","Light, drained, any pH; Needs sharp winter drainage","Deadhead during summer to prolong flowering. Cut back and reshape in spring once strong new growth is visible rather than pruning hard in autumn.","","May-Oct","","","","","","","","","","","Magical® Mississippi","H5","Heat and drought tolerant once established and highly attractive to pollinators; winter wet is often more damaging than cold.","Sunny border, wildlife garden, Mediterranean-style planting, gravel garden, coastal planting and patio container.","40–50 cm H × 40–50 cm W","","","13","7","6","6","95","70","","","H5 · −15 to −10°C","semi-evergreen","","","",""
"0","Bush rose SEE YOU® in Rosé","Rosa 'Korhulth 004'","345","Compact bushy Persica-hybrid rose with dark green foliage and masses of fragrant, semi-double soft pink flowers, each with a striking dark reddish-pink eye and bright yellow stamens.","Water regularly while establishing and during prolonged dry periods; established plants are comparatively drought tolerant for a garden rose.","South / West","Rich, drained, not acid; No waterlogging; renew old rose soil","Prune in early spring, removing dead, weak or crossing growth and reducing strong stems to maintain a compact bush. Deadhead to encourage repeat flowering.","","Jun-Oct","","","","","","","","","","","SEE YOU® in Rosé / Korhulth 004","H6","Exceptionally winter hardy and bred from drought-adapted Persica genetics; vigorous repeat flowering and useful for pollinators.","Bush rose, patio container, sunny border, pollinator garden, low informal planting and cut flowers.","70 cm H × 50 cm W","","","12","7","7","6","90","65","Fruit is ornamental and should not be eaten. Thorny stems can scratch skin; wear gloves when pruning.","","H6 · −20 to −15°C","deciduous","","","",""
"0","Flower Carpet Pink","Rosa 'Noatraum'","335","Low spreading ground-cover rose with glossy healthy green foliage and large sprays of vivid pink semi-double flowers produced repeatedly through summer and autumn.","Water regularly while establishing; established plants tolerate short dry spells but flower best with reliable moisture.","Any aspect","Fertile, drained, any pH; No waterlogging; renew old rose soil","Prune in late winter or early spring by removing damaged growth and shortening or shearing stems to control spread. Deadheading is optional.","","Jun-Oct","","","","","","","","","","","Flower Carpet Pink / Pink Flower Carpet / Noatraum","H6","Vigorous, exceptionally disease-resistant for a rose and tolerant of exposed positions once established.","Ground cover, banks and slopes, mass planting, low hedging, borders and large containers.","0.5–1 m H × 1–1.5 m W","","","14","5","9","4","85","50","Fruit is ornamental and should not be eaten. Thorny stems can scratch skin; wear gloves when handling.","","H6 · −20 to −15°C","deciduous","","","",""
"0","Rose 'White Patio'","Rosa 'White Patio'","50","Small compact patio rose with glossy mid-green foliage and clusters of neat, lightly scented pure-white flowers produced repeatedly from summer into autumn.","Keep evenly moist during active growth, particularly in containers, but allow excess water to drain freely.","East / South / West","Fertile, drained, any pH; Pots dry fast but must never sit wet","Prune lightly in late winter or early spring, removing weak or damaged growth and shortening remaining stems. Deadhead regularly.","","Jun-Oct","","","","","","","","","","","White Patio","H6","Cold hardy but, like other miniature and patio roses, requires consistent watering and feeding when confined to containers.","Patio pot, balcony, courtyard, front of border, small garden and seasonal flowering display.","50 cm H × 0.5–1 m W","","","9","8","11","7","90","65","Fruit is ornamental and should not be eaten. Thorny stems may scratch skin.","","H6 · −20 to −15°C","deciduous","","","",""
"0","Grandpa's Rose","Rosa 'Noa84497D'","355","Compact floribunda with glossy green foliage and generous clusters of small semi-double bright scarlet-red flowers with conspicuous golden-yellow stamens and a light fragrance.","Water regularly while establishing and during prolonged dry spells, directing water towards the soil rather than repeatedly wetting foliage.","East / South / West","Fertile, drained, any pH; No waterlogging; renew old rose soil","Prune in early spring, removing weak, dead or crossing stems and shortening healthy shoots to around 25–30 cm where appropriate. Deadhead spent clusters.","","Jun-Oct","","","","","","","","","","","Grandpa's Rose / Canzonetta / Noa84497D","H6","Compact, vigorous and noted for very good foliage health and disease resistance.","Gift rose, patio container, front of border, mass planting, pollinator planting and small gardens.","60 cm H × 50 cm W","","","12","5","9","5","90","60","Fruit is ornamental and should not be eaten. Thorny stems can scratch skin; gloves are recommended.","","H6 · approximately −20 to −15°C","deciduous","","","",""
"0","Rose 'My Mum'","Rosa 'Webmorrow'","355","Compact floribunda with bushy green foliage and abundant clusters of lightly fragrant red double flowers with a paler centre and distinctive silvery reverse to the petals.","Water regularly while establishing and during dry weather; avoid repeatedly wetting flowers and foliage late in the day.","East / South / West","Fertile, drained, any pH; No waterlogging; renew old rose soil","Prune in late winter or early spring, removing dead and weak stems and cutting healthy growth back to maintain a compact floribunda shape. Deadhead regularly.","","Jun-Oct","","","","","","","","","","","My Mum / Webmorrow","H6","Hardy, free-flowering and reported to have good disease resistance.","Gift rose, border, bedding, patio container, cut flowers and small gardens.","75 cm H × 50–90 cm W","","","11","6","9","6","90","60","Fruit is ornamental and should not be eaten. Thorny stems can scratch skin; wear gloves when pruning.","","H6 · −20 to −15°C","deciduous","","","",""
"0","Rose Fragrant Cloud","Rosa 'Tanellis'","355","Classic upright hybrid tea rose with dark reddish-green foliage and large, beautifully formed deep crimson-red flowers renowned for their exceptionally intense fragrance.","Water deeply during dry weather, especially while establishing and during bud development.","East / South / West","Fertile, drained, any pH; Avoid exposed sites; renew old rose soil","Prune firmly in late winter or early spring, removing weak and damaged stems and reducing vigorous healthy shoots. Deadhead repeat blooms through the season.","","Jun-Oct","","","","","","","","","","","Fragrant Cloud / Tanellis","H6","Cold hardy and vigorous but requires normal monitoring for black spot, mildew, rust and common rose pests.","Fragrance garden, cut flowers, mixed border, rose bed and large patio container.","80–90 cm H × 0.5–1 m W","","","11","9","9","7","90","65","Fruit is ornamental and should not be eaten. Thorny stems can scratch skin; wear gloves when handling.","","H6 · −20 to −15°C","deciduous","","","",""
"0","English rose Emily Brontë","Rosa 'Ausearnshaw'","345","Bushy English shrub rose bearing exceptionally full pale pink flowers with warm apricot-yellow centres, fading towards cream and carrying a strong tea and old-rose fragrance.","Water deeply during prolonged dry periods and regularly through the first growing season.","East / South / West","Fertile, drained, any pH; No waterlogging; renew old rose soil","Prune in late winter or early spring to retain a balanced open shrub, removing dead or weak stems and shortening healthy growth. Deadhead during flowering.","","Jun-Oct","","","","","","","","","","","Emily Brontë / Ausearnshaw","H6","Strong, healthy upright growth and good UK hardiness; as with other roses, monitor for aphids and fungal diseases.","Shrub border, rose hedge, fragrance garden, patio container, cottage garden and cut flowers.","1–1.25 m H × 1–1.1 m W","","","11","6","9","6","75","45","Fruit is ornamental and should not be eaten. Thorny stems may scratch skin; gloves are recommended.","","H6 · −20 to −15°C","deciduous","","","",""
"0","English rose The Poet's Wife","Rosa 'Auswhirl'","52","Rounded English shrub rose with glossy dark green foliage and large cupped rich-yellow flowers that soften towards creamy yellow with age, carrying a powerful fruity fragrance with lemon notes.","Water deeply during dry periods and regularly while establishing, particularly when container grown.","East / South / West","Fertile, drained, any pH; No waterlogging; renew old rose soil","Prune in late winter or early spring to retain a rounded open framework, removing damaged or weak stems and shortening healthy shoots. Deadhead for repeat flowering.","","Jun-Oct","","","","","","","","","","","The Poet's Wife / Auswhirl","H6","Cold hardy and repeat flowering with vigorous, rounded shrub growth; normal rose pest and fungal monitoring is advisable.","Fragrance garden, shrub border, cottage garden, cut flowers, rose bed and large containers.","1.1–1.2 m H × 0.9–1.1 m W","","","11","6","9","6","75","45","Fruit is ornamental and should not be eaten. Thorny stems may scratch skin; gloves are recommended.","","H6 · −20 to −15°C","deciduous","","","",""
"0","Japanese maple 'Enkan'","Acer palmatum 'Enkan'","355","Small elegant upright Japanese maple with exceptionally long, narrow strap-like lobes, emerging and remaining rich wine-red before turning brilliant scarlet-red in autumn.","Keep evenly moist while establishing and during dry summer periods; container plants require particularly consistent watering.","East / West","Humus-rich, well-drained; Wind and drought scorch the leaves","Requires little pruning. Remove dead, damaged or badly placed branches while dormant and avoid heavy pruning during active sap flow.","","Apr-Nov","","","","","","","","","","","Enkan","H6","Very cold hardy but the delicate narrow foliage is vulnerable to wind scorch, drought and late frost damage.","Japanese garden, courtyard, specimen tree, sheltered border, bonsai-style planting and large container.","1.5–2.5 m H × 1–1.5 m W","","","6","6","10","7","45","20","","","H6 · −20 to −15°C","deciduous","","","",""
"0","Rose 'Precious Amber'","Rosa 'Precious Amber'","28","Compact bushy floribunda with glossy mid-green foliage and lightly scented double flowers opening in rich apricot and orange shades before gradually maturing through softer pink tones.","Water regularly while establishing and during prolonged dry weather, watering deeply at soil level.","East / South / West","Fertile, drained, any pH; No waterlogging; renew old rose soil","Prune in late winter or early spring, removing weak, damaged or crossing stems and shortening healthy growth. Deadhead regularly to encourage repeat flowering.","","Jun-Oct","","","","","","","","","","","Precious Amber","H6","Robust and repeat flowering; may still be affected by common rose pests and fungal diseases including black spot and powdery mildew.","Patio container, front or middle of border, rose bed, cut flowers and cottage garden.","75 cm H × 0.5–1 m W","","","11","8","9","6","90","65","Fruit is ornamental and should not be eaten. Thorny stems may scratch skin; wear gloves when handling.","","H6 · −20 to −15°C","deciduous","","","",""
"0","Rose 'Lovely Bride'","Rosa 'Meiratcan'","345","Compact patio rose with glossy dark green foliage and clusters of small cupped double flowers in delicate light shell-pink, accompanied by a gentle fragrance.","Keep evenly moist while establishing and during dry periods, particularly when grown in containers.","East / South / West","Fertile, drained, any pH; Pots need steady water, never sit wet","Lightly prune in late winter or early spring to maintain a compact framework and remove weak or damaged growth. Deadhead throughout flowering.","","Jun-Oct","","","","","","","","","","","Lovely Bride / Meiratcan","H6","Compact, robust and exceptionally long flowering, though normal rose pest and fungal monitoring is still advisable.","Patio pot, wedding or gift rose, edging, front of border, low hedge and cut flowers.","60 cm H × 0.5–1 m W","","","10","7","10","6","90","65","Fruit is ornamental and should not be eaten. Thorny stems may scratch skin.","","H6 · −20 to −15°C","deciduous","","","",""
"0","Flower Carpet Coral","Rosa 'Noala'","12","Compact arching ground-cover rose with glossy green foliage and prolific clusters of single coral-pink flowers with paler centres, repeating from late spring through autumn.","Water regularly while establishing, then during prolonged dry periods; avoid leaving the roots permanently saturated.","East / South / West","Fertile, drained, any pH; No waterlogging; renew old rose soil","Lightly trim in late winter or early spring to maintain a dense spreading habit and remove dead or damaged growth.","","Jun-Oct","","","","","","","","","","","Flower Carpet Coral / Noala","H6","Hardy, long flowering and well suited to low-maintenance ground-cover use, with the Flower Carpet range selected for strong garden disease resistance.","Ground cover, banks and slopes, borders, wildlife gardens, mass planting and patio containers.","0.5–1 m H × 0.5–1 m W","","","13","5","8","4","85","55","Fruit is ornamental and should not be eaten. Thorny stems may scratch skin.","","H6 · −20 to −15°C","semi-evergreen","","","",""
"0","Rose Super Fairy","Rosa 'Helsufair'","345","Vigorous repeat-flowering rambler with flexible arching stems, dark green foliage and large clusters of small fully double pale pink flowers produced repeatedly from summer into autumn.","Water deeply while establishing and during prolonged dry spells, especially when growing against a wall where soil may remain comparatively dry.","East / South / West","Fertile, drained, any pH; Wall-side soil stays dry; water more","After establishment, remove one or two older stems periodically and shorten flowered side shoots. Tie flexible new shoots horizontally where possible to encourage additional flowering shoots.","","Jun-Oct","","","","","","","","","","","Super Fairy / Helsufair","H6","Cold hardy, vigorous and repeat flowering; may still be affected by common rose pests and fungal diseases.","Wall, fence, pergola, arch, pillar, large container and weeping standard.","2.5–4 m H × 2.5–4 m W","","","16","8","9","7","80","50","Fruit is ornamental and should not be eaten. Prickly stems may scratch skin; wear gloves when pruning or training.","","H6 · −20 to −15°C","deciduous","","","",""
"0","Flower Carpet Sunset","Rosa 'Deseo'","5","Low spreading rose with rich dark green foliage and abundant clusters of lightly fragrant semi-double flowers in glowing red, ageing through orange-red from summer well into autumn.","Water regularly while establishing; mature plants tolerate short dry spells but flower best with reliable moisture.","Any aspect","Fertile, drained, any pH; No waterlogging; renew old rose soil","Trim in late winter or early spring to control spread and remove dead or damaged growth. Deadheading is optional but can keep plants tidy.","","Jun-Oct","","","","","","","","","","","Flower Carpet Sunset / Deseo","H6","Repeat flowering and specifically noted for strong disease resistance; suitable for relatively low-maintenance ground-cover planting.","Ground cover, banks, slopes, mass planting, borders, low landscaping and containers.","0.5–1 m H × 0.5–1 m W","","","14","5","8","4","75","40","Fruit is ornamental and should not be eaten. Thorny stems may scratch skin.","","H6 · −20 to −15°C","deciduous","","","",""
"0","Rose Oranges and Lemons","Rosa 'Macoranlem'","32","Bushy floribunda with mahogany-tinted dark green foliage and spectacular fully double yellow flowers irregularly striped, streaked and splashed with bright orange, giving every bloom a slightly different pattern.","Water deeply during prolonged dry weather and regularly through the first growing season.","East / South / West","Fertile, drained, any pH; No waterlogging; renew old rose soil","Prune in late winter or early spring as a floribunda, removing weak or damaged stems and shortening healthy shoots. Deadhead regularly for repeat flowering.","","Jun-Oct","","","","","","","","","","","Oranges and Lemons / Macoranlem","H6","Hardy and vigorous, though susceptible to the usual rose pests and diseases including aphids, black spot, rust and powdery mildew.","Mixed border, rose bed, cottage garden, specimen shrub and cut flowers.","0.9–1.5 m H × 0.5–1 m W","","","12","9","9","7","90","65","Fruit is ornamental and should not be eaten. Thorny stems may scratch skin; wear gloves when pruning.","","H6 · −20 to −15°C","deciduous","","","",""
"0","English rose Vanessa Bell","Rosa 'Auseasel'","52","Compact upright English shrub rose with pink-tinged buds opening into large clusters of soft pale-yellow cupped flowers, paling almost white at the petal edges around a richer yellow centre.","Water deeply while establishing and during prolonged dry weather, keeping the root zone evenly moist without waterlogging.","East / South / West","Fertile, drained, any pH; No waterlogging; renew old rose soil","Prune in late winter or early spring as a shrub rose, removing weak or damaged stems and shortening healthy growth to maintain a balanced open framework. Deadhead for repeat flowering.","","Jun-Oct","","","","","","","","","","","Vanessa Bell / Auseasel","H6","Cold hardy and free flowering; normal monitoring for aphids, black spot, rust and powdery mildew is advisable.","Shrub border, fragrance garden, cut flowers, cottage garden, rose hedge and large containers.","1–1.2 m H × 0.75–1 m W","","","11","7","9","6","85","55","Fruit is ornamental and should not be eaten. Thorny stems may scratch skin; wear gloves when handling.","","H6 · −20 to −15°C","deciduous","","","",""
"0","English rose Gabriel Oak","Rosa 'Auscrowd'","338","Rounded vigorous English shrub rose with dark green foliage, mulberry-purple young stems and large many-petalled rosette flowers in rich deep pink, accompanied by a powerful fruity fragrance.","Water deeply during establishment and prolonged dry spells, particularly during flowering.","East / South / West","Fertile, drained, any pH; No waterlogging; renew old rose soil","Prune in late winter or early spring to maintain a rounded open shrub, removing weak, dead or crossing stems and shortening healthy shoots.","","Jun-Oct","","","","","","","","","","","Gabriel Oak / Auscrowd","H6","Vigorous and cold hardy with strong repeat flowering; may still encounter common rose pests and fungal diseases.","Shrub border, fragrance garden, cut flowers, cottage garden and informal hedge.","1.2 m H × 1.2 m W","","","12","7","9","6","90","60","Fruit is ornamental and should not be eaten. Thorny stems can scratch skin.","","H6 · −20 to −15°C","deciduous","","","",""
"0","English rose Princess Alexandra of Kent","Rosa 'Ausmerchant'","337","Rounded English shrub rose producing exceptionally large, fully petalled rich bright-pink flowers, deeper towards the centre, with a powerful fresh tea fragrance developing lemon and blackcurrant notes.","Water thoroughly during dry weather and regularly during the first growing season.","East / South / West","Fertile, drained, any pH; No waterlogging; renew old rose soil","Prune in late winter or early spring as a shrub rose, removing dead or weak growth and reducing healthy shoots to retain a balanced rounded framework.","","Jun-Oct","","","","","","","","","","","Princess Alexandra of Kent / Ausmerchant","H6","Hardy, robust and repeat flowering; common rose pests and fungal diseases remain possible.","Shrub border, fragrance garden, cut flowers, low hedge and large containers.","1.2 m H × 1 m W","","","11","7","9","6","80","50","Fruit is ornamental and should not be eaten. Thorny stems may scratch skin.","","H6 · −20 to −15°C","deciduous","","","",""
"0","Japanese maple 'Shaina'","Acer palmatum 'Shaina'","350","Compact dense Japanese maple with clusters of bright red spring foliage that deepens to dark red through summer before glowing brilliant crimson again in autumn.","Keep evenly moist while establishing and water during prolonged summer dryness, particularly in containers.","East / South / West","Drained, acid to neutral; Wind, drought and hot sun scorch leaves","Requires little pruning; remove dead, damaged or poorly placed branches while dormant and avoid unnecessary heavy pruning.","","Apr-Nov","","","","","","","","","","","Shaina","H6","Very cold hardy, but foliage may scorch in exposed hot or dry conditions; possible problems include aphids, acer gall mite, Verticillium wilt and honey fungus.","Specimen shrub, Japanese garden, courtyard, patio container, rock garden and architectural planting.","2.5–3 m H × 2–3 m W","","","6","6","10","7","50","25","","","H6 · −20 to −15°C","deciduous","","","",""
"0","English rose The Lark Ascending","Rosa 'Ausursula'","28","Tall airy English shrub rose carrying generous heads of fragrant semi-double cupped flowers that open rich apricot and soften through peach and lighter apricot tones.","Water deeply while establishing and during prolonged periods of hot dry weather.","East / South / West","Fertile, drained, any pH; No waterlogging; renew old rose soil","Prune in late winter or early spring, maintaining its naturally tall open framework while removing weak, damaged or congested growth.","","Jun-Oct","","","","","","","","","","","The Lark Ascending / Ausursula","H6","Hardy and notably tolerant of heat and relatively dry conditions once established, with reliable repeat flowering.","Back or middle of border, informal hedge, cottage garden, wildlife garden and cut flowers.","1.5 m H × 1–1.5 m W","","","13","6","8","5","85","55","Fruit is ornamental and should not be eaten. Thorny stems can scratch skin.","","H6 · −20 to −15°C","deciduous","","","",""
"0","English rose Dannahue","Rosa 'Ausa6b15'","30","Compact upright English shrub rose with abundant fully double soft-apricot cupped flowers and a distinctive fruity fragrance with notes of lemon, lychee and fresh apricot.","Water deeply while establishing and during prolonged dry conditions; container plants require more regular watering.","East / South / West","Fertile, drained, any pH; No waterlogging; renew old rose soil","Prune in late winter or early spring to retain a compact upright shape, removing weak and damaged stems and shortening healthy shoots.","","Jun-Oct","","","","","","","","","","","Dannahue / Ausa6b15","H5","Healthy compact rose that performs in partial shade and containers as well as borders.","City garden, patio container, border, rose hedge, wall-side planting and fragrance garden.","1.1 m H × 1.25 m W","","","11","5","9","5","70","40","Fruit is ornamental and should not be eaten. Thorny stems may scratch skin.","","H5 · −15 to −10°C","deciduous","","","",""
"0","Rose Carefree Days","Rosa 'Meirivoui'","335","Compact patio rose with glossy dark green foliage and abundant clusters of lightly scented, frilled double mid-pink flowers produced repeatedly through summer.","Keep evenly moist while establishing and when container grown; water more deeply during prolonged hot weather.","East / South / West","Fertile, drained, any pH; Pots must not dry out; never waterlog","Prune lightly in late winter or early spring as a patio rose, removing weak or damaged shoots and shortening healthy stems.","","Jul-Sep","","","","","","","","","","","Carefree Days / Meirivoui / Belle Symphonie","H6","Fairly disease resistant, tolerant of poorer soils and particularly well suited to containers and small gardens.","Patio container, front of border, low hedge, courtyard, gift rose and cut flowers.","40–50 cm H × 40–50 cm W","","","9","6","10","5","90","65","Fruit is ornamental and should not be eaten. Thorny stems may scratch skin.","","H6 · −20 to −15°C","deciduous","","","",""
"0","Rose Meteor","Rosa 'Korzeigar'","32","Compact upright floribunda with glossy dark green foliage and lightly scented double flowers in vibrant brassy yellow strongly flushed and edged coppery orange-red, with the red tones intensifying in bright sun.","Water deeply during establishment and prolonged dry periods, particularly when grown in containers.","Any aspect","Fertile, drained, any pH; No waterlogging; renew old rose soil","Prune in late winter or early spring as a floribunda, reducing healthy stems by roughly one-third to one-half and removing congested, crossing or damaged growth.","","Jun-Oct","","","","","","","","","","","Meteor / Korzeigar","H5","Compact repeat-flowering rose selected for excellent disease resistance and healthy glossy foliage.","Rose bed, mixed border, patio container, mass planting and cut flowers.","60–70 cm H × 40–60 cm W","","","11","4","9","5","85","45","Fruit is ornamental and should not be eaten. Thorny stems may scratch skin.","","H5 · −15 to −10°C","deciduous","","","",""
"0","Spindle 'Silver Queen'","Euonymus fortunei 'Silver Queen'","115","Bushy evergreen shrub with dark green oval leaves broadly edged creamy white, often developing attractive pink flushing during colder weather.","Water regularly while establishing; mature plants tolerate moderate dry periods but perform best with consistent moisture.","Any aspect","Any pH, well-drained; Cut out plain green reverted shoots","Requires little pruning; trim to shape during spring or summer and remove reverted green shoots completely at their origin.","","Jan-Dec","","","","","","","","","","","Silver Queen","H5","Hardy, adaptable and tolerant of exposed conditions; possible problems include vine weevil, caterpillars, scale insects and powdery mildew.","Evergreen structure, hedge, ground cover, banks, borders, wall-side planting and containers.","1.5–2.5 m H × 1–1.5 m W","","","9","8","7","4","55","20","Harmful if eaten. Wear gloves when handling, particularly if skin is sensitive.","","H5 · −15 to −10°C","evergreen","","","",""
"0","Rose Rosy Cheeks","Rosa 'Noa200051'","340","Broad bushy repeat-flowering rose with glossy dark green foliage and prolific clusters of semi-double vivid deep-pink flowers with paler centres and exposed golden-yellow stamens.","Water deeply while establishing and during prolonged dry weather, allowing the upper soil to begin drying between waterings.","East / South / West","Fertile, drained, any pH; No waterlogging; renew old rose soil","Prune in late winter or early spring, removing damaged, weak or congested stems and shortening healthy growth to maintain a dense bushy framework.","","Jun-Oct","","","","","","","","","","","Rosy Cheeks / Noa200051","H6","Strong repeat flowering, glossy foliage and very good disease resistance, with a vigorous broadly bushy habit.","Flower border, low shrub planting, mass planting, wildlife garden and large containers.","60–80 cm H × 60–90 cm W","","","13","4","8","4","85","55","Fruit is ornamental and should not be eaten. Thorny stems may scratch skin.","","H6 · −20 to −15°C","deciduous","","","",""
"0","Cyclamen Cyberia Rose Silver","Cyclamen coum 'Cyberia Rose Silver'","338","Dwarf hardy cyclamen with rounded silver-patterned foliage and numerous small rose-pink flowers with swept-back petals, providing vivid colour through the depths of winter.","Keep moderately moist during active autumn and winter growth, then allow conditions to become somewhat drier as the foliage dies back.","Any aspect","Humus-rich, free-draining; Tuber rots if left wet; part shade best","No pruning required; remove spent foliage only once it has naturally died back.","","Dec-Mar","","","","","","","","","","","Cyberia Rose Silver","H5","Very winter hardy in suitable free-draining soil; possible problems include mice, squirrels, vine weevil and cyclamen grey mould.","Woodland garden, winter container, underplanting shrubs, shady border, rock garden and naturalising.","10–15 cm H × 10–15 cm W","","","7","8","8","6","25","5","Tubers are harmful if eaten. Wear gloves when handling if sensitive.","","H5 · −15 to −10°C","deciduous","","","",""
"0","Dogwood Baton Rouge","Cornus alba 'Minbat'","355","Suckering deciduous shrub grown primarily for brilliant crimson-red young stems in winter, with green summer foliage turning plum-red in autumn, cream flower clusters and bluish-white berries.","Water regularly while establishing; mature plants perform best with reliable moisture but tolerate ordinary garden conditions.","East / South / West","Any soil, acid to neutral; Cut hard in spring for brightest stems","For the brightest winter stems, cut established plants hard in early spring, removing old stems close to the base to encourage vigorous new red shoots.","","Nov-Mar","","","","","","","","","","","Baton Rouge / Minbat","H7","Exceptionally cold hardy and adaptable; generally pest-free although horse chestnut scale, cornus anthracnose and honey fungus can occasionally occur.","Winter stem display, wildlife garden, informal hedge, mass planting, coastal garden and cut stems.","1.5–2.5 m H × 1.5–2.5 m W","","","15","5","10","5","65","35","","","H7 · below −20°C","deciduous","","","",""
"0","Hellebore ViV® Celestina","Helleborus × hybridus ViV® Celestina","338","Compact evergreen hellebore with leathery dark green foliage and distinctive pink flowers intricately patterned with fine burgundy-red speckles and lines radiating from the centre.","Keep moderately and consistently moist while establishing, particularly during active growth and flowering.","Any aspect","Rich, drained, not acid; No winter wet; best in part shade","Remove old or damaged foliage before or as flowers emerge to display blooms clearly and reduce disease carry-over; remove spent flower stems if seed is not wanted.","","Dec-Mar","","","","","","","","","","","ViV® Celestina","H6","Long-lived and very cold hardy once established; generally robust in moisture-retentive but freely draining soil.","Winter border, woodland garden, underplanting deciduous shrubs, patio container and cut flowers.","40 cm H × 40–50 cm W","","","7","7","10","6","30","10","Harmful if eaten and sap may irritate skin; wear gloves when handling.","","H6 · −20 to −15°C","evergreen","","","",""
"0","Phlox 'Bright Eyes'","Phlox paniculata 'Bright Eyes'","340","Upright clump-forming perennial producing large fragrant panicles of pale shell-pink flowers, each dramatically marked with a deep pink to crimson central eye.","Keep consistently moist during active growth and flowering, watering at soil level during prolonged dry periods.","East / South / West","Fertile, drained, any pH; Never let it dry out; keep air moving","Deadhead to prolong flowering, then cut stems back to ground level in autumn.","","Jul-Sep","","","","","","","","","","","Bright Eyes","H7","Extremely cold hardy and generally pest-free; may occasionally suffer downy mildew or leaf spot.","Cottage garden, perennial border, prairie planting, pollinator garden and cut flowers.","90 cm H × 30–50 cm W","","","12","5","13","6","70","35","","","H7 · below −20°C","deciduous","","","",""
"0","Winter heath 'Kramer's Rote'","Erica × darleyensis 'Kramer’s Rote'","325","Vigorous low evergreen heath forming a dense mat of dark bronze-green needle-like foliage covered with deep magenta flowers from winter into spring.","Water regularly until established; mature plants need only moderate watering except during prolonged drought.","Any aspect","Drained, acid to neutral; No waterlogging or strong lime","Lightly trim immediately after flowering, cutting only into leafy growth and avoiding old bare wood.","","Jan-Apr","","","","","","","","","","","Kramer’s Rote / Kramer’s Red","H5","Generally pest-free and very dependable in winter; wet conditions can encourage Phytophthora root rot and other fungal diseases.","Winter colour, ground cover, banks, slopes, rock garden and containers.","30–50 cm H × 30–50 cm W","","","9","3","7","3","85","55","","","H5 · −15 to −10°C","evergreen","","","",""
"0","Heather 'Eva Gold'","Erica × darleyensis f. aureifolia 'Eva Gold'","325","Low spreading evergreen heath with foliage emerging pale green before turning luminous golden yellow, complemented by masses of magenta-pink flowers from winter into spring.","Water regularly until established, then moderately during extended dry periods.","East / South / West","Drained, acid to neutral; No strong lime or winter waterlogging","Lightly trim after flowering to maintain a compact dense habit, avoiding cuts into old leafless wood.","","Dec-Apr","","","","","","","","","","","Eva Gold","H5","Generally pest-free and tolerant of exposed conditions; excessive wet can cause root-rotting fungal diseases.","Winter garden, ground cover, edging, rock garden, coastal planting and containers.","30 cm H × 60 cm W","","","8","3","7","3","90","60","","","H5 · −15 to −10°C","evergreen","","","",""
"0","Variegated sage 'Icterina'","Salvia officinalis 'Icterina'","95","Aromatic evergreen dwarf shrub with soft grey-green leaves dramatically splashed and edged yellow to golden cream, plus pale purplish-blue flowers in summer.","Water while establishing, then sparingly; established plants are drought tolerant.","South / West","Light, well-drained; Winter wet rots roots; keep it sunny","Trim lightly in spring to maintain compact growth and remove flower spikes after flowering; avoid cutting deeply into old bare wood.","","Jun-Aug","","","","","","","","","","","Icterina","H5","Drought tolerant once established; possible pests include rosemary beetle, sage leafhopper and capsid bug.","Culinary herb garden, Mediterranean planting, gravel garden, wildlife garden, edging and containers.","0.5–1 m H × 0.5–1 m W","","","8","7","5","5","95","70","","","H5 · −15 to −10°C","evergreen","","","",""
"0","Purple sage","Salvia officinalis 'Purpurascens'","275","Aromatic semi-evergreen culinary sage with rich purple young leaves and stems that mature through grey-purple to grey-green, accompanied by purple-blue flowers in summer.","Water while establishing, then only during extended dry weather; mature plants are drought tolerant.","South / West","Light, well-drained; Winter wet rots roots; keep it sunny","Trim lightly in spring and remove spent flower stems after flowering to maintain compact bushy growth.","","Jun-Aug","","","","","","","","","","","Purpurascens","H5","Drought tolerant once established; possible problems include rosemary beetle, leafhopper, powdery mildew and root rots in wet soil.","Culinary herb garden, Mediterranean planting, gravel garden, pollinator garden and containers.","0.5–1 m H × 0.5–1 m W","","","8","7","5","5","95","70","","","H5 · −15 to −10°C","semi-evergreen","","","",""
"0","French tarragon","Artemisia dracunculus var. sativa","105","Upright aromatic culinary perennial with slender glossy green leaves carrying the characteristic sweet anise-like flavour of true French tarragon and inconspicuous pale yellow summer flowerheads.","Water moderately while establishing and during sustained dry periods, allowing soil to drain freely between waterings.","South / West","Light, well-drained; Heavy wet winter soil kills it","Cut old stems back to the lowest fresh shoots in mid to late spring and harvest growing tips regularly during the season.","","May-Sep","","","","","","","","","","","French / Sativa","H6","Generally pest-free but dislikes prolonged winter wet; may occasionally be affected by honey fungus.","Culinary herb garden, raised bed, sunny border, gravel garden and containers.","0.5–1 m H × 0.5–1 m W","","","11","3","7","5","95","70","","","H6 · −20 to −15°C","deciduous","","","",""
"0","Oregano 'Country Cream'","Origanum vulgare 'Country Cream'","100","Compact aromatic oregano with small green leaves broadly edged creamy white, creating a bright variegated mound topped by loose sprays of tiny pink flowers in summer.","Water moderately while establishing; mature plants prefer relatively dry conditions and tolerate short droughts.","Any aspect","Sharply drained, any pH; Heavy wet winter soil rots it","Cut old flowered stems back in early spring and trim lightly after flowering if required.","","Jun-Sep","","","","","","","","","","","Country Cream","H6","Hardy, drought tolerant once established and generally disease-free; leafhoppers may occasionally occur.","Herb garden, rock garden, gravel garden, edging, coastal garden and containers.","20–40 cm H × 30–50 cm W","","","9","4","5","3","85","45","","","H6 · −20 to −15°C","deciduous","","","",""
"0","Coneflower SunSeekers Mineola","Echinacea 'Ifecssmin'","15","Compact sturdy coneflower producing salmon to coral-orange daisy-like flowers with distinctive dark central cones from midsummer into autumn.","Water regularly while establishing; once established, water during prolonged drought while allowing the soil to drain freely.","East / South / West","Fertile, well-drained; Winter wet rots it; hates root disturbance","Deadhead regularly to encourage further blooms, or leave late seedheads standing for birds before cutting back.","","Jul-Sep","","","","","","","","","","","SunSeekers Mineola / Ifecssmin","H5","Hardy, heat tolerant and generally pest- and disease-free once established; strongly attractive to pollinating insects.","Sunny border, prairie planting, wildlife garden, cut flowers and patio containers.","40–50 cm H × 30–50 cm W","","","11","4","7","5","95","70","","","H5 · −15 to −10°C","deciduous","","","",""
"0","Viburnum 'Le Bois Marquis'","Viburnum 'Le Bois Marquis'","115","Compact upright to spreading shrub with glossy evergreen or semi-evergreen leaves, emerging bronze before becoming green and developing reddish-purple autumn colour, plus fragrant white summer flowers and red berries ripening black.","Water regularly while establishing; established plants prefer moderate, consistent moisture.","East / South / West","Any well-drained soil; Berries need a second Viburnum nearby","Requires little pruning; remove damaged or misplaced shoots after flowering and lightly shape if necessary.","","May-Oct","","","","","","","","","","","Le Bois Marquis","H5","Adaptable and hardy; possible problems include aphids, viburnum beetle, Phytophthora, leaf spot and honey fungus.","Evergreen shrub border, specimen, informal hedge, screening and wildlife garden.","1.5–2.5 m H × 1.5–2.5 m W","","","9","9","9","5","65","30","Fruit is ornamental and should not be eaten.","","H5 · −15 to −10°C","evergreen","","","",""
"0","Weigela Ebony and Ivory","Weigela 'Velda'","120","Low spreading deciduous shrub with foliage darkening from green to deep purple as summer develops, creating a dramatic background for contrasting white trumpet-shaped flowers flushed reddish purple at their bases.","Water regularly while establishing and during prolonged dry spells.","East / South / West","Fertile, drained, any pH; Best dark leaf colour in good light","Prune immediately after flowering by removing damaged growth and cutting some older flowered shoots back to strong younger stems.","","May-Jun","","","","","","","","","","","Ebony and Ivory / Velda","H6","Very cold hardy and easy to grow; possible problems include capsid bugs, scale insects, eelworms and honey fungus.","Low flowering hedge, border, ground cover, patio container, coastal planting and courtyard.","40–50 cm H × 0.5–1 m W","","","10","7","8","4","75","35","","","H6 · −20 to −15°C","deciduous","","","",""
"0","Witch hazel 'Ruby Glow'","Hamamelis × intermedia 'Ruby Glow'","15","Large upright witch hazel with broad green leaves developing yellow, orange and red autumn tones, followed on bare winter branches by unusual slightly fragrant coppery-red ribbon-like flowers.","Maintain reliable moisture while establishing and during summer dry periods; mulch to conserve soil moisture.","Any aspect","Humus-rich, acid-neutral; No chalk; shelter from drying winds","Little pruning required; remove dead, damaged or crossing stems after flowering and remove any suckers arising from below the graft.","","Jan-Feb","","","","","","","","","","","Ruby Glow","H5","Generally pest-free and long-lived; may occasionally suffer coral spot, honey fungus, Phytophthora or powdery mildew.","Winter garden, specimen shrub, woodland edge, city garden and large border.","2.5–4 m H × 2.5–4 m W","","","6","4","10","6","55","25","","","H5 · −15 to −10°C","deciduous","","","",""
"0","Smoke bush Dusky Maiden","Cotinus 'Londus'","285","Compact bushy smoke bush with rounded wavy-edged leaves heavily washed deep purple over dark blue-green, turning fiery orange-red in autumn, with occasional airy silvery-grey smoke-like seedheads.","Water regularly while establishing; mature plants tolerate moderate dry periods once rooted.","Any aspect","Any well-drained soil; No waterlogging; sun deepens purple","Usually requires little pruning; remove damaged stems as needed. Plants grown primarily for foliage can be cut back hard in early spring to encourage vigorous large-leaved shoots.","","Apr-Nov","","","","","","","","","","","Dusky Maiden / Londus","H5","Generally pest-free and tolerant of a broad range of soils; occasional problems include Verticillium wilt, honey fungus and powdery mildew.","Foliage specimen, mixed border, courtyard, large container and autumn-colour planting.","1.5–2.5 m H × 1–1.5 m W","","","8","4","7","4","70","35","","","H5 · −15 to −10°C","deciduous","","","",""
"0","Helenium 'Lemon Sundae'","Helenium 'Lemon Sundae'","55","Compact clump-forming perennial producing masses of bright lemon-yellow daisy-like flowers with rounded golden-yellow central cones on branching wiry stems from late summer into autumn.","Keep consistently moist during the growing season and water thoroughly during summer dry spells.","South / West","Fertile, well-drained; Suffers in drought; keep pots watered","Deadhead regularly to extend flowering; cut old growth back after flowering or once stems die down. Divide every two to three years to maintain vigour.","","Jul-Oct","","","","","","","","","","","Lemon Sundae","H7","Extremely cold hardy and compact enough not to require the support often needed by taller heleniums; possible problems include slugs, snails, eelworm and mildew.","Sunny border, prairie planting, pollinator garden, cut flowers and containers.","50 cm H × 0.3–0.5 m W","","","12","7","14","5","95","70","","","H7 · below −20°C","deciduous","","","",""
"0","Rose Flower Power Gold","Rosa 'Fryneon'","52","Compact repeat-flowering patio rose with dark green foliage and clusters of fragrant, fully double flowers in rich golden to deep yellow.","Keep evenly moist while establishing and throughout flowering, particularly when grown in containers.","East / South / West","Fertile, drained, any pH; No waterlogging; renew old rose soil","Prune lightly in late winter or early spring as a patio rose, removing weak, damaged and congested growth. Deadhead to encourage continued flowering.","","Jun-Oct","","","","","","","","","","","Flower Power Gold / Fryneon","H6","Cold hardy and repeat flowering; may encounter common rose pests and diseases including aphids, black spot, rust and powdery mildew.","Patio container, front of border, courtyard, rose bed and gift plant.","0.5–1 m H × 0.5–1 m W","","","10","8","10","6","85","50","Fruit is ornamental and should not be eaten. Thorny stems may scratch skin; wear gloves when handling.","","H6 · −20 to −15°C","deciduous","","","",""
"0","Aster Alpha® Light Pink","Symphyotrichum dumosum Alpha® Light Pink","300","Very compact rounded autumn perennial covered in masses of medium-sized semi-double vivid magenta-violet daisy flowers with contrasting yellow centres.","Keep moderately and consistently moist during active growth, particularly in containers.","East / South / West","Fertile, drained, any pH; No stagnant wet; keep air moving","Deadhead if desired and cut old stems down after flowering or once growth dies back.","","Aug-Oct","","","","","","","","","","","Alpha® Light Pink","H6","Compact first-year-flowering selection bred for a naturally rounded habit without pinching; hardy when established.","Autumn container, edging, front of border, mass planting and pollinator garden.","15–25 cm H × 25–35 cm W","","","13","7","10","4","85","55","","","H6 · −20 to −15°C","deciduous","","","",""
"0","Flower Carpet Ruby","Rosa 'Noafeuer'","350","Low bushy ground-cover rose with glossy dark green foliage and large clusters of lightly scented semi-double ruby-red to bright pink-red flowers with prominent golden stamens.","Water regularly until established and during prolonged dry periods; mature plants tolerate moderate drying between waterings.","East / South / West","Fertile, drained, any pH; No waterlogging; renew old rose soil","Trim in late winter or early spring to control shape and remove damaged stems. Ground-cover plants can tolerate straightforward shearing when necessary.","","Jul-Oct","","","","","","","","","","","Flower Carpet Ruby / Noafeuer","H6","Vigorous repeat-flowering ground-cover rose with strong garden performance and good disease resistance.","Ground cover, banks and slopes, mass planting, front of borders, wildlife planting and containers.","50–60 cm H × 0.5–1 m W","","","14","5","8","4","75","40","Fruit is ornamental and should not be eaten. Thorny stems may scratch skin.","","H6 · −20 to −15°C","deciduous","","","",""
"0","Tricolor Charm Glossy Abelia","Abelia × grandiflora Tricolor Charm ('Mincautri')","340","Compact rounded shrub with green, cream and pink variegated foliage, yellow-bronze young growth and lightly scented white flowers.","Water regularly while establishing; once established, water during prolonged dry spells.","South / West","Any drained soil, any pH; Shelter young plants from hard frost","Lightly trim in late winter or early spring, removing dead or frost-damaged shoots and shortening overlong growth.","","Jul-Oct","","","","","","","","","","","","H5","Drought tolerant once established and generally low-maintenance.","Borders, low hedges, containers, slopes and small gardens.","1–1.5 m H × 1–1.5 m W","","","10","4","7","4","85","45","","","Generally hardy in much of the UK once established; exposed young plants benefit from winter shelter.","semi-evergreen","","","",""
"0","Golden Spirit Smoke Bush","Cotinus coggygria Golden Spirit ('Ancot')","52","Large rounded shrub with bronze-flushed young leaves maturing golden yellow, then developing coral, orange and red autumn colour beneath airy flower plumes.","Water while establishing; established plants tolerate short dry periods.","East / South / West","Any drained soil, any pH; No waterlogging; hard cuts cost flowers","Little pruning is needed; remove dead or misplaced wood in late winter. Hard pruning encourages larger foliage but reduces flowering.","","Aug-Oct","","","","","","","","","","","","H5","Generally pest-free and tolerant of dry conditions once established.","Specimen shrub, mixed borders and strong foliage contrast.","4–5 m H × 4–5 m W","","","10","3","5","4","90","55","","","Hardy in most UK locations, though young shoots can be affected by late frost.","deciduous","","","",""
"0","Nightfall Dogwood","Cornus alba Nightfall ('Verpaalen3')","285","Upright dogwood with dark green leaves developing rich purple to almost black tones, silvery-grey undersides and striking red winter stems.","Water regularly while establishing; established plants tolerate both moderately dry and moist conditions.","Any aspect","Humus-rich, acid-neutral; No waterlogging or long drought","Little routine pruning is required; remove dead, damaged or badly placed stems in late winter.","","Sep-Mar","","","","","","","","","","","","H6","Robust, adaptable and low-maintenance once established.","Hedges, screens, winter stem displays, mixed borders and urban planting.","1–1.5 m H × 1–1.5 m W","","","10","3","8","4","75","40","","","Very hardy across the UK; breeder information indicates tolerance well below typical UK winter temperatures.","deciduous","","","",""
"0","Boston Ivy","Parthenocissus tricuspidata","0","Very vigorous self-clinging climber with glossy three-lobed leaves that turn brilliant crimson and purple in autumn, followed by dull blue berries.","Water while establishing; established plants usually need little supplementary watering.","Any aspect","Any drained soil, any pH; Will cover gutters, roofs and windows","Prune in early winter to control size, with additional summer trimming around roofs, gutters and windows.","","Sep-Nov","","","","","","","","","","","","H5","Very vigorous and highly adaptable once established.","Large walls, facades, fences and boundary structures.",">12 m H × >8 m W","","","19","3","7","8","65","30","Harmful if eaten; plant contact may irritate skin.","","Hardy in most UK locations, including severe winters.","deciduous","","","",""
"0","Bees' Jubilee Clematis","Clematis 'Bees’ Jubilee'","320","Deciduous climber producing very large vivid magenta-pink flowers with a deeper central bar, flowering in early summer and again later.","Keep evenly moist while growing, especially during establishment and dry summer weather.","East / South / West","Deep, rich, not acid; Keep roots cool and shaded; never dry","Pruning Group 2: in February remove dead or weak growth to strong buds, then lightly prune after the first flower flush if required.","","May-Sep","","","","","","","","","","","","H6","Cold hardy and reliable once established, though susceptible to clematis wilt and occasional insect pests.","Trellises, obelisks, walls, fences and large containers.","2.5–4 m H × 1.5–2.5 m W","","","12","7","10","10","75","45","Sap may irritate skin; harmful if eaten.","","Fully hardy throughout the UK in suitable well-drained soil.","deciduous","","","",""
"0","Glacier Ivy","Hedera helix 'Glacier'","115","Compact evergreen ivy with shallowly lobed grey-green leaves irregularly edged and splashed with silver-grey and creamy white.","Water regularly while establishing; mature plants tolerate moderate dry periods.","Any aspect","Any moist, drained soil; Cold winds scorch the variegation","Trim as required to control spread, ideally in late winter or early spring, and keep growth clear of gutters and windows.","","Jan-Dec","","","","","","","","","","","","H5","Tough and adaptable once established, tolerating a wide range of light conditions.","Walls, ground cover, banks, containers and shady boundaries.","1.5–2.5 m H × 0.5–1 m W","","","10","7","6","4","55","20","Harmful if eaten; foliage and sap may cause skin irritation or allergic reactions.","","Hardy in most UK locations; exposed variegated foliage can be scorched by cold drying winds.","evergreen","","","",""
"0","Showy Chinese Gentian","Gentiana sino-ornata","225","Low, spreading alpine perennial forming a mat of narrow green leaves, topped in autumn by striking rich-blue trumpet-shaped flowers with pale striped throats.","Keep consistently moist during active growth; do not allow the root zone to dry out.","Any aspect","Humus-rich, drained, acid; Hates lime, drought and winter wet","No routine pruning required; remove faded or damaged growth if needed.","","Sep-Nov","","","","","","","","","","","Berrybank Dome","H5","Cold hardy but sensitive to drought and stagnant wet soil.","Rock gardens, alpine beds, gravel gardens, containers, edging and low ground cover.","5–10 cm H × 10–50 cm W","","","6","7","13","10","70","40","","","Hardy through most of the UK, including severe winters, provided the soil remains well drained.","semi-evergreen","","","",""
"0","Evereste Crab Apple","Malus 'Evereste'","25","Compact broadly conical tree with red flower buds opening to masses of white flowers, followed by persistent yellow-orange to orange-red crab apples.","Water regularly while establishing; established trees generally need additional watering only during prolonged dry periods.","Any aspect","Any drained soil, any pH; Avoid waterlogging","Pruning Group 1: little pruning is normally required; remove dead, damaged, diseased or crossing branches while dormant.","","Apr-Dec","","","","","","","","","","","","H6","Very cold hardy and adaptable to a broad range of soils and exposures.","Small gardens, wildlife gardens, specimen planting, ornamental trees and pollinator planting.","4–8 m H × 4–8 m W","","","10","11","10","7","90","70","Fruit flesh can be used when cooked, but the seeds contain potentially harmful compounds and should not be eaten.","","Fully hardy throughout the UK and northern Europe.","deciduous","","","",""
"0","City Knights Looking-Glass Plant","Coprosma 'City Knights'","350","Compact rounded evergreen shrub with glossy leathery foliage, producing bright-green new shoots in spring before the leaves mature to extremely dark red and burgundy tones.","Water regularly while establishing and keep moderately moist during dry weather, allowing excess water to drain freely.","South / West / East","Drained loam, neutral-acid; Frost-tender: shelter or bring pots in","Little pruning required; lightly trim in spring to maintain a compact rounded shape and remove damaged growth.","","Jan-Dec","","","","","","","","","","","","H3","Generally pest- and disease-resistant but less tolerant of hard frost than many mainstream garden shrubs.","Patio pots, containers, small borders, courtyard gardens and foliage displays.","60–90 cm H × 60–90 cm W","","","8","3","7","8","85","45","","","Best treated as frost-tender in colder UK gardens; suitable outdoors year-round mainly in mild, sheltered locations and often safer overwintered under protection.","evergreen","","","",""
"0","Temple of Bloom Seven-Son Flower","Heptacodium miconioides Temple of Bloom ('SMNHMRF')","350","Compact multi-stemmed deciduous shrub or small tree with dark green curled foliage, fragrant white late-summer flowers, vivid red-pink persistent bracts in autumn and attractive peeling bark in winter.","Water regularly while establishing; once established it is relatively drought tolerant and usually needs watering only during prolonged dry spells.","East / South / West","Any drained soil, any pH; No waterlogging; best colour in sun","Little pruning is required; remove dead or badly positioned growth and lightly shape in early spring if necessary.","","Aug-Nov","","","","","","","","","","","","H7","Very cold hardy, relatively drought tolerant once established and generally pest- and disease-free.","Specimen shrub, small multi-stemmed tree, mixed borders, pollinator planting and containers.","1.5–1.8 m H × 1.2–1.5 m W","","","10","2","6","4","80","45","","","Extremely hardy; the breeder reports frost resistance to around -25°C and the species is rated H7 by the RHS.","deciduous","","","",""
"0","Eclipse Looking-Glass Plant","Coprosma repens Eclipse ('Aldawn')","340","Compact upright evergreen shrub with exceptionally glossy dark brown-purple to near-black foliage edged in vivid pink, with the colours intensifying in cooler conditions.","Keep evenly moist while establishing, then water during prolonged dry periods; container plants require more regular watering.","East / South / West","Drained, acid-neutral; Frost-tender: pot up and overwinter inside","Little pruning is needed; lightly trim in spring to maintain shape and remove any frost-damaged growth.","","Jan-Dec","","","","","","","","","","","","H3","Tolerates coastal conditions and some drought once established but is vulnerable to hard frost.","Patio containers, summer bedding, sheltered borders, coastal gardens and foliage displays.","50–60 cm H × 30–45 cm W","","","8","3","7","8","85","45","","","Half-hardy in the UK, tolerating approximately -5°C to 1°C; protect from harder frost and cold winter exposure.","evergreen","","","",""
"0","Firethorn 'Red Star'","Pyracantha 'Red Star'","0","Dark evergreen and near thornless · white flower heads, then heavy red autumn berries","Water while establishing · tolerates dry after","East / South / West","Any drained soil, any pH; Not persistently waterlogged ground","Flowers on last year's wood · thin after flowering, spare the berries","","Sep-Nov","","","","","","","","","","","Red Star","H6","Hardy, adaptable and tolerant of dry free-draining soils once established","Wildlife gardens · hedging and screens · wall training · security","2.5-4m H × 2.5-4m W","","","14","10","7","7","70","40","Ornamental fruits should not be eaten. Thorny growth can injure skin; wear gloves when handling.","","Hardy throughout the UK and northern Europe, approximately -20 to -15°C.","evergreen","","","",""
"0","Fede Chinese Fringe Flower","Loropetalum chinense var. rubrum 'Fede'","345","Deep purple evergreen foliage · bright-pink tasselled spring flowers · rounded habit","Moderate; water during summer dry spells","East / South / West","Humus-rich, well-drained; Sheltered · avoid chalk and waterlogging","Prune minimally after flowering if required","","Jan-Dec","","","","","","","","","","","","H4","generally pest free · evergreen","containers · shrub borders · specimen","1–1.5 m H × 1–1.5 m W","","","8","3","9","8","75","45","","","H4 inferred from RHS var. rubrum guidance and UK cold-tolerance sources","evergreen","","","",""
"0","Rubber plant 'Belize'","Ficus elastica 'Belize'","345","Broad glossy leathery leaves variegated dark green, cream and pink, with pink midribs and margins; new leaves the most vividly coloured · upright single stem","Water when the top of the compost dries; less in winter","East / South / West","Moist, well-drained; Bright indirect light keeps the pink","Prune in spring to control height; cut stems bleed white sap","","Jan-Dec","","","","","","","","","","","Belize","H1b","Variegated leaves scorch in direct sun and fade to green in poor light; otherwise as tough as the plain species","houseplants · conservatories · indoor specimens","2–3 m H × 1–1.5 m W","","","10","8","8","5","60","35","Milky sap is harmful if eaten and may irritate skin and eyes","","RHS H1b; indoors or under glass, roughly 10-15°C minimum","evergreen","","","",""
"0","Black mondo grass","Ophiopogon planiscapus 'Kokuryū'","285","Arching near-black leaves · small mauve flowers · glossy black berries","Moderate; water in prolonged dry spells","East / South / West","Moist, well-drained","No routine pruning","","Jan-Dec","","","","","","","","","","","syn. Ophiopogon planiscapus 'Nigrescens'; 'Nigra'; 'Black Dragon'","H5","shade tolerant · coastal tolerant","ground cover · edging · containers · foliage contrast","15–20 cm H × 30–50 cm W","","","7","5","9","4","62","40","","","Hardy through a cold UK winter, withstanding -15 to -10C.","evergreen","","","",""
"0","Groundbreaker Blush hydrangea","Hydrangea paniculata 'LC NO21'","345","Low spreading habit · white panicles ageing through soft blush to pink-red","Moderate; water regularly during dry spells","Any aspect","Moist, fertile, well-drained; Avoid prolonged drought and waterlogging","Prune in spring if required; remove weak or damaged growth","","Jul-Nov","","","","","","","","","","","trade name Groundbreaker® Blush™; Groundbreaker® series; breeder denomination 'LC NO21'","H5","cold hardy","ground cover · border edging · small gardens · patio containers","30–40 cm H × 60–100 cm W","","","12","7","12","5","80","45","","PBR protected","Breeder reports hardy to -30°C","deciduous","","","",""
"0","Abelia 'Kaleidoscope'","Abelia × grandiflora 'Kaleidoscope'","88","Compact variegated shrub with green and golden-yellow foliage that develops orange and red tones in autumn, plus small fragrant pink-tinted white flowers.","Water regularly while establishing; once established, water during prolonged dry periods.","East / South / West","Fertile, drained, any pH; Winter wet and cold exposure set it back","Lightly trim from spring to late summer to shape; remove any vigorous reverted shoots. Older plants can be renovated more firmly if required.","","Jul-Oct","","","","","","","","","","","Kaleidoscope","H5","Drought tolerant once established and generally pest-free; may be susceptible to honey fungus.","Low shrub border, patio container, foliage colour, informal hedge, courtyard and wildlife-friendly planting.","0.5–1 m H × 1–1.5 m W","","","10","4","7","4","85","45","","","H5 · −15 to −10°C · Hardy through most of the UK; may become semi-evergreen or lose more foliage during colder winters.","semi-evergreen","","","",""
"0","Vial's primrose","Primula vialii","278","Distinctive rosette-forming herbaceous perennial with upright, softly hairy, spear-shaped pale green leaves and erect flower stems topped by narrow conical spikes. The flowers open progressively from the base as vivid lilac to pinkish-purple blooms beneath a striking cap of unopened crimson-red buds, creating a miniature red-hot-poker effect.","Keep consistently moist through the growing season; water in dry spells and never let it dry out for long. Sun is only safe where moisture is reliable.","Best in partial shade on a sheltered north-, east- or west-facing aspect. It tolerates brighter and even sunny positions in cool conditions provided the soil remains consistently moist.","Deep humus-rich loam, acid; Avoid winter waterlogging","Cut spent flowering stems back after flowering. Remove dead foliage as it collapses, and divide established clumps after flowering where rejuvenation or propagation is required.","","Jun-Aug","","","","","","","","","","","","H5","Cold-hardy but somewhat less persistent than its hardiness rating suggests. Often relatively short-lived in cultivation and performs best where summers remain cool and the soil stays moist without becoming waterlogged in winter. It may self-seed where conditions suit it.","Excellent for damp woodland borders, shady herbaceous borders, pond and stream margins, moist rock gardens and mass planting.","0.4-0.6m H × 0.2-0.3m W","","","10","8","16","10","45","25","No known hazard to humans is reported by Kew.","","RHS rates Primula vialii H5, hardy in most places throughout the UK even in severe winters, approximately -15 to -10C. The foliage dies back in autumn and fresh growth emerges from the crown in spring.","deciduous","","","",""
"0","Hardy Fuchsia 'Dollar Princess'","Fuchsia 'Dollar Princess'","332","Compact bushy fuchsia with dark green leaves and masses of small double flowers; cerise-crimson recurved sepals surround rich purple petals flushed red at the base.","Water regularly during active growth; keep evenly moist but never waterlogged.","South / East / West","Fertile, moist, drained; No waterlogging; shelter from cold winds","In spring, cut back dead or frost-damaged growth to healthy buds; established plants can be pruned harder to maintain a dense framework.","","Jul-Oct","","","","","","","","","","","","H4","Hardy through much of the UK when planted deeply and mulched, but exposed growth can be damaged by severe frost and cold drying winds.","Containers, cottage gardens, mixed borders, courtyard gardens and long-season summer colour.","40–50 cm H × 40–50 cm W","","","14","10","13","8","65","30","","","H4 · −10 to −5°C","deciduous","","","",""
"0","Nymans Skimmia","Skimmia japonica 'Nymans'","3","Low spreading evergreen shrub with glossy dark green aromatic leaves, clusters of small white spring flowers and conspicuous bright red berries on female plants.","Keep moderately moist, especially while establishing and during prolonged dry weather.","North / East / West","Humus-rich, moist, drained; Hot dry sun scorches and yellows leaves","Little pruning required; remove damaged, congested or unwanted shoots after flowering.","","Oct-Mar","","","","","","","","","","","","H5","Reliable hardy evergreen tolerant of shade, atmospheric pollution and some neglect once established.","Shady borders, woodland-style planting, evergreen ground structure, winter berry displays and containers.","0.5–1 m H × 1–1.5 m W","","","5","7","10","5","25","5","Fruit is ornamental and should not be eaten; ingestion may cause stomach upset.","","H5 · −15 to −10°C","evergreen","","","",""
"0","Kew Green Skimmia","Skimmia × confusa 'Kew Green'","78","Compact spreading evergreen with large aromatic green leaves and dense conical clusters of strongly fragrant creamy green to greenish-yellow flowers in spring.","Keep moderately moist but well drained; water containers and newly planted specimens during dry spells.","North / East / West","Humus-rich, moist, drained; Hot dry sun scorches and yellows leaves","Requires little routine pruning; remove damaged or misplaced shoots after flowering if necessary.","","Mar-May","","","","","","","","","","","","H5","Hardy, shade tolerant and relatively tolerant of atmospheric pollution and neglect once established.","Shady borders, woodland gardens, fragrant spring planting, evergreen structure, containers and pollinating female Skimmias.","0.5–1 m H × 1–1.5 m W","","","5","7","10","5","25","5","Skimmia fruit is considered ornamental and should not be eaten, although this male cultivar does not itself produce berries.","","H5 · −15 to −10°C","evergreen","","","",""
"0","Dwarf Rhododendron 'Scarlet Wonder'","Rhododendron 'Scarlet Wonder'","2","Very compact evergreen rhododendron with small dark green ribbed leaves and lax clusters of vivid deep scarlet-red, slightly frilled flowers in mid-spring.","Keep consistently moist but well drained, using rainwater where possible in hard-water areas.","North / East / West","Humus-rich, moist, acid; No lime or waterlogging; rainwater best","Minimal pruning required; remove dead or damaged growth and deadhead carefully after flowering where practical.","","Apr-May","","","","","","","","","","","","H6","Very cold hardy once established, though best protected from drying winds and unsuitable alkaline soil.","Rock gardens, dwarf shrub borders, ericaceous beds, woodland edges and containers of ericaceous compost.","30–50 cm H × 30–50 cm W","","","4","10","11","8","35","15","Harmful if eaten; keep away from grazing pets and children likely to ingest plant material.","","H6 · −20 to −15°C","evergreen","","","",""
"0","Dancing Pixies Toni Saxifrage","Saxifraga Dancing Pixies Toni ('Sh 1925')","335","Compact clump-forming saxifrage with dark green scalloped leaves flushed purple and masses of delicate rose-pink flowers edged darker pink on slender stems.","Keep evenly moist during active growth, particularly in containers, but avoid stagnant wet conditions.","North / East / West","Moist, drained, any pH; Shade from hot afternoon sun; no winter wet","Remove spent flower stems and damaged foliage after flowering.","","Aug-Oct","","","","","","","","","","","Sh 1925","H4","Hardy through most of the UK where sheltered from excessive winter wet and drying exposure.","Shady containers, woodland-style planting, rock gardens, border fronts and autumn colour.","10–30 cm H × 20–40 cm W","","","7","7","11","8","20","5","","","H4 · −10 to −5°C","evergreen","","","",""
"0","Pony Tails Mexican Feather Grass","Stipa tenuissima 'Pony Tails'","42","Fine-textured tufted ornamental grass with thread-like green foliage and clouds of arching silky pale green to buff flower panicles that move readily in wind.","Water while establishing; mature plants prefer moderately dry to evenly moist conditions.","South / East / West","Light, drained, any pH; No waterlogging; rich soil makes it floppy","Comb out dead foliage or cut back tired growth in early spring rather than autumn.","","Jun-Sep","","","","","","","","","","","","H4","Tolerates drought, wind and exposed sunny positions once established.","Gravel gardens, prairie planting, borders, containers, movement planting and architectural schemes.","50–70 cm H × 30–50 cm W","","","12","3","5","4","90","60","Fine leaves and seed awns can irritate the skin and eyes of people and animals.","","H4 · −10 to −5°C","deciduous","","","",""
"0","Royal William Rose","Rosa ROYAL WILLIAM ('Korzaun')","355","Compact Hybrid Tea rose with dark glossy foliage and large, shapely, high-centred, fully double velvety deep-red flowers opening from pointed buds.","Water deeply during dry weather, especially while establishing and when container-grown.","South / East / West","Fertile, drained, any pH; No waterlogging; renew old rose soil","Prune Hybrid Tea roses firmly in late winter or early spring, removing weak, damaged and crossing stems.","","Jun-Oct","","","","","","","","","","","Korzaun","H6","Very cold hardy with relatively robust growth, though good airflow helps reduce common rose diseases.","Rose beds, mixed borders, containers, fragrant gardens and cut flowers.","0.7–1 m H × 0.6–1 m W","","","12","12","11","10","85","55","Generally low toxicity; thorny stems can injure and ornamental fruits should not be treated as food.","","H6 · −20 to −15°C","deciduous","","","",""
"0","Precious Love Rose","Rosa PRECIOUS LOVE ('Kirlowo')","12","Compact robust floribunda-style rose with glossy green leaves and clusters of slightly scented semi-double orange-red flowers repeating throughout summer and autumn.","Water deeply during prolonged dry periods and keep newly planted roses consistently moist.","South / East / West","Fertile, drained, any pH; No waterlogging; renew old rose soil","Prune in late winter or early spring, reducing strong shoots and removing weak, damaged or crossing growth.","","Jun-Oct","","","","","","","","","","","Kirlowo","H6","Cold hardy and repeat flowering, with routine rose care improving disease resistance and flowering.","Borders, rose beds, containers, courtyard planting and cut flowers.","50–80 cm H × 50–80 cm W","","","11","11","11","9","85","55","Generally low toxicity; thorny stems can injure and ornamental fruits should not be eaten.","","H6 · −20 to −15°C","deciduous","","","",""
"0","Little Flames Leucothoe","Leucothoe 'Little Flames'","2","Small evergreen shrub with narrow glossy leaves and vivid bright-red young stems, petioles and new foliage, maturing green as the season progresses.","Keep evenly moist, particularly during establishment and in containers.","East / West / South","Humus-rich, drained, acid; No lime or chalk; never let it dry out","Little pruning needed; remove old, damaged or poorly placed stems after flowering.","","Mar-Jun","","","","","","","","","","","","H7","Exceptionally cold hardy when grown in suitable acidic, moisture-retentive soil.","Ericaceous containers, border fronts, woodland gardens, ground cover and colourful evergreen edging.","40–60 cm H × 30–50 cm W","","","5","5","11","7","45","20","Potentially harmful if eaten; Leucothoe foliage contains compounds associated with toxicity in the heath family.","","H7 · below −20°C","evergreen","","","",""
"0","Lilian Prickly Heath","Gaultheria mucronata 'Lilian'","340","Compact evergreen heath shrub with small glossy dark green spine-tipped leaves, small pale flowers and decorative long-lasting pink to purplish berries.","Keep evenly moist, particularly during establishment and when grown in containers.","East / West / North","Humus-rich, drained, acid; No lime or chalk; never let it dry out","Requires little pruning; remove dead, damaged or badly placed shoots in spring.","","Sep-Feb","","","","","","","","","","","","H5","Hardy and evergreen when grown in suitably acidic soil with reliable moisture.","Winter containers, ericaceous borders, woodland planting, ground cover and seasonal berry displays.","0.5–1 m H × 0.5–1 m W","","","6","5","11","7","35","10","Berries are ornamental and should not be eaten.","","H5 · −15 to −10°C","evergreen","","","",""
"0","Laced Up Elder","Sambucus nigra LACED UP ('Snr1292')","285","Strongly upright deciduous elder with deeply divided near-black purple foliage, forming a narrow architectural column and carrying flattened clusters of pink-flushed creamy flowers.","Water regularly while establishing; mature plants tolerate moderate periods of dryness.","South / East / West","Any, moist but drained; Shade dulls the foliage; no waterlogging","Can be hard-pruned in early spring for vigorous foliage growth or lightly pruned to maintain its natural upright framework.","","May-Jul","","","","","","","","","","","SNR1292","H6","Very hardy, vigorous and tolerant of a broad range of garden soils.","Architectural borders, narrow spaces, wildlife gardens, dark-foliage schemes and informal screening.","2–3 m H × 0.8–1.2 m W","","","14","7","8","5","70","30","Raw leaves, stems and unripe berries are harmful if eaten; ripe berries must be cooked before eating.","","H6 · −20 to −15°C","deciduous","","","",""
"0","Freckles Clematis","Clematis cirrhosa var. purpurascens 'Freckles'","44","Evergreen climbing clematis producing nodding creamy bell-shaped winter flowers heavily spotted and freckled maroon-purple inside.","Keep roots moderately moist but well drained, particularly while establishing.","South / West","Fertile, humus-rich, moist; Shelter it; no winter wet or frost pockets","Pruning group 1; generally requires no routine pruning beyond removing unwanted or damaged growth after flowering.","","Nov-Feb","","","","","","","","","","","","H4","Hardy in sheltered UK gardens but winter foliage and flowers can be damaged by severe frost.","Walls, fences, pergolas, winter-interest planting and sheltered courtyards.","2.5–4 m H × 1.5–2.5 m W","","","12","8","9","7","65","30","Harmful if eaten; sap may irritate skin.","","H4 · −10 to −5°C","evergreen","","","",""
"0","Fantasy Aurora Anemone","Anemone 'Fantasy Aurora'","335","Compact clump-forming Japanese anemone with dark green divided foliage and semi-double rose-pink flowers surrounding prominent golden-yellow centres in late summer and autumn.","Keep evenly moist during active growth, especially during prolonged dry periods.","East / West / South","Humus-rich, well-drained; No waterlogging or dry exposed ground","Cut spent flowering stems back after flowering and remove old foliage as it dies back.","","Aug-Oct","","","","","","","","","","","Fantasy Aurora","H6","Cold hardy and reliable once established, performing best where roots remain reasonably cool and moist.","Mixed borders, cottage gardens, woodland edges, containers and late-season pollinator planting.","40–60 cm H × 40–60 cm W","","","9","7","10","6","55","25","Harmful if eaten; sap may irritate skin.","","H6 · −20 to −15°C","deciduous","","","",""
"0","France Bleu Cider Gum","Eucalyptus gunnii France Bleu ('Rengun')","195","Compact dwarf cider gum with striking aromatic blue-green to silvery-blue juvenile leaves and a naturally bushier habit than the species.","Water regularly while establishing; established plants tolerate moderate dry periods.","South / East / West","Moist, drained, lime-free; No chalk, deep shade or stagnant winter wet","Hard-prune or coppice in early spring if juvenile blue foliage and compact size are desired.","","Jan-Dec","","","","","","","","","","","Rengun","H5","Hardy in much of the UK when established and substantially more manageable than full-sized Eucalyptus gunnii.","Architectural planting, blue foliage displays, containers, small gardens and cut foliage.","1.5–2.5 m H × 0.5–1 m W","","","15","8","8","7","90","65","Eucalyptus foliage and concentrated oils can be harmful if ingested in quantity, especially to pets.","","H5 · −15 to −10°C","evergreen","","","",""
"0","Isabel Bowden Lily","Nerine bowdenii 'Isabel'","334","Clump-forming bulbous perennial with rich green strap-shaped leaves and erect leafless autumn stems carrying umbels of striking dark rose-pink flowers, each around 6–8 cm across with strongly wavy, reflexed petals.","Keep moderately moist during active growth, but ensure excellent drainage and avoid leaving the bulbs in persistently wet soil.","South / East / West","Any, free-draining; Winter wet rots the bulb; needs full sun","No routine pruning required; remove spent flower heads unless seed is wanted and clear foliage only after it has naturally died back.","","Sep-Oct","","","","","","","","","","","Isabel","H5","Hardy through most of the UK when planted in a sunny, sheltered, freely draining position; a dry winter mulch can provide extra protection in colder gardens.","Sunny borders, gravel gardens, Mediterranean-style planting, cottage gardens, wall-side borders, coastal gardens and cut flowers.","40–50 cm H × 10 cm W","","","7","5","8","6","95","70","Ornamental bulbs are potentially harmful if eaten; gloves are advisable when handling.","","H5 · −15 to −10°C","deciduous","","","",""
"0","Burning Love Leucothoe","Leucothoe keiskei 'Burning Love'","4","Compact evergreen shrub with glossy lance-shaped leaves emerging vivid red-purple before becoming green, then developing rich burgundy and scarlet tones in colder weather.","Keep consistently moist but never waterlogged.","East / West / North","Humus-rich, drained, acid; No lime; never let it dry out","Little pruning required; remove damaged or congested shoots after flowering.","","Jan-Dec","","","","","","","","","","","","H6","Very cold hardy provided roots remain moist and soil is suitably acidic.","Ericaceous beds, woodland borders, containers, ground cover and winter foliage colour.","50–80 cm H × 50–80 cm W","","","6","5","11","7","35","10","Potentially harmful if eaten.","","H6 · −20 to −15°C","evergreen","","","",""
"0","Curly Red Leucothoe","Leucothoe axillaris 'Curly Red'","355","Small evergreen shrub with unusually curled glossy leaves emerging red, becoming green and burgundy before developing rich red-purple winter colour.","Keep consistently moist, especially in containers and during establishment.","North / East / West","Humus-rich, drained, acid; No lime; never let it dry out completely","Minimal pruning required; remove damaged or misplaced shoots after flowering.","","Jan-Dec","","","","","","","","","","","","H6","Cold hardy and dependable in moist acidic conditions.","Ericaceous containers, shady borders, ground cover, woodland gardens and winter foliage displays.","40–60 cm H × 40–60 cm W","","","5","5","11","7","30","10","Potentially harmful if eaten.","","H6 · −20 to −15°C","evergreen","","","",""
"0","Lemon and Lime Coprosma","Coprosma 'Lemon and Lime'","82","Compact evergreen shrub with small glossy leaves splashed and margined in fresh lime-green, lemon-yellow and deeper green tones.","Water moderately and allow the surface to dry slightly between watering.","South / West","Fertile, free-draining; No waterlogging; shelter from hard frost","Trim lightly in spring to maintain a compact shape.","","Jan-Dec","","","","","","","","","","","","H3","Wind and salt tolerant but vulnerable to hard inland frost.","Containers, coastal gardens, colourful evergreen borders, patios and contemporary planting.","0.8–1 m H × 0.8–1 m W","","","8","5","7","8","75","40","","","H3 · −5 to 1°C","evergreen","","","",""
"0","Admiration Japanese Barberry","Berberis thunbergii 'Admiration'","350","Compact rounded deciduous shrub with small brilliant coral-red to burgundy leaves edged by a fine golden-yellow margin.","Water regularly while establishing; mature plants tolerate moderate drought.","South / East / West","Any soil, well-drained; Shade dulls the foliage; no waterlogging","Little pruning required; trim after flowering or in late winter to maintain shape.","","Apr-Nov","","","","","","","","","","","","H7","Extremely cold hardy, drought tolerant once established and adaptable to many soils.","Low hedging, border fronts, containers, colour contrast and low-maintenance planting.","40–60 cm H × 40–60 cm W","","","6","5","6","4","70","30","Berries should not be treated as food; thorny stems may cause injury.","","H7 · below −20°C","deciduous","","","",""
"0","Red Dream Escallonia","Escallonia 'Red Dream'","348","Compact evergreen shrub with small glossy dark green leaves and clusters of vivid rosy-red to crimson tubular flowers through summer.","Water regularly while establishing; mature plants tolerate modest dry periods.","South / West","Any soil, well-drained; No winter wet or cold exposed inland sites","Trim lightly after flowering to maintain a compact shape and remove frost-damaged shoots in spring.","","Jun-Sep","","","","","","","","","","","","H4","Excellent coastal tolerance and good drought tolerance once established, though hard frost can damage foliage.","Low hedging, coastal gardens, containers, sunny borders and pollinator planting.","0.5–1 m H × 0.5–1 m W","","","9","6","7","5","80","45","","","H4 · −10 to −5°C","evergreen","","","",""
"0","Quick Fire Fab Hydrangea","Hydrangea paniculata 'Quick Fire Fab'","345","Upright panicle hydrangea producing large dense conical flower heads that open creamy white and rapidly develop pink, watermelon and rich reddish-pink tones as they mature.","Keep consistently moist during active growth, especially during hot weather and establishment.","South / East / West","Humus-rich, well-drained; Never let it dry out; no waterlogging","Prune in late winter or early spring, shortening the previous season's shoots to a strong framework.","","Jul-Oct","","","","","","","","","","","","H6","Very cold hardy and flowers reliably on new growth even after severe winters.","Shrub borders, specimen planting, flowering hedges, large containers and cut or dried flowers.","1.5–2 m H × 1.2–1.8 m W","","","13","7","13","7","65","30","Harmful if eaten.","","H6 · −20 to −15°C","deciduous","","","",""
"0","Bonanza Camellia","Camellia sasanqua 'Bonanza'","355","Compact evergreen camellia with glossy dark leaves and abundant semi-double to peony-form deep crimson-red flowers with conspicuous golden stamens in autumn and early winter.","Keep evenly moist, preferably using rainwater where tap water is strongly alkaline.","North / East / West","Humus-rich, drained, acid; No lime or drought; shade from morning sun","Usually requires little pruning; shape immediately after flowering if necessary.","","Oct-Dec","","","","","","","","","","","","H4","Hardy in many UK gardens when sheltered, but flowers and buds are vulnerable to severe frost.","Woodland gardens, sheltered borders, wall-side planting, containers and autumn flowering displays.","1.5–2.5 m H × 1.5–2 m W","","","7","7","10","8","40","15","","","H4 · −10 to −5°C","evergreen","","","",""
"0","Fairy Blush Camellia","Camellia 'Fairy Blush'","340","Compact evergreen camellia with small glossy leaves and masses of delicate single blush-pink flowers surrounding golden stamens, often noticeably fragrant.","Keep evenly moist, using rainwater where possible in hard-water areas.","North / East / West","Humus-rich, drained, acid; No lime or drought; shelter from frost","Requires little pruning; lightly shape after flowering if necessary.","","Feb-Apr","","","","","","","","","","","","H4","Reasonably hardy in sheltered UK gardens, though flowers can be spoiled by hard frost.","Fragrant gardens, containers, woodland borders, courtyards and sheltered wall-side planting.","1.5–2 m H × 1–1.5 m W","","","7","7","10","8","40","15","","","H4 · −10 to −5°C","evergreen","","","",""
"0","Black Scallop Bugle","Ajuga reptans 'Black Scallop'","275","Low spreading evergreen to semi-evergreen perennial with glossy heavily scalloped near-black purple leaves and short spikes of intense blue-violet flowers.","Keep moderately moist, particularly during establishment and hot dry periods.","Any aspect","Rich, drained, any pH; No bone-dry ground or standing water","Trim spent flower spikes and remove unwanted runners to control spread.","","Apr-Jun","","","","","","","","","","","","H7","Extremely cold hardy and tolerant of shade, with rapid ground-covering growth where moisture is adequate.","Ground cover, border edging, containers, woodland planting, underplanting and pollinator gardens.","10–20 cm H × 0.5–1 m W","","","13","7","10","4","45","10","","","H7 · below −20°C","evergreen","","","",""
"0","Fireside Ninebark","Physocarpus opulifolius FIRESIDE ('UMNHarpell')","285","Dense upright deciduous shrub with rich reddish-purple new foliage maturing deep purple and clusters of pinkish-white flowers followed by decorative seed heads.","Water regularly during establishment; once established it tolerates moderate periods of drought.","South / East / West","Any, moist but drained; Shade dulls the foliage; no waterlogging","Prune after flowering if needed, removing older stems at ground level to maintain vigorous colourful growth.","","May-Jul","","","","","","","","","","","UMNHarpell","H7","Extremely cold hardy and highly adaptable to a broad range of garden conditions.","Mixed shrub borders, screening, dark-foliage planting, wildlife gardens and informal hedging.","1.5–2 m H × 1.2–1.8 m W","","","12","5","7","4","75","30","","","H7 · below −20°C","deciduous","","","",""
"0","Dwarf Purple Japanese Barberry","Berberis thunbergii f. atropurpurea 'Atropurpurea Nana'","350","Compact, densely branched dwarf deciduous shrub with small rounded purplish-red to deep burgundy leaves, becoming brighter crimson-red in autumn; small pale yellow spring flowers are followed by glossy red berries.","Water regularly while establishing; mature plants tolerate moderately dry conditions.","Any aspect","Any soil, well-drained; No waterlogging; shade dulls the foliage","Little pruning required; remove damaged or unwanted stems after flowering and trim low hedges as necessary.","","Apr-Nov","","","","","","","","","","","Atropurpurea Nana","H7","Exceptionally cold hardy and tolerant of exposure, varied soils and periods of dryness once established.","Low hedging, border edging, containers, rock gardens, colour contrast and low-maintenance shrub planting.","40–50 cm H × 0.5–1 m W","","","5","7","6","4","75","30","Fruit is ornamental and should not be eaten; thorny stems can cause injury and gloves are recommended when handling.","","H7 · below −20°C","deciduous","","","",""
"0","Autumn Camellia","Camellia sasanqua","340","Slow-growing evergreen shrub or small tree with glossy finely serrated dark green leaves and autumn to winter flowers ranging from white and pale pink to deep rose-pink; many cultivated forms are lightly fragrant.","Keep evenly moist, particularly during summer when the following season's flower buds are forming; rainwater is preferable in hard-water areas.","Any aspect","Humus-rich, drained, acid; No lime; shelter from cold winds and drought","Requires little pruning; lightly shape after flowering where necessary.","","Oct-Jan","","","","","","","","","","","","H4","Hardy through much of the UK in a sheltered position, though flowers and buds can be damaged by severe frost and cold winds.","Autumn colour, woodland gardens, sheltered borders, containers, courtyards and wall-side planting.","2.5–4 m H × 1–1.5 m W","","","5","8","10","8","55","20","","","H4 · −10 to −5°C","evergreen","","","",""
"0","Forest Blue Chinese Plumbago","Ceratostigma willmottianum FOREST BLUE ('Lice')","220","Compact spreading deciduous shrub with slender lance-shaped green leaves that develop vivid red autumn colour, contrasting with clusters of intensely rich blue plumbago-like flowers in late summer and autumn.","Water regularly while establishing; thereafter keep moderately moist but well drained.","South / East / West","Any, free-draining; No waterlogging; sun for flower and colour","Prune in spring, cutting back old flowering growth to encourage vigorous new shoots.","","Aug-Oct","","","","","","","","","","","Lice","H4","Hardy through most of the UK and tolerant of exposed conditions provided the soil drains adequately.","Border fronts, cottage gardens, gravel gardens, containers, wall-side planting and late-season colour.","50–60 cm H × 0.5–1 m W","","","8","4","7","5","75","35","","","H4 · −10 to −5°C","deciduous","","","",""
"0","Dancing Pixies Twinkie Saxifrage","Saxifraga Dancing Pixies Twinkie ('Sh 1923')","335","Dwarf clump-forming saxifrage with scalloped dark green foliage showing pinkish-red tones and variegation, topped in autumn by masses of bright pink star-shaped flowers with contrasting yellow centres.","Keep consistently moist during active growth, but ensure excess water drains freely.","East / South / West","Moist, drained, any pH; Shelter it; no drought or winter wet","No routine pruning required; remove spent flower stems and damaged foliage when necessary.","","Sep-Nov","","","","","","","","","","","SH1923","H4","Hardy through most of the UK when grown in a sheltered, moisture-retentive but well-drained position.","Shady borders, woodland gardens, rock gardens, containers, courtyard planting and autumn colour.","15–25 cm H × 15–25 cm W","","","9","8","11","7","20","5","","","H4 · −10 to −5°C","evergreen","","","",""
"0","Coppertop Sweet Viburnum","Viburnum odoratissimum COPPERTOP ('Brant01')","18","Dense evergreen shrub with glossy dark-green leaves and striking copper-red to bronze new growth; fragrant creamy-white flower panicles.","Water regularly while establishing; moderate watering thereafter. More drought tolerant once established.","East / South / West","Any, moist but drained; No waterlogging; shelter from winter winds","Lightly prune after flowering to shape; clipping encourages fresh copper-coloured shoots.","","Apr-Jun","","","","","","","","","","","Cultivar denomination 'Brant01' · trade designation COPPERTOP","H4","Good heat and drought tolerance once established; responds well to clipping.","Hedge, screening, specimen shrub, mixed border, architectural planting","2.5–3 m H × 1.5–2 m W","","","12","8","10","7","70","35","Fruit are ornamental and should not be eaten.","Protected cultivar; commercial propagation may require permission.","Generally hardy to around −10°C; best in a sheltered position in colder UK gardens.","evergreen","","","",""
"0","Golden King Holly","Ilex × altaclerensis 'Golden King'","55","Bushy evergreen holly with broad glossy green leaves edged bright golden-yellow; small white flowers in spring followed by reddish-brown to red berries.","Water regularly while establishing; thereafter keep moderately moist during prolonged dry periods.","Any aspect","Any, moist but drained; No waterlogging; shade dulls the gold","Minimal pruning for specimens; remove damaged or misplaced growth in spring and trim hedges in late summer.","","Sep-Dec","","","","","","","","","","","Female cultivar · RHS Award of Garden Merit","H6","Very hardy; tolerant of exposed, coastal and urban conditions once established.","Hedge, screening, specimen shrub, small tree, wildlife garden, coastal garden, topiary","4–8 m H × 2.5–4 m W","","","9","9","9","6","70","30","Fruit are ornamental and should not be eaten; wear gloves when handling.","","Hardy throughout the UK and northern Europe · −20 to −15°C.","evergreen","","","needs partner; female cultivar, berries only with a male holly nearby",""
"0","Rhododendron Cunningham's White","Rhododendron 'Cunningham’s White'","0","Robust evergreen shrub with dark green leaves and loose trusses of white funnel-shaped flowers opening from mauve-tinged buds.","Keep evenly moist, particularly while establishing and during dry spring and summer weather.","East / South / West","Humus-rich, moist, acid; No lime or chalk; no prolonged waterlogging","Little pruning required; remove dead wood and spent flower trusses after flowering if needed.","","May-Jun","","","","","","","","","","","Cunningham's White","H6","Robust and cold-hardy; benefits from shelter from drying winds.","Woodland gardens, shrub borders, screening, informal hedging, acid-soil planting.","1.5-2.5 m H × 2.5-4 m W","","","9","9","13","9","60","30","Harmful if eaten; all parts should be treated as potentially toxic.","","−20 to −15°C · hardy throughout the UK.","evergreen","","","",""
"0","Korean Japanese maple","Acer palmatum var. coreanum","35","Deciduous maple with deeply lobed green leaves developing strong yellow, orange and red autumn colour.","Moderate; maintain even moisture during establishment and dry weather.","East / South / West","Humus-rich, moist, drained; No waterlogging, exposure or hot dry sites","Minimal pruning; remove unwanted or damaged branches while dormant, preferably from late autumn to midwinter.","","Sep-Nov","","","","","","","","","","","","H6","Cold-hardy but fine foliage benefits from protection from strong drying winds.","Specimen tree, woodland garden, Japanese-style garden, mixed borders.","4-6 m H × 3-5 m W","","","8","6","10","8","65","35","","","−20 to −15°C · generally hardy throughout the UK when established.","deciduous","","","",""
"0","Japanese maple Seiryu","Acer palmatum 'Seiryu'","35","Upright dissected Japanese maple with finely cut light-green foliage turning vivid yellow, orange and red in autumn.","Moderate; keep evenly moist during establishment and water during hot, dry weather.","East / South / West","Moist, drained, lime-free; No waterlogging; shelter from drying winds","Minimal pruning; remove damaged or crossing growth while dormant.","","Sep-Nov","","","","","","","","","","","Seiryu","H6","Good cold tolerance; requires some shelter from drying winds for best foliage.","Specimen shrub or small tree, Japanese gardens, courtyard gardens, mixed borders, large containers.","2.5-4 m H × 2.5-4 m W","","","8","7","10","8","70","35","","","−20 to −15°C · hardy throughout the UK.","deciduous","","","",""
"0","Red Belle de Boskoop apple","Malus domestica 'Red Belle de Boskoop'","5","Vigorous apple tree producing medium to large irregular apples with yellow skin strongly flushed dark red and firm, coarse-textured flesh.","Moderate; water well while establishing and during prolonged drought, particularly while fruit is developing.","South / West","Deep, fertile, drained; No waterlogging, shallow chalk or acid soil","Prune according to rootstock and training form; winter-prune standard trees and summer-prune trained forms as appropriate.","","Sep-Nov","","","","","","","","","","","Red Belle de Boskoop","H6","Very cold-hardy and vigorous; suited to cooler growing areas.","Edible garden, orchard, wildlife garden, cottage garden, trained fruit tree.","4-8 m H × 4-8 m W","","","12","12","10","11","90","65","Fruit flesh is edible; seeds should not be deliberately eaten in quantity.","","−20 to −15°C · hardy throughout the UK.","deciduous","","","",""
"0","Cherry plum Pissardii","Prunus pissardii","335","Rounded deciduous tree with dark red-purple foliage and masses of pale pink flowers fading toward white in early spring.","Moderate while establishing; relatively tolerant once established.","South / West","Any fertile, well-drained; No permanently waterlogged ground","Prune only when necessary, preferably in midsummer to reduce the risk of silver leaf disease.","","Mar-Apr","","","","","","","","","","","Pissardii","H6","Tolerates exposure and a wide range of soils once established.","Specimen tree, avenue planting, wildlife garden, ornamental flowering tree.","8-12 m H × 8 m+ W","","","12","10","8","7","90","65","Ripe plum-like fruit may be edible; leaves, stems and kernels contain cyanogenic compounds and should not be eaten.","","−20 to −15°C · hardy throughout the UK.","deciduous","","","",""
"0","Sedum Surrender Rose","Sedum 'Surrender Rose'","340","Compact clump-forming succulent perennial producing fleshy foliage and broad heads of rosy-pink flowers in late summer and autumn.","Low; water while establishing then allow the soil to dry between watering.","South / West","Poor, sharply drained; No wet or heavy soil, above all in winter","Leave dried flower heads for winter structure if desired, then cut old stems to ground level in early spring.","","Aug-Oct","","","","","","","","","","","Surrender Rose","H6","Excellent drought tolerance once established and generally easy-care.","Sunny borders, gravel gardens, pollinator planting, containers, low-maintenance schemes.","30 cm H × 40 cm W","","","9","4","4","3","95","75","","","At least −20 to −15°C · fully hardy in normal UK conditions.","deciduous","","","",""
"0","Walberton's Little Treasure spurge","Euphorbia × martini 'Waleulitr'","60","Compact evergreen spurge with brilliant yellow spring foliage becoming yellow-green in summer, rusty-orange autumn tips and yellow-green flowers with red nectaries.","Moderate while establishing; relatively drought tolerant afterwards.","East / South / West","Drained, neutral to chalky; Sharp drainage; no heavy wet winter soil","Minimal pruning; remove spent flower stems and damaged growth while wearing gloves.","","Mar-Nov","","","","","","","","","","","Waleulitr (Walberton's Little Treasure)","H5","Drought tolerant once established and naturally compact.","Containers, front of borders, gravel gardens, Mediterranean-style planting, foliage contrast.","30–40 cm H × 30–40 cm W","","","8","3","5","4","85","45","Milky sap is toxic if ingested and can strongly irritate skin and eyes; wear gloves when handling.","","−15 to −10°C · generally hardy in most UK gardens with good drainage.","evergreen","","","",""
"0","Heuchera Black Forest Cake","Heuchera 'Black Forest Cake'","345","Compact evergreen mound of exceptionally dark chocolate-black leaves topped by sprays of vivid cherry-red flowers in summer.","Moderate; maintain moisture without allowing the crown to sit wet.","East / South / West","Fertile, moist, drained; Crown must drain, especially in winter","Remove faded flower spikes and tidy damaged foliage in early spring.","","May-Sep","","","","","","","","","","","Black Forest Cake","H6","Cold-hardy and compact; established plants cope with short dry periods.","Containers, edging, ground cover, mixed borders, underplanting, foliage contrast.","20–30 cm H × 30–40 cm W","","","8","8","9","6","70","35","","","−20 to −15°C · hardy throughout the UK.","evergreen","","","",""
"0","Cranesbill Dreamland","Geranium DREAMLAND ('Bremdream')","345","Low, spreading hardy geranium forming a mound of deeply lobed green foliage and masses of pale pink cup-shaped flowers marked with darker veins.","Moderate while establishing; water during prolonged dry spells.","East / South / West","Any fertile, well-drained; No persistently waterlogged soil","Remove flowered stems and tired foliage to stimulate fresh leaves and repeat flowering.","","May-Sep","","","","","","","","","","","Bremdream (Dreamland)","H7","Very cold-hardy and tolerant of a broad range of normal garden soils.","Ground cover, border fronts, rose underplanting, cottage gardens, containers.","30–40 cm H × 40–50 cm W","","","10","7","8","4","75","35","","","Below −20°C · exceptionally hardy.","deciduous","","","",""
"0","Cordyline / Cabbage palm","Cordyline australis","110","Architectural evergreen with long, narrow, sword-shaped leaves forming bold upright rosettes; mature plants can develop a palm-like trunk.","Moderate while establishing; water during prolonged dry spells and keep container plants more consistently watered.","East / South / West","Fertile, well-drained; No wet or waterlogged soil in winter","Usually needs little pruning; remove dead or damaged leaves and cut out frost-damaged growth in spring.","","Jan-Dec","","","","","","","","","","","","H4","Good wind and coastal tolerance once established; moderate drought tolerance.","Architectural planting, patio containers, exotic gardens, coastal gardens, specimen planting.","4-8 m H × 2.5-4 m W","","","10","4","8","7","85","45","","","−10 to −5°C · best in a sheltered position; young and container-grown plants are more frost-sensitive.","evergreen","","","",""
"0","Heuchera Winterberry","Heuchera 'Winterberry'","330","Compact clump-forming foliage perennial grown primarily for colourful rounded, lobed leaves and delicate summer flower spikes.","Moderate; keep moist but never waterlogged.","East / South / West","Humus-rich, moist, drained; No winter waterlogging around the crown","Remove spent flower stems and damaged old foliage; divide and replant ageing clumps when necessary.","","Jan-Dec","","","","","","","","","","","Winterberry","H6","Generally cold-hardy but susceptible to crown problems in persistently wet soil.","Containers, edging, ground cover, borders, underplanting.","30 cm H × 40 cm W","","","8","8","9","6","60","30","","","−20 to −15°C · rating inferred from comparable hardy Heuchera cultivars.","semi-evergreen","","","",""
"0","Oleaster Viveleg","Elaeagnus × submacrophylla 'Viveleg'","60","Dense evergreen shrub with leathery dark-green leaves edged in bright yellow, silvery undersides and small highly fragrant white autumn flowers.","Moderate while establishing; drought tolerant once mature.","East / South / West","Any well-drained soil; No waterlogging; yellows on shallow chalk","Trim after flowering or in late spring to control size; remove any reverted plain-green shoots from variegated plants.","","Jan-Dec","","","","","","","","","","","Viveleg","H5","Very tolerant of wind, coastal exposure, dry soil and urban conditions once established.","Hedging, screening, coastal gardens, mixed borders, evergreen structure.","2.5-4 m H × 2.5-4 m W","","","13","6","6","4","75","35","","","−15 to −10°C · hardy in most UK gardens.","evergreen","","","",""
"0","Oleaster Moonlight","Elaeagnus × submacrophylla 'Moonlight'","55","Evergreen oleaster with leathery variegated foliage featuring a soft yellow to creamy-yellow centre and contrasting green margins, plus fragrant autumn flowers.","Moderate while establishing; drought tolerant once mature.","East / South / West","Any well-drained soil; No waterlogging; yellows on shallow chalk","Trim after flowering or in spring to maintain shape; remove reverted plain-green shoots promptly.","","Jan-Dec","","","","","","","","","","","Moonlight","H5","Good drought, wind and coastal tolerance once established.","Evergreen hedging, screening, mixed borders, coastal planting, foliage contrast.","2-3 m H × 2-3 m W","","","11","6","6","5","75","35","","","−15 to −10°C · hardiness inferred from the parent hybrid and established UK cultivation.","evergreen","","","",""
"0","Japanese spindle Extravaganza","Euonymus japonicus 'Extravaganza'","60","Compact evergreen Japanese spindle with glossy variegated foliage; fresh growth emerges conspicuously creamy-white before developing stronger green coloration.","Moderate while establishing; established shrubs tolerate short dry periods.","East / South / West","Any fertile, well-drained; No prolonged waterlogging","Trim in late winter or spring if required to maintain a compact form; remove reverted shoots if they occur.","","Jan-Dec","","","","","","","","","","","Extravaganza","H5","Robust evergreen that tolerates regular clipping and urban conditions.","Low hedging, borders, evergreen structure, containers, compact screening.","1.5-2 m H × 1-1.5 m W","","","8","8","7","5","75","35","Harmful if eaten, particularly fruits and seeds.","","Around −15 to −10°C · suitable for most UK gardens.","evergreen","","","",""
"0","Photinia Carré Rouge","Photinia × fraseri 'Carré Rouge'","5","Dense upright evergreen shrub producing glossy cherry-red young foliage that matures dark green, followed by clusters of small white spring flowers.","Moderate while establishing; water during prolonged drought and more regularly when container-grown.","East / South / West","Any fertile, well-drained; No wet, heavy or compacted ground","Responds well to clipping; trim after the spring flush and again later in summer if fresh red growth is desired.","","Mar-Jun","","","","","","","","","","","Carré Rouge","H5","Dense, robust evergreen with good pruning tolerance and reasonable drought tolerance after establishment.","Hedging, screening, specimen shrub, mixed borders, topiary, large containers.","2-3 m H × 1.5-2 m W","","","13","8","8","6","85","40","","","About −15 to −10°C · generally hardy in most UK gardens, with shelter useful in colder sites.","evergreen","","","",""
"0","Heuchera Indian Summer Cranberry","Heuchera CRANBERRY ('Ifhepr')","350","Compact mound of ruffled cranberry-red to purple-red foliage with delicate upright sprays of small pale to white flowers in summer.","Moderate; keep evenly moist while avoiding saturated soil.","East / West","Fertile, moist, drained; No winter wet; never let the roots dry out","Remove faded flower spikes and damaged foliage; divide and replant older clumps every few years.","","Jan-Dec","","","","","","","","","","","Ifhepr (Cranberry, Indian Summer Series)","H6","Cold-hardy; established plants have some drought tolerance but colour and vigour are best with reliable moisture.","Containers, borders, edging, underplanting, ground cover, shade gardens.","30 cm H × 40 cm W","","","8","7","9","6","50","25","","","−20 to −15°C · hardy throughout the UK.","semi-evergreen","","","",""
"0","Hellebore Ice N' Roses Early Rose","Helleborus Ice N’ Roses Early Rose ('Coseh 4000')","340","Robust clump-forming hellebore with leathery dark green palmate foliage and large outward-facing rich rose-pink flowers with prominent yellow stamens, flowering through winter into spring.","Moderate; keep evenly moist but never permanently saturated.","East / South / West","Humus-rich, moist, drained; No waterlogging or dry exposed ground","Remove damaged or old foliage before flowering and deadhead after flowering if seed is not required.","","Nov-Apr","","","","","","","","","","","Coseh 4000 (HGC Ice N' Roses Early Rose)","H7","Very cold-hardy, robust and long-lived; tolerates more sun than many traditional hellebores if soil remains adequately moist.","Winter borders, woodland edges, underplanting, wildlife gardens, patio containers, cut flowers.","40–50 cm H × 40–50 cm W","","","8","7","9","6","65","30","Harmful if eaten and sap may irritate skin; wear gloves when handling.","","Below −20°C · exceptionally hardy in UK conditions.","evergreen to semi-evergreen","","","",""
"0","Camellia Elfin Rose","Camellia sasanqua 'Elfin Rose'","340","Large upright evergreen shrub with glossy dark green serrated foliage and fragrant semi-double peony-form rose-pink flowers opening in late autumn and winter.","Moderate; maintain consistent moisture, particularly during establishment and summer when flower buds are forming.","East / West","Humus-rich, moist, acid; No lime or chalk; no cold waterlogging","Usually requires little pruning; shape immediately after flowering if necessary.","","Oct-Jan","","","","","","","","","","","Elfin Rose","H4","Evergreen and robust once established but flower buds and young growth benefit from protection from cold drying winds.","Woodland gardens, wall-side borders, evergreen screening, specimen shrub, large containers.","4-8 m H × 2.5-4 m W","","","8","8","10","8","50","25","","","−10 to −5°C · hardy through much of the UK in a sheltered position.","evergreen","","","",""
"0","Autumn Bronze chrysanthemum","Chrysanthemum 'Autumn Bronze'","25","Bushy late-season chrysanthemum producing masses of warm bronze to rusty orange-red daisy-like flowerheads above aromatic divided green foliage.","Moderate to high while actively growing and flowering; do not allow container plants to dry completely.","South / West","Fertile, moist, drained; No winter wet; pots must drain freely","Deadhead regularly to prolong flowering and cut back stems after flowering or once growth dies down.","","Sep-Nov","","","","","","","","","","","Autumn Bronze","H4","Good late-season flowering performance but exact winter resilience depends strongly on cultivar and drainage.","Autumn containers, seasonal displays, sunny borders, pollinator planting.","30–60 cm H × 30–60 cm W","","","11","10","11","8","95","70","May cause skin irritation in sensitive people; wear gloves when handling extensively.","","Hardiness depends on the exact cultivar sold under this name; some autumn pot chrysanthemums require winter protection.","deciduous","","","",""
"0","Pittosporum Bannow Bay","Pittosporum tenuifolium BANNOW BAY ('Breebay')","330","Compact evergreen shrub with dark young stems and small glossy grey-green leaves edged creamy white, developing attractive pink and crimson tones in colder weather.","Moderate while establishing; water container-grown specimens regularly during dry weather.","East / South / West","Any well-drained soil; No waterlogging or frost pockets","Trim lightly in spring or summer to maintain shape; ball-trained plants can be clipped regularly during the growing season.","","Jan-Dec","","","","","","","","","","","Breebay (Bannow Bay)","H4","Good wind and coastal tolerance once established, although severe frost can damage young growth.","Topiary balls, containers, evergreen structure, coastal gardens, low hedging, mixed borders.","0.6-1 m H × 0.6-1 m W","","","8","5","7","5","75","40","","","−10 to −5°C · hardy through much of the UK but benefits from shelter in colder inland gardens.","evergreen","","","",""
"0","Yarrow Sassy Summer Sangria","Achillea millefolium 'Sassy Summer Sangria'","355","Tall, substantial yarrow with aromatic fern-like grey-green foliage and broad, flat clusters of rich red to burgundy flowers on strong upright stems.","Low to moderate; water while establishing, then allow soil to dry somewhat between watering.","South / West","Well-drained, any pH; No wet or rich soil; feeding makes it flop","Deadhead regularly to extend flowering and cut old stems back after flowering or in late winter.","","Jun-Sep","","","","","","","","","","","Sassy Summer Sangria","H7","Highly drought and heat tolerant once established and performs well in exposed sunny planting.","Prairie planting, cottage borders, wildlife gardens, cut flowers, drought-tolerant schemes.","70–90 cm H × 0.6-1 m W","","","12","5","4","4","95","75","May cause skin irritation in sensitive people; ingestion can cause digestive upset.","","Below −20°C · exceptionally cold-hardy.","deciduous","","","",""
"0","Yarrow New Vintage Red","Achillea millefolium NEW VINTAGE RED ('Balvinred')","355","Compact yarrow with finely divided grey-green foliage and sturdy branching stems carrying dense flattened clusters of rich red flowers that soften in colour as they age.","Low to moderate; water while establishing but avoid constant wetness.","South / West","Well-drained, any pH; No waterlogging or heavy feeding","Deadhead frequently to prolong flowering; cut stems back after flowering or leave seedheads until late winter.","","Jun-Sep","","","","","","","","","","","Balvinred (New Vintage Red)","H7","Cold-hardy, drought tolerant once established and tolerant of exposed sunny sites.","Borders, prairie planting, wildlife gardens, cut flowers, containers.","40–50 cm H × 40–50 cm W","","","11","5","4","4","95","75","May irritate sensitive skin and can cause digestive upset if eaten in quantity.","","Below −20°C · exceptionally hardy.","deciduous","","","",""
"0","Japanese anemone Frilly Knickers","Anemone Frilly Knickers ('Fp007')","300","Compact clump-forming Japanese anemone with toothed mid-green leaves and distinctive ruffled semi-double white flowers flushed soft lilac around golden-yellow centres.","Moderate; prefers consistently moist soil, especially during active growth and flowering.","East / South / West","Humus-rich, moist, drained; No drought; no stagnant waterlogging","Cut flowered stems back after flowering and remove old foliage as it dies down.","","Jul-Oct","","","","","","","","","","","Fp007 (Frilly Knickers)","H6","Very cold-hardy once established and tolerant of both sun and partial shade where soil retains moisture.","Mixed borders, cottage gardens, woodland edges, containers, late-season planting.","50–70 cm H × 30–50 cm W","","","9","8","11","6","65","30","Potentially harmful if eaten and sap may irritate skin.","","−20 to −15°C · hardy throughout the UK.","deciduous","","","",""
"0","Catmint Cat's Pajamas","Nepeta 'Cat’s Pajamas'","245","Compact bushy catmint with aromatic soft grey-green foliage and unusually dense indigo-blue flower spikes held on dark stems from late spring through summer.","Low once established; water during establishment and severe drought.","South / West","Well-drained, even poor; No winter wet or waterlogging","Trim after the first flowering flush to maintain a compact habit and encourage repeat flowering.","","May-Sep","","","","","","","","","","","Cat's Pajamas","H7","Highly cold-hardy and drought resistant once established.","Border fronts, path edging, rose underplanting, gravel gardens, wildlife planting, containers.","30–35 cm H × 45–50 cm W","","","10","5","4","3","95","70","","","Below −20°C · exceptionally hardy.","deciduous","","","",""
"0","Tickseed Solanna Golden Sphere","Coreopsis SOLANNA GOLDEN SPHERE ('Dcoreo16')","50","Compact bushy perennial with narrow lance-shaped green leaves and abundant fully double golden-yellow pompon-like flowers held just above the foliage.","Moderate; keep watered during prolonged dry spells while avoiding saturated soil.","South / West","Fertile, well-drained; No heavy waterlogged winter ground","Deadhead regularly for continuous flowering and cut old growth back in late autumn or winter.","","Jun-Sep","","","","","","","","","","","Dcoreo16 (Solanna Golden Sphere)","H5","Good summer heat tolerance but winter survival is best in freely drained soil.","Sunny borders, patio containers, cottage gardens, pollinator planting, edging.","30–45 cm H × 30–45 cm W","","","10","6","7","4","90","55","","","−15 to −10°C · hardy in most UK gardens with good drainage.","deciduous","","","",""
"0","Ninebark 'Little Devil'","Physocarpus opulifolius LITTLE DEVIL ('Donna May')","280","Compact upright deciduous shrub with finely textured deep burgundy-purple foliage and rounded clusters of small pinkish-white flowers in early summer.","Water regularly while establishing; mature plants tolerate moderate drought.","East / South / West","Any, fertile; Avoid drought and waterlogging while young","Remove older stems after flowering or renovate gradually by cutting selected stems to the base.","","May-Jul","","","","","","","","","","","trade name LITTLE DEVIL; cultivar 'Donna May' (PP22634); the deck previously carried 'Minall2', which is ALL BLACK's code","H7","Extremely cold hardy, adaptable and relatively tolerant of drought and urban conditions.","Compact shrub borders, dark-foliage schemes, containers, low hedging and wildlife gardens.","0.9–1.2 m H × 0.8–1.2 m W","","","14","4","10","6","75","45","","","H7 · below −20°C","deciduous","","","",""
"0","Spindle Red Cascade","Euonymus europaeus 'Red Cascade'","355","Large vigorous deciduous shrub with oval green leaves turning vivid scarlet-red in autumn, followed by abundant bright rose-pink fruits that split open to reveal striking orange seeds.","Moderate while establishing; established plants tolerate some dry conditions.","East / South / West","Any well-drained soil; No waterlogging or deep shade","Requires little routine pruning; remove dead, damaged or unwanted growth while dormant and lightly shape where necessary.","","Sep-Nov","","","","","","","","","","","Red Cascade","H6","Robust and cold-hardy; tolerates exposed positions and a broad range of soils once established.","Autumn-interest shrub, specimen planting, wildlife gardens, informal hedging, mixed borders, screening.","2.5-4 m H × 1.5-2.5 m W","","","11","8","7","4","80","40","Harmful if eaten to humans and pets; wear gloves when handling.","","−20 to −15°C · hardy throughout the UK and northern Europe.","deciduous","","","",""
"0","Japanese maple Dissectum","Acer palmatum 'Dissectum'","35","Low, mound-forming Japanese maple with cascading branches and very finely divided, feathery green leaves that develop vivid yellow, orange and red autumn colour. Small purplish-red flowers in spring are followed by red winged fruits.","Moderate; keep evenly moist while establishing and water during prolonged dry summer weather.","East / South / West","Moist, drained, lime-free; No waterlogging, drought or drying winds","Minimal pruning required; remove dead, damaged or crossing growth between late autumn and midwinter.","","Sep-Nov","","","","","","","","","","","Dissectum","H6","Excellent cold tolerance but benefits from shelter from strong, drying winds and reliable summer moisture.","Specimen shrub, Japanese gardens, courtyard gardens, rock gardens, banks, slopes and large containers.","1.5-2.5 m H × 1.5-2.5 m W","","","7","7","10","8","65","35","","","−20 to −15°C · hardy throughout the UK and northern Europe.","deciduous","","","",""
"0","Rhododendron Ramapo","Rhododendron 'Ramapo'","265","Compact evergreen rhododendron with aromatic blue-grey young foliage and clusters of light violet-purple spring flowers.","Moderate; keep evenly moist and avoid prolonged drought.","East / South / West","Humus-rich, moist, acid; No alkaline or chalky soil","Little pruning needed; remove dead or damaged growth after flowering.","","Apr-May","","","","","","","","","","","Ramapo","H6","Very cold-hardy and compact.","Acid borders, containers, rock gardens, woodland edges.","0.5-1 m H × 0.5-1 m W","","","6","8","11","8","60","30","Harmful if eaten to humans and pets.","","−20 to −15°C · hardy throughout the UK.","evergreen","","","",""
"0","False acacia Frisia","Robinia pseudoacacia 'Frisia'","75","Fast-growing deciduous tree with brilliant golden-yellow pinnate foliage and an open rounded crown.","Moderate while establishing; fairly drought tolerant when mature.","South / West","Any well-drained soil; No persistently waterlogged ground","Remove damaged branches when dormant; avoid unnecessary heavy pruning.","","May-Oct","","","","","","","","","","","Frisia","H7","Tolerates poor soils, drought and urban conditions once established.","Specimen tree, large gardens, architectural foliage.","8-12 m H × 4-8 m W","","","16","8","6","6","95","70","Bark, leaves and seeds are harmful if eaten.","","Below −20°C · extremely cold-hardy.","deciduous","","","",""
"0","Gentian The Caley","Gentiana 'The Caley'","220","Low mat-forming gentian with bright green leaves and electric-blue trumpet flowers striped white in the throat.","Moderate to high; requires reliable moisture without waterlogging.","East / South / West","Moist, drained, lime-free; No drought; no stagnant wet soil","No routine pruning required.","","Sep-Nov","","","","","","","","","","","The Caley","H5","Cold-tolerant but prefers cool, moist growing conditions.","Rock gardens, containers, alpine beds, edging.","10 cm H × 10–50 cm W","","","5","8","12","9","65","35","","","−15 to −10°C.","semi-evergreen","","","",""
"0","Coneflower Princess Citrus","Echinacea 'Princess Citrus'","55","Compact coneflower with flowers opening greenish and developing lemon-yellow petals with green-tinted tips around a golden central cone.","Moderate while establishing; relatively drought tolerant once mature.","South / West","Fertile, well-drained; No heavy wet winter soil","Deadhead for repeat flowering or leave seedheads for winter wildlife.","","Jun-Sep","","","","","","","","","","","Princess Citrus","H6","Good heat and drought tolerance once established.","Pollinator planting, containers, borders, cut flowers.","40–50 cm H × 40–50 cm W","","","9","5","6","4","95","75","","","Approximately −20 to −15°C based on its stated cold-hardiness range.","deciduous","","","",""
"0","Bluestar Blue Ice","Amsonia 'Blue Ice'","215","Compact clump-forming perennial with dark green narrow leaves, star-shaped periwinkle-blue flowers and yellow-gold autumn foliage.","Moderate; drought tolerant once established.","East / South / West","Moist or well-drained; No prolonged waterlogging","Cut back after autumn foliage colour has finished.","","May-Jun","","","","","","","","","","","Blue Ice","H4","Drought resistant and generally pest-free.","Prairie planting, borders, ground cover, coastal gardens.","30–50 cm H × 0.5-1 m W","","","8","3","6","3","75","35","Milky sap may irritate sensitive skin.","","−10 to −5°C according to current RHS rating.","deciduous","","","",""
"0","Rose Cutie Pie","Rosa CUTIE PIE ('Rop007')","345","Very compact low rose with glossy green foliage and abundant small white flowers broadly edged apple-blossom pink.","Moderate; water regularly during establishment and container growth.","South / West","Fertile, humus-rich, moist; No prolonged waterlogging","Lightly prune and tidy in late winter or early spring.","","Jun-Sep","","","","","","","","","","","Rop007 (Cutie Pie)","H6","Compact and well suited to container cultivation.","Containers, edging, small gardens, patio displays.","15–30 cm H × 30 cm W","","","7","10","9","7","90","65","","","Suitable for normal UK winters.","deciduous","","","",""
"0","Gaura Gambit Variegata Rose","Oenothera lindheimeri 'Gambit Variegata Rose'","340","Compact airy perennial with variegated foliage and slender stems carrying numerous pink butterfly-like flowers.","Low to moderate once established.","South / West","Fertile, well-drained; No wet heavy winter soil","Cut back after flowering or in spring to encourage compact fresh growth.","","Jun-Oct","","","","","","","","","","","Gambit Variegata Rose","H4","Heat and drought tolerant after establishment.","Containers, sunny borders, gravel gardens, pollinator planting.","40–60 cm H × 40–50 cm W","","","10","4","5","4","95","70","","","−10 to −5°C; good drainage improves overwintering.","deciduous to semi-evergreen","","","",""
"0","Japanese sedge Evergold","Carex oshimensis 'Evergold'","70","Low arching evergreen sedge with narrow green leaves carrying a broad creamy-yellow central stripe.","Moderate; prefers consistent moisture but tolerates short dry periods.","East / West","Moist but well-drained; No permanently waterlogged ground","Comb out dead foliage and remove damaged leaves in spring.","","Jan-Dec","","","","","","","","","","","Evergold","H5","Evergreen, compact and tolerant of shade.","Containers, edging, ground cover, shade gardens.","30–40 cm H × 40–50 cm W","","","7","3","8","3","55","25","","","−15 to −10°C.","evergreen","","","",""
"0","Variegated greater periwinkle","Vinca major 'Variegata'","240","Spreading evergreen ground cover with green leaves broadly edged cream and violet-blue flowers over a long season.","Low to moderate once established.","East / West","Any soil, even damp ground; Spreads strongly by rooting stems","Cut back unwanted runners whenever necessary.","","Mar-Oct","","","","","","","","","","","Variegata","H5","Highly adaptable ground cover.","Ground cover, banks, shade, underplanting.","30–45 cm H × 1.5-2.5 m W","","","14","4","6","3","50","10","Harmful if eaten.","","Hardy in most UK gardens.","evergreen","","","",""
"0","Periwinkle Illumination","Vinca minor 'Illumination'","235","Trailing evergreen ground cover with bright golden-yellow leaves narrowly edged green and contrasting violet-blue flowers.","Low to moderate once established.","East / West","Moist or well-drained; Spreads by rooting stems","Trim freely to restrict spread.","","Mar-Sep","","","","","","","","","","","Illumination","H6","Cold-hardy and tolerant of considerable shade.","Ground cover, containers, banks, woodland edges.","10–20 cm H × 0.5-1.5 m W","","","12","4","6","3","45","15","Harmful if eaten.","","Hardy throughout the UK.","evergreen","","","",""
"0","New England aster Dark Purple","Symphyotrichum novae-angliae 'Dark Purple'","275","Tall clump-forming perennial with masses of dark purple daisy flowers with yellow centres in late summer and autumn.","Moderate.","South / West","Fertile, moist, drained; No severe summer drought","Cut stems to ground level after flowering or in late winter.","","Aug-Oct","","","","","","","","","","","Dark Purple","H7","Reliable hardy perennial and valuable late-season pollinator plant.","Borders, prairie planting, wildlife gardens, cut flowers.","1-1.5 m H × 0.5-1 m W","","","11","7","9","5","90","65","","","Exceptionally cold-hardy.","deciduous","","","",""
"0","Crimson flag lily Pink Princess","Hesperantha coccinea 'Pink Princess'","345","Clump-forming perennial with grass-like leaves and spikes of large, delicate pale blush-pink autumn flowers.","Moderate to high during active growth.","South / West","Fertile, moist, drained; No long drought; no winter waterlogging","Deadhead and cut flower stems down after flowering.","","Sep-Nov","","","","","","","","","","","Pink Princess","H4","Hardy through much of the UK with shelter and good soil.","Borders, cut flowers, waterside-style planting, containers.","50–70 cm H × 30–50 cm W","","","9","3","11","5","90","65","","","−10 to −5°C; winter mulch is beneficial.","semi-evergreen","","","",""
"0","Crimson flag lily Major","Hesperantha coccinea 'Major'","355","Vigorous clump-forming perennial with grassy leaves and upright spikes of large crimson-scarlet flowers.","Moderate to high.","South / West","Fertile, moist, drained; No severe drought or stagnant winter wet","Deadhead then cut stems down after flowering.","","Aug-Nov","","","","","","","","","","","Major","H4","Vigorous and generally pest-free.","Borders, cut flowers, containers.","50–70 cm H × 30–50 cm W","","","10","3","11","5","90","70","","","−10 to −5°C.","semi-evergreen","","","",""
"0","Delphinium Pure White","Delphinium 'Pure White'","0","Upright herbaceous perennial producing strong spikes of crisp white flowers above deeply divided green foliage.","Moderate to high during active growth.","East / South / West","Rich, moist, well-drained; No waterlogging or exposed windy sites","Cut spent flower stems down after flowering to encourage a second flush.","","Jun-Aug","","","","","","","","","","","Pure White","H5","Cold-hardy but tall flowers can require shelter or support.","Cottage gardens, borders, containers, cut flowers.","60–80 cm H × 30–50 cm W","","","10","9","11","8","85","60","All parts are harmful if eaten.","","Hardy in most UK gardens.","deciduous","","","",""
"0","Crocosmia Babylon","Crocosmia × crocosmiiflora 'Babylon'","15","Cormous perennial with sword-like leaves and arching sprays of large orange-red flowers with dark rings around golden throats.","Moderate.","East / South / West","Moist but well-drained; No heavy stagnant winter soil","Remove dead foliage and flower stems before spring growth.","","Jul-Sep","","","","","","","","","","","Babylon","H4","Vigorous once established.","Borders, cottage gardens, cut flowers.","0.5-1 m H × 30–50 cm W","","","11","5","8","4","80","45","","","−10 to −5°C.","deciduous","","","",""
"0","Skimmia Perosa","Skimmia japonica 'Perosa'","345","Compact evergreen male skimmia with grey-green leaves edged yellow and clusters of red-pink buds opening creamy-white.","Moderate.","North / East","Humus-rich, moist, drained; No hot dry sun or poor dry soil","Little pruning required; lightly shape after flowering.","","Oct-Apr","","","","","","","","","","","Perosa","H5","Reliable shade-tolerant evergreen.","Shade borders, woodland planting, containers.","0.5-1 m H × 0.5-1 m W","","","6","6","9","5","35","10","Plant material should not be eaten.","","−15 to −10°C.","evergreen","","","",""
"0","Coneflower MOOODZ Fearless","Echinacea MOOODZ FEARLESS ('Hilmofear')","25","Compact well-branched coneflower producing strong orange flowers with fresh green tones in the developing central cone.","Moderate while establishing; drought tolerant once mature.","South / West","Fertile, well-drained; No wet winter soil","Deadhead for repeat flowering or retain seedheads for wildlife.","","May-Sep","","","","","","","","","","","Hilmofear (MOOODZ Fearless)","H5","Heat tolerant, sturdy and floriferous.","Containers, borders, pollinator gardens, cut flowers.","35–45 cm H × 35–45 cm W","","","9","5","6","4","95","75","","","Generally hardy in most UK gardens where drainage is good.","deciduous","","","",""
"0","Hydrangea HI Ocean","Hydrangea macrophylla 'HI Ocean'","225","Compact mophead hydrangea producing large rounded flower heads that can develop intense blue tones in acidic conditions and pinker tones at higher pH.","High; keep soil reliably moist.","East / South / West","Humus-rich, moist, drained; No drought; soil pH shifts flower colour","Remove old flowerheads and dead stems in spring without heavily cutting healthy old wood.","","Jun-Aug","","","","","","","","","","","HI Ocean","H5","Compact and suitable for garden or container production.","Containers, borders, shaded patios, cut flowers.","0.8-1.2 m H × 0.8-1.2 m W","","","8","7","14","8","60","30","Harmful if eaten; may irritate skin.","","Cold hardy but flower buds benefit from a sheltered site.","deciduous","","","",""
"0","Japanese maple Moonfire","Acer palmatum 'Moonfire'","350","Upright Japanese maple with deep reddish-purple five- to seven-lobed leaves turning brilliant crimson in autumn.","Moderate; maintain moisture in dry weather.","East / South / West","Moist, drained, lime-free; No drought, waterlogging or drying wind","Minimal pruning while dormant.","","Apr-Nov","","","","","","","","","","","Moonfire","H6","Cold-hardy but foliage benefits from shelter.","Specimen tree, Japanese gardens, large containers.","2.5-4 m H × 2.5-4 m W","","","8","7","10","8","70","35","","","Hardy throughout the UK.","deciduous","","","",""
"0","Yellow lantana","Lantana camara","55","Tender bushy shrub with aromatic rough leaves and rounded clusters of bright yellow tubular flowers.","Moderate; allow the surface to dry slightly between watering.","South / West","Fertile, sharply drained; Frost tender; no waterlogged roots","Pinch and lightly prune to maintain compact growth.","","May-Oct","","","","","","","","","","","","H2","Heat and drought tolerant once established.","Summer containers, bedding, conservatories.","0.5-1.5 m H × 0.5-1.5 m W","","","12","8","7","7","95","75","Berries and foliage can be harmful if eaten.","","Tender; protect from frost and overwinter under cover.","evergreen in frost-free conditions","","","",""
"0","Sweet pea shrub / Polygala","Polygala myrtifolia","300","Tender evergreen shrub with small oval leaves and distinctive purple-pink pea-like flowers over a long season.","Moderate.","South / West","Fertile, free-draining; Frost tender; no wet winter roots","Lightly trim after flowering to maintain shape.","","Apr-Oct","","","","","","","","","","","","H2","Tolerant of warmth and coastal conditions.","Patio containers, conservatories, summer displays.","1-2 m H × 1-1.5 m W","","","10","6","7","7","90","60","","","Requires frost protection in most of the UK.","evergreen","","","",""
"0","African daisy Dalina White Pink Blush","Osteospermum ecklonis 'Dalina Compact White Pink Blush'","340","Compact African daisy producing abundant white flowers flushed and blushed soft pink around darker centres.","Moderate; somewhat drought tolerant once established.","South / West","Well-drained soil; No heavy wet clay or winter waterlogging","Deadhead and lightly trim to encourage repeat flowering.","","May-Sep","","","","","","","","","","","Dalina Compact White Pink Blush","H3","Heat and drought tolerant once established.","Containers, bedding, hanging baskets, sunny borders.","30 cm H × 30 cm W","","","10","6","6","4","95","75","","","About −5 to 1°C; protect during hard frost.","semi-evergreen","","","",""
"0","Cardoon","Cynara cardunculus","265","Large architectural perennial with deeply cut silvery-grey leaves and tall stems topped by large purple thistle-like flowers.","Low to moderate once established.","South / West","Fertile, well-drained; No winter waterlogging","Remove spent stems and cut dead foliage back as required.","","Jun-Sep","","","","","","","","","","","","H5","Drought and heat tolerant once established.","Architectural planting, Mediterranean gardens, wildlife gardens.","1.5-2.5 m H × 1-1.5 m W","","","13","5","5","4","95","75","","","Hardy in most UK gardens with good drainage.","semi-evergreen to deciduous","","","",""
"0","Heuchera Toncka Green & Brown","Heuchera 'Toncka Green & Brown'","100","Compact foliage perennial forming a mound of green leaves with contrasting darker brown-toned markings.","Moderate.","East / South / West","Fertile, moist, drained; No waterlogging around the crown","Remove damaged leaves and faded flower stems.","","Jan-Dec","","","","","","","","","","","Toncka Green & Brown","H6","Cold-hardy when grown in well-drained soil.","Containers, edging, mixed borders, ground cover.","30 cm H × 30–40 cm W","","","8","8","8","6","60","30","","","Hardiness estimated from standard Heuchera cultivation.","semi-evergreen","","","",""
"0","Katherine blood lily Flame","Scadoxus katherinae 'Flame'","5","Tender bulbous perennial with broad leaves and spectacular spherical heads of scarlet-red flowers made up of long protruding stamens.","Moderate during growth; reduce watering during dormancy.","East / South / West","Rich, drained loam compost; Frost tender; no cold wet conditions","Remove dead foliage after it naturally dies back.","","Jul-Sep","","","","","","","","","","","Flame","H1c","Performs well in warm sheltered conditions.","Conservatories, greenhouse displays, patio containers in summer.","1-1.2 m H × 30–50 cm W","","","8","6","8","10","70","35","Bulbs and other plant parts are potentially toxic if eaten.","","Keep above approximately 5°C; generally requires greenhouse or indoor winter protection.","deciduous","","","",""
"0","Hosta Autumn Frost","Hosta 'Autumn Frost'","75","Compact hosta with blue-green heart-shaped leaves edged broad yellow in spring, fading to creamy white, and pale purple summer flowers.","Moderate to high.","North / East","Humus-rich, moist, drained; No prolonged drought","Remove dead foliage after frost.","","Apr-Sep","","","","","","","","","","","Autumn Frost (Shadowland Series)","H7","Relatively thick leaves offer somewhat improved slug resistance.","Shade gardens, containers, woodland borders.","30–50 cm H × 0.5-1 m W","","","8","10","11","6","35","15","Harmful to dogs and cats if eaten.","","Extremely cold-hardy.","deciduous","","","",""
"0","Canary Island date palm","Phoenix canariensis","115","Large architectural palm with a stout trunk and huge arching deep-green pinnate fronds.","Moderate during active growth; reduce watering in winter.","East / South / West","Loam-based, free-draining; Not reliably frost hardy in the UK","Remove only completely dead fronds.","","Jan-Dec","","","","","","","","","","","","H2","Heat, wind and drought tolerant once established in warm climates.","Large containers, conservatories, architectural displays.","12 m+ H × 8 m+ W","","","8","8","7","8","80","40","Sharp leaf bases and spines can cause physical injury.","","Tender; prolonged freezing temperatures can cause severe damage.","evergreen","","","",""
"0","Clematis Big & Easy Purple","Clematis BIG & EASY PURPLE ('Tumaini')","275","Compact free-flowering clematis with large richly coloured purple-toned flowers over an unusually long summer season.","Moderate; keep roots cool and reliably moist.","East / South / West","Fertile, moist, drained; No hot dry roots; no waterlogging","Remove dead growth in early spring; can be cut back harder if required.","","May-Sep","","","","","","","","","","","Tumaini (Big & Easy Purple)","H6","Compact and bred for prolonged flowering.","Containers, small trellises, pergolas, patios.","1.2-1.8 m H × 0.5-1 m W","","","10","8","10","7","70","40","Sap may irritate skin and plant material is harmful if eaten.","","Comparable to USDA zone 6 cold tolerance.","deciduous","","","",""
"0","Clematis Niobe","Clematis 'Niobe'","350","Compact deciduous climber with large velvety ruby-red flowers ageing wine-red around contrasting yellow-green stamens.","Moderate.","East / South / West","Moist but well-drained; Keep the roots cool and shaded","Pruning Group 2.","","May-Sep","","","","","","","","","","","Niobe","H6","Reliable compact climber.","Walls, trellises, pergolas, containers.","1.5-2.5 m H × 0.5-1 m W","","","10","8","10","7","70","35","Skin irritant and harmful if eaten.","","Hardy throughout the UK.","deciduous","","","",""
"0","Southern magnolia vine","Schisandra sphenanthera","5","Deciduous twining climber with oval green leaves, small orange-red flowers and hanging clusters of bright scarlet berries.","Moderate.","East / South / West","Fertile, moist, drained; No severe drought","Prune congested or unwanted growth in early spring.","","May-Oct","","","","","","","","","","","","H5","Generally pest and disease resistant.","Wall climber, trellis, screening, ornamental fruit.","4-8 m H × 2.5-4 m W","","","11","3","8","5","65","30","","","−15 to −10°C.","deciduous","","","",""
"0","Cordyline Superstar","Cordyline obtecta SUPERSTAR ('Albatross')","350","Architectural cordyline with broad glossy dark purple-red leaves forming a strong upright tropical rosette.","Moderate; avoid prolonged saturation.","South / West","Fertile, free-draining; Shelter pots from hard frost and winter wet","Remove dead or damaged leaves.","","Jan-Dec","","","","","","","","","","","Albatross (Superstar)","H4","Low maintenance with good drought tolerance after establishment.","Architectural containers, exotic planting, patios.","1.5 m H × 80 cm W","","","9","5","7","6","90","60","Can be harmful to pets if eaten.","","Best in sheltered UK gardens; container plants benefit from winter protection.","evergreen","","","",""
"0","Ninebark Magic Ball","Physocarpus opulifolius MAGIC BALL ('Lp1')","80","Compact rounded deciduous ninebark with colourful lobed foliage and clusters of small pale flowers in early summer.","Moderate while establishing.","East / South / West","Most soils, moist, drained; No prolonged waterlogging","Prune after flowering if shaping is required; older stems can be removed from the base.","","Apr-Oct","","","","","","","","","","","Lp1 (Magic Ball)","H6","Robust and tolerant of a range of soils.","Shrub borders, compact hedging, containers.","0.8-1.2 m H × 0.8-1.2 m W","","","10","5","7","4","75","35","","","Hardy throughout the UK.","deciduous","","","",""
"0","Panicle hydrangea Little Fresco","Hydrangea paniculata 'Little Fresco'","345","Very compact panicle hydrangea with large creamy-white flower heads ageing through pink to richer autumn tones.","Moderate to high.","East / South / West","Fertile, moist, drained; No prolonged drought","Prune back in late winter or early spring.","","Jul-Sep","","","","","","","","","","","Little Fresco","H6","Compact, sturdy and well suited to containers.","Patio pots, small gardens, borders, cut flowers.","70–80 cm H × 60–70 cm W","","","8","7","11","6","75","35","Harmful if eaten; sap may irritate skin.","","Reported hardy to approximately −20°C or below.","deciduous","","","",""
"0","Panicle hydrangea Living Red Velvet","Hydrangea paniculata LIVING RED VELVET ('LC NO19')","345","Compact panicle hydrangea with strong stems and dark green foliage bearing large flowers that mature from pale tones to rich deep pink-red.","Moderate to high.","East / South / West","Fertile, moist, drained; No prolonged drought","Prune in late winter or early spring.","","Jul-Sep","","","","","","","","","","","LC NO19 (Living Red Velvet)","H7","Strong stems, compact habit and long flowering period.","Containers, small gardens, borders, cut flowers.","1 m H × 80 cm W","","","9","7","11","6","75","35","Harmful if eaten; may irritate skin.","","Breeder reports winter hardiness to approximately −30°C.","deciduous","","","",""
"0","Alstroemeria Valley Beach","Alstroemeria 'Valley Beach'","330","Compact clump-forming alstroemeria producing colourful lily-like flowers above narrow green foliage over summer.","Moderate.","East / South / West","Fertile, moist, drained; No severe winter waterlogging","Pull or remove spent flowering stems from the base.","","Jun-Oct","","","","","","","","","","","","H4","Generally long-flowering in sheltered fertile soil.","Containers, borders, cut flowers.","40–80 cm H × 30–60 cm W","","","10","7","9","6","80","45","Sap can irritate sensitive skin.","","Cultivar-specific hardiness cannot be assigned until the exact Valley cultivar is known.","deciduous","","","",""
"0","Compact winged spindle","Euonymus alatus 'Compactus'","355","Compact spreading deciduous shrub with corky winged stems, green leaves turning vivid rosy scarlet in autumn and red-purple fruits containing orange seeds.","Moderate while establishing.","East / South / West","Any well-drained soil; Needs good light for autumn colour","Requires little pruning; lightly shape when dormant.","","Sep-Nov","","","","","","","","","","","Compactus","H6","Cold-hardy and adaptable.","Autumn-interest borders, small hedges, specimen shrub.","0.5-1 m H × 1-1.5 m W","","","7","7","7","4","75","35","Harmful if eaten.","","Hardy throughout the UK.","deciduous","","","",""
"0","Norway maple Crimson King","Acer platanoides 'Crimson King'","350","Large deciduous maple with broad five-lobed leaves remaining deep purplish-crimson throughout summer and reddish-orange spring flowers.","Moderate while establishing.","East / South / West","Moist or well-drained; Needs substantial space at maturity","Minimal pruning while dormant.","","Apr-Nov","","","","","","","","","","","Crimson King","H7","Robust and tolerant of urban conditions.","Large gardens, specimen tree, avenues.","8-12 m H × 8 m+ W","","","12","8","7","5","80","40","","","Exceptionally cold-hardy.","deciduous","","","",""
"0","Sycamore Drummondii","Acer pseudoplatanus 'Drummondii'","80","Large deciduous tree with broad green leaves conspicuously margined creamy white, creating a bright variegated canopy.","Moderate while establishing.","East / South / West","Fertile, moist, drained; Cut out reverted all-green shoots at once","Minimal pruning; remove reversions and damaged branches while dormant.","","Apr-Oct","","","","","","","","","","","Drummondii","H7","Very wind tolerant and adaptable.","Large gardens, specimen tree, parkland.","8-12 m H × 8 m+ W","","","12","8","7","5","70","35","Seeds and seedlings can be harmful to horses.","","Extremely cold-hardy.","deciduous","","","",""
"0","Abelia Radiance","Abelia × grandiflora 'Radiance'","110","Compact mound-forming shrub with glossy green leaves broadly variegated cream, bright red stems and lightly scented white trumpet flowers.","Moderate while establishing; some drought tolerance once mature.","South / West","Moist but well-drained; Shelter from hard cold and drying winds","Lightly shape in spring; older plants can be rejuvenated periodically.","","Jul-Oct","","","","","","","","","","","Radiance","H4","Drought resistant once established and generally pest-free.","Containers, borders, low hedging, courtyard gardens.","0.5-1 m H × 1-1.5 m W","","","9","3","7","4","90","65","","","−10 to −5°C.","semi-evergreen","","","",""
"0","Rose of Sharon Starburst Chiffon","Hibiscus syriacus STARBURST CHIFFON ('Rwoods6')","340","Upright deciduous shrub bearing large semi-double pale pink flowers strongly marked with darker pink-red veins from late summer into autumn.","Moderate.","South / West","Fertile, moist, drained; Flowers best in a warm sunny sheltered spot","Prune lightly in spring to shape and remove damaged growth.","","Aug-Oct","","","","","","","","","","","Rwoods6 (Starburst Chiffon)","H5","Heat tolerant once established and flowers late when many shrubs have finished.","Shrub borders, specimen planting, sunny walls, large containers.","1.5-2.5 m H × 1-1.5 m W","","","9","6","7","5","95","70","","","Hardy in most UK gardens, especially in a warm sheltered position.","deciduous","","","",""
"0","Mexican orange blossom Sundance","Choisya ternata 'Sundance'","52","Rounded evergreen shrub · brilliant golden-yellow aromatic leaves · clusters of fragrant white star-shaped flowers","Water regularly while establishing; once established tolerates some drought. Avoid prolonged waterlogging.","East / South / West","Any well-drained soil; No standing wet; exposed sites scorch it","Pruning group 8; lightly shape after flowering and remove damaged or congested shoots.","","May-Jun","","","","","","","","","","","Sundance is the trade name associated with 'Lich'; synonyms include 'Brica' and 'Moonsleeper'.","H4","Evergreen and drought tolerant once established; reasonably robust in a sheltered, freely drained position.","Shrub borders · evergreen structure · scented gardens · courtyards · informal hedging · containers","1.5–2.5 m H × 1.5–2.5 m W","","","10","6","7","5","72","38","No known hazard; no significant toxicity commonly reported.","","H4 · hardy through most of the UK, approximately −10 to −5°C","evergreen","","","",""
"0","Himalayan honeysuckle","Leycesteria formosa","335","Fast-growing arching shrub · sea-green stems · white hanging flowers enclosed by wine-red to purple bracts · dark purple berries","Keep moderately moist while establishing; established plants tolerate short dry periods.","Any aspect","Fertile, moist, drained; No winter waterlogging; roots rot","Pruning group 6 in early spring for vigorous new stems, or group 3 after flowering where a larger framework is wanted.","","Jul-Oct","","","","","","","","","","","","H5","Very vigorous and adaptable; usually pest-free and can regenerate strongly after pruning.","Woodland-style planting · wildlife gardens · informal borders · screening · bird-friendly planting","1.5–2.5 m H × 1.5–2.5 m W","","","17","3","9","3","65","28","Fruit is ornamental and should not be eaten; RHS advises gloves when handling.","","H5 · hardy in most UK locations, approximately −15 to −10°C","deciduous","","","",""
"0","Variegated blue potato bush","Lycianthes rantonnetii 'Variegata'","270","Lax evergreen shrub · green leaves irregularly variegated cream-white · saucer-shaped purple flowers with vivid yellow centres","Keep evenly moist during active growth but ensure excess water drains freely; reduce watering in winter.","South / West","Fertile, moist, drained; Shelter; cold exposed sites need protection","Pruning group 9 if freestanding or group 12 when trained as a wall shrub.","","Jun-Oct","","","","","","","","","","","'Variegata'; also encountered as Solanum rantonnetii 'Variegatum'.","H3","Long flowering and vigorous in warmth but vulnerable to hard frost; performs best against a warm wall or under protection.","Patio containers · conservatories · warm walls · Mediterranean planting · summer flowering displays","1.5–2.5 m H × 1.5–2.5 m W","","","14","9","11","13","95","80","Harmful if eaten: all parts can cause severe discomfort; wear gloves when handling.","","H3 · hardy mainly in mild coastal or sheltered UK locations, approximately −5 to 1°C","evergreen","","","",""
"0","Flower-of-an-Hour","Hibiscus trionum","45","Upright annual · creamy-white to pale yellow hibiscus flowers · striking dark purplish-maroon central eye · inflated seed capsules","Water moderately during active growth, allowing the surface to begin drying between waterings.","South / West","Well-drained, acid-neutral; No cold wet soil; plant out after last frost","No pruning required; deadhead if seed production is not wanted.","","Aug-Sep","","","","","","","","","","","","H2","Fast-growing annual in warm conditions but frost tender.","Annual borders · cottage gardens · containers · subtropical-style planting · unusual flowering displays","0.5–1 m H × 10–50 cm W","","","15","8","8","7","95","85","No known hazard; no significant toxicity warning listed by RHS.","","H2 · tolerates cool conditions but not freezing; normally treated as an annual in the UK","deciduous","","","",""
"0","American pokeweed","Phytolacca americana","320","Large herbaceous perennial · stout reddish-purple stems · long racemes of small white-green flowers · glossy purple-black berries","Prefers consistent moderate moisture but established plants tolerate short dry periods.","East / South / West","Any moist, drained soil; Self-seeds aggressively; weed out early","Cut dead top growth back after dormancy; remove spent fruiting stems earlier if self-seeding is undesirable.","","Jul-Oct","","","","","","","","","","","","H6","Extremely vigorous, fast-growing and adaptable; resists many pests and can become difficult to eradicate once established.","Wildlife planting · naturalistic planting · dramatic foliage and berries · large informal gardens","1.2–3 m H × 0.9–1.5 m W","","","18","3","10","8","72","32","TOXIC if eaten. All parts are poisonous to people and pets; gloves are advisable because compounds can also be absorbed through damaged skin.","","Very cold-tolerant temperate perennial; underground crown survives winters far colder than typical lowland UK conditions.","deciduous","","","",""
"0","Variegated century plant","Agave americana 'Marginata'","65","Large architectural succulent · rigid grey-green sword-shaped leaves broadly edged yellow · formidable marginal and terminal spines","Water sparingly and allow the growing medium to dry well between waterings; keep much drier in winter.","East / South / West","Gritty, very free-draining; Cold and winter wet kill it; drain sharply","No pruning required; remove only dead or damaged leaves with appropriate protection.","","Jan-Dec","","","","","","","","","","","'Marginata'","H2","Exceptionally drought resistant and heat tolerant, but poor tolerance of frost and prolonged winter moisture.","Architectural containers · Mediterranean gardens · conservatories · gravel gardens · summer patio displays","1–1.5 m H × 1–1.5 m W","","","4","5","2","12","98","90","Sap is a skin irritant and the plant is harmful to dogs and cats if eaten; sharp marginal and terminal spines are an additional physical hazard.","","H2 · does not tolerate freezing reliably and requires winter protection in most of the UK","evergreen","","","",""
"0","Box elder","Acer negundo","55","Vigorous broad deciduous maple · unusual pinnate ash-like leaves · green young shoots · yellow autumn foliage · winged fruits on female trees","Water regularly while young; established trees prefer moderate moisture and tolerate ordinary well-drained garden conditions.","Any aspect","Any moist, drained soil; Needs a lot of room; no waterlogged ground","Pruning group 1; minimal pruning, preferably undertaken during dormancy to remove damaged or poorly positioned branches.","","Oct-Nov","","","","","","","","","","","","H6","Fast-growing, cold hardy and adaptable to a wide range of soils and light levels.","Large gardens · specimen tree · informal landscapes · shade tree · autumn colour",">12 m H × >8 m W","","","16","10","10","8","68","35","No major human toxicity warning from RHS; seeds and seedlings of box elder are associated with atypical myopathy in horses.","","H6 · hardy throughout the UK and northern Europe, approximately −20 to −15°C","deciduous","","","",""
"0","A Whiter Shade of Pale Rose","Rosa A WHITER SHADE OF PALE ('Peafanfare')","350","Compact upright Hybrid Tea rose with elegant scrolled buds opening into large, very pale blush-pink to near-white double flowers; strongly fragrant against glossy dark green foliage.","Water deeply during prolonged dry periods, especially while establishing and when grown in containers; avoid repeatedly wetting the foliage.","East / South / West","Fertile, drained, any pH; No waterlogging; renew old rose soil","Prune as a Hybrid Tea in late winter or early spring, removing dead, weak or crossing growth and shortening strong stems; deadhead regularly to encourage repeat flowering.","","Jun-Oct","","","","","","","","","","","Peafanfare","H6","Hardy, repeat-flowering and noted for good disease resistance; established plants are reliable across most UK gardens.","Rose beds, mixed borders, cottage gardens, courtyards, large containers and cut flowers","60–90 cm H × 60–90 cm W","","","11","9","11","9","90","60","Low hazard if eaten; the thorny stems are sharp and can injure skin, so wear gloves when handling.","","H6 · −20 to −15°C","Deciduous · glossy dark green","","","",""
"0","Agnata Butterwort","Pinguicula agnata","105","Compact Mexican butterwort forming a succulent-looking rosette of broad pale to fresh green leaves coated with glistening sticky glands that trap tiny insects; delicate white flowers typically have a pale blue to violet throat.","Use rainwater, distilled or other very low-mineral water. Keep lightly and consistently moist while actively producing carnivorous leaves, then reduce watering substantially when the smaller winter resting leaves develop.","East / West","Open, nutrient-poor mix; Rainwater only; no compost, feed or lime","No pruning required; gently remove dead leaves and spent flower stems.","","Mar-Aug","","","","","","","","","","","","H2","Relatively easy Mexican Pinguicula when given low-mineral water, bright light and a drier winter resting phase.","Bright windowsills, carnivorous plant collections, conservatories and natural control of fungus gnats and whitefly","5-15 cm H × 10-20 cm W","","","8","5","10","11","65","40","No known hazard; not generally regarded as toxic.","","H2 provisional · best treated as frost-tender in UK cultivation","Evergreen/perennial rosette · pale to fresh green sticky carnivorous leaves","","","",""
"0","Venus Flytrap","Dionaea muscipula","110","Small carnivorous perennial forming a ground-level rosette of hinged jaw-like traps, typically green outside and flushed pink to deep red within, with interlocking marginal teeth.","Keep permanently moist during active growth by standing the pot in a shallow tray of rainwater or distilled water. Reduce slightly during winter dormancy but never allow the rhizome to dry completely.","South / West","Acid carnivorous compost; Tap water, feed, lime or compost can kill it","No pruning required; remove blackened dead traps and old flower stems. Young or weak plants may benefit from flower stems being removed.","","May-Sep","","","","","","","","","","","","H3","Long-lived when given intense light, mineral-free water and a winter rest; much less tolerant of unsuitable water or compost.","Carnivorous collections, sunny windowsills, conservatories, cold greenhouses and protected bog containers","5-10 cm H × 10-30 cm W","","","8","6","17","13","90","65","No known hazard; not generally regarded as toxic.","","H3 · −5 to 1°C; requires a cool winter dormancy","Evergreen to semi-dormant · hinged insect-catching traps","","","",""
"0","Maroon Pitcher Plant","Sarracenia 'Maroon'","350","Compact carnivorous pitcher plant forming stocky, ruffled upright traps that begin green to pink-flushed before developing rich burgundy, wine-red and maroon coloration in strong light.","Use rainwater or distilled water. During active growth stand the pot in a shallow tray of water so the medium remains consistently wet; reduce standing water during winter dormancy.","South / West","Acid carnivorous compost; No feed, lime or tap water; never let it dry","Remove dead pitchers in late winter or as they brown; otherwise no pruning is required.","","May-Oct","","","","","","","","","","","Maroon","H3","Compact hybrid derived from Sarracenia purpurea × Sarracenia rubra; develops its strongest maroon colour in intense light.","Carnivorous collections, sunny patios, greenhouse displays, bog containers and protected outdoor carnivorous gardens","15-30 cm H × 30-50 cm W","","","10","6","18","11","95","70","No known hazard; not generally regarded as toxic.","","Hardiness uncertain at cultivar level; protect container plants from prolonged hard frost","Evergreen to semi-dormant · compact tubular carnivorous pitchers, increasingly maroon with age","","","",""
"0","Fiona Pitcher Plant","Sarracenia 'Fiona'","350","Clump-forming pitcher plant producing upright hooded traps that emerge pale green and pink before maturing through crimson to deep wine red; dark red nodding flowers appear in spring.","Keep continuously moist with rainwater or other lime-free water during active growth, usually by standing the container in shallow water. Keep slightly less wet during winter dormancy.","South / West","Acid carnivorous compost; No hard tap water, feed or lime; never dry","No formal pruning; remove dead pitchers and spent flowers as necessary.","","Apr-Oct","","","","","","","","","","","Fiona","H5","Hardy clump-forming hybrid suitable for outdoor bog gardens in many UK locations when sheltered and grown correctly.","Bog gardens, carnivorous plant displays, patios, containers, conservatories and greenhouses","10-50 cm H × ≤10 cm W","","","10","6","18","10","95","70","No known hazard; not generally regarded as toxic.","","H5 · −15 to −10°C; container plants are more vulnerable to freezing","Evergreen to semi-dormant · upright hooded pitchers maturing wine red","","","",""
"0","Pabella Skimmia","Skimmia japonica 'Pabella'","5","Compact bushy evergreen shrub with glossy dark green aromatic leaves, fragrant clusters of small white spring flowers and, when pollinated by a nearby male Skimmia, abundant glossy green berries that ripen vivid red in autumn and persist through winter.","Water regularly while establishing and during prolonged dry periods; container plants need more frequent watering. Keep evenly moist but never permanently waterlogged.","North / East / West","Humus-rich, moist, drained; No poor dry soil, waterlogging or hot sun","Little pruning required. Remove dead, damaged or badly placed shoots after flowering and lightly shape only when necessary.","","Mar-Dec","","","","","","","","","","","Pabella","H5","Hardy, slow-growing evergreen that tolerates shade, atmospheric pollution and a degree of neglect once established.","Shady borders, woodland gardens, courtyards, wildlife gardens, winter displays and containers","1-1.5 m H × 0.5-1 m W","","","6","7","8","5","25","5","Fruit are ornamental and should not be eaten; ingestion may cause stomach upset.","","H5 · −15 to −10°C","Evergreen · glossy dark green aromatic leaves","","","",""
"0","Silver Ribbon Fern","Pteris nipponica","125","Elegant clump-forming evergreen fern with erect to arching pinnate fronds, each narrow glossy green leaflet marked by a striking broad creamy-white to silvery central stripe.","Keep the compost consistently moist but well drained, allowing little drying between waterings. Appreciates high humidity, especially when grown indoors.","North / East / West","Humus-rich fern compost; No drought, dry air, wet roots or hot sun","No formal pruning required; cut away old, damaged or browned fronds at the base as necessary.","","Jan-Dec","","","","","","","","","","","","H1c","Easy-growing in warm, humid, shaded conditions but vulnerable to frost and excessive drying.","Houseplants, bathrooms, conservatories, terrariums, shaded patios in summer and foliage displays","10–50 cm H × 10–50 cm W","","","9","6","12","8","30","10","No known hazard; no significant toxicity is widely documented, but the plant is ornamental and not intended for consumption.","","H1C · 5 to 10°C; generally best treated as a houseplant or protected conservatory fern in the UK","Evergreen · green pinnate fronds with broad silvery-white central bands","","","",""
"0","Embley Japanese Rowan","Sorbus commixta 'Embley'","5","Elegant upright deciduous rowan with long pinnate leaves divided into narrow glossy green leaflets, spectacularly turning fiery orange, scarlet and ruby red in autumn; creamy-white spring flowers are followed by glossy scarlet berries.","Water regularly while establishing and during prolonged summer drought; established trees generally require little supplementary watering.","Any aspect","Humus-rich, acid-neutral; No waterlogged or very alkaline ground","Requires minimal pruning; remove dead, diseased, damaged or crossing branches during dormancy.","","May-Nov","","","","","","","","","","","Embley","H6","Very hardy and tolerant of urban atmospheric pollution once established.","Specimen tree, small to medium gardens, woodland-style planting, autumn-colour schemes and wildlife gardens","8-12 m H × 4-8 m W","","","10","8","9","5","70","40","Ornamental fruits are not to be eaten.","","H6 · −20 to −15°C","Deciduous · pinnate glossy green leaves with brilliant red-orange autumn colour","","","",""
"0","Joseph Rock Rowan","Sorbus 'Joseph Rock'","48","Graceful upright rowan with green pinnate foliage that transforms through orange, red and purple in autumn, accompanied by conspicuous clusters of creamy butter-yellow to amber berries.","Water thoroughly during establishment and prolonged drought; established trees usually tolerate normal UK rainfall.","Any aspect","Humus-rich, acid-neutral; No waterlogged or strongly alkaline soil","Minimal pruning required; remove dead, damaged, diseased or crossing branches while dormant.","","May-Nov","","","","","","","","","","","Joseph Rock","H6","Fully hardy, adaptable and tolerant of a fairly broad range of soils and garden conditions.","Specimen tree, small gardens, wildlife planting, autumn-colour schemes and avenues","8-12 m H × 4-8 m W","","","10","8","9","5","70","40","Fruit is ornamental and should not be eaten.","","H6 · −20 to −15°C","Deciduous · pinnate green leaves turning orange, purple and red in autumn","","","",""
"0","Vilmorin's Rowan","Sorbus vilmorinii","345","Small spreading rowan with delicate fern-like pinnate foliage that develops purple autumn tones; creamy-white spring flowers are followed by unusual crimson berries that fade through pink to almost white.","Water during establishment and extended dry spells; established specimens require moderate moisture but good drainage.","Any aspect","Well-drained; lime OK; No waterlogging; shallow chalk cuts its life","Minimal pruning required; remove dead, diseased, damaged or poorly placed growth while dormant.","","May-Nov","","","","","","","","","","","","H6","Very hardy compact rowan well suited to smaller gardens; generally reliable in well-drained soil.","Small gardens, specimen planting, cottage gardens, wildlife gardens and autumn-interest planting","2.5-4 m H × 2.5-4 m W","","","8","8","8","5","65","35","Fruit is ornamental and should not be eaten.","","H6 · −20 to −15°C","Deciduous · finely pinnate fern-like foliage developing purple autumn colour","","","",""
"0","Dwarf Cornel","Cornus canadensis","105","Low creeping rhizomatous dogwood forming carpets of oval green leaves in whorls on short upright stems; tiny green flowers are surrounded by four showy white bracts and followed by clusters of vivid red berries.","Maintain consistently moist soil, particularly during establishment and warm dry weather; appreciates cool root conditions.","Any aspect","Humus-rich, moist, acidic; No hot, dry or alkaline ground; no drought","Little pruning needed; remove dead or damaged material and restrain spreading rhizomes if necessary.","","May-Oct","","","","","","","","","","","","H7","Exceptionally cold-hardy groundcover, but much less tolerant of hot, dry or alkaline conditions.","Woodland gardens, acidic borders, groundcover, underplanting, shady rock gardens and naturalistic planting","5-15 cm H × 0.5-1 m W","","","8","5","13","7","45","20","Low hazard overall; treat the ornamental berries as not to be eaten.","","H7 · below −20°C","Deciduous · low whorls of oval green leaves","","","",""
"0","Dogwood Miracle","Cornus alba Miracle ('Verpaalen2')","345","Pink-flushed spring leaves · cream-and-green variegated summer foliage · vivid red-purple autumn colour · fiery red winter stems","Keep evenly moist; water well in dry spells","Any aspect","Humus-rich, well-drained; No drought or permanent waterlogging","For brightest winter stems, cut back hard to 5–8cm in late winter or early spring","","Oct-Mar","","","","","","","","","","","","H6","very cold hardy · wind tolerant · adaptable · generally pest resistant","winter colour · mixed borders · hedging · wildlife gardens · containers","1.5–2.5 m H × 1–1.5 m W","","","13","5","11","5","70","35","","","H6 · −20 to −15°C; fully hardy throughout the UK","deciduous","","","",""
"0","Hebe Addenda Petita Red","Hebe Petita Red","345","Compact, rounded evergreen shrub with pointed green leaves and dense red-pink flower clusters from summer into autumn.","Moderate; keep evenly moist while establishing and do not allow containers to dry out completely.","East / South / West","Moist, well-drained; Protect from hard frost and cold, wet sites","Trim lightly just below spent flower heads after flowering to maintain the rounded shape.","","Jul-Oct","","","","","","","","","","","Addenda® Petita® Red; Petita Series","H3","Compact and long-flowering, but less frost tolerant than many hardy Hebe cultivars.","Patio containers, seasonal colour, sheltered borders and pollinator planting.","20–40 cm H × 20–40 cm W","","","9","7","10","7","65","35","","","H3 · −5 to 1°C; uK grower guidance says protect from frost; best treated as a tender to borderline-hardy Hebe in colder gardens.","evergreen","","","",""
"0","Golden Pothos","Epipremnum pinnatum 'Golden Pothos'","90","Trailing or climbing evergreen vine with glossy heart-shaped green leaves splashed and streaked yellow or cream.","Moderate; water when the upper compost has partly dried and reduce watering in winter.","East / South / West","Free-draining compost; No overwatering, draughts or deep shade","Tip prune in spring or trim long vines at any time during active growth to encourage branching.","","Jan-Dec","","","","","","","","","","","RHS: Epipremnum aureum; syn. Epipremnum pinnatum 'Aureum'; Scindapsus aureus","H1b","Very adaptable houseplant that tolerates lower light and short dry periods better than many tropical climbers.","Houseplants, hanging pots, shelves, moss poles and indoor green walls.","2–4 m H × 0.5–1.5 m W","","","16","4","8","3","60","25","Harmful if eaten; sap can irritate skin and eyes and is toxic to pets.","","H1b · 10 to 15°C; keep frost-free and preferably warm indoors.","evergreen","","","",""
"0","Zebra Alocasia","Alocasia zebrina","125","Upright tropical foliage plant with glossy arrow-shaped green leaves on striking zebra-striped pale-and-dark petioles.","Moderate to high; keep evenly moist in active growth, then reduce sharply in winter.","East / South / West","Gritty houseplant compost; No cold, wet roots or sun; keep above 15°C","No routine pruning; remove yellow or damaged leaves cleanly at the base.","","Jan-Dec","","","","","","","","","","","","H1a","Can shed older leaves naturally; recovers well with warmth, humidity and steady moisture.","Houseplants, conservatories and bold tropical foliage displays.","0.5–1 m H × 0.5–1 m W","","","12","8","14","11","65","40","Toxic if eaten; sap can irritate skin and eyes and is toxic to pets.","","H1a · >15°C; maintain above 15°C.","evergreen","","","",""
"0","Variegated Spider Plant","Chlorophytum comosum 'Variegatum'","115","Arching fountain of narrow green leaves with clean white margins, producing white flowers and dangling plantlets.","Moderate; water regularly in growth but let excess drain and reduce watering in winter.","East / West","Any well-drained compost; No waterlogging; hot sun scorches margins","No pruning required; remove brown leaves and unwanted runners or plantlets.","","Jan-Dec","","","","","","","","","","","'Variegatum'","H2","Very adaptable and tolerant of variable light, missed waterings and ordinary indoor conditions.","Houseplants, hanging baskets, shelves, offices and easy propagation displays.","20–50 cm H × 30–50 cm W","","","14","4","9","2","50","20","","","H2 · 1 to 5°C; frost tender, though tolerant of cool indoor conditions.","evergreen","","","",""
"0","Fire Chief Heuchera","Heuchera 'Fire Chief'","355","Mounded bright red foliage deepening to wine-red through summer, with airy pink-and-white flowers on dark red stems.","Moderate; maintain even moisture without leaving the crown waterlogged.","East / South / West","Fertile, moist, drained; No winter wet; never bury the crown","Remove faded flower spikes and tidy damaged foliage in late winter or early spring.","","Apr-Oct","","","","","","","","","","","'Fire Chief'","H6","Cold hardy and drought resistant once established where drainage is good.","Containers, edging, ground cover, mixed borders, cut flowers and foliage contrast.","30–50 cm H × 30–50 cm W","","","10","8","10","5","65","35","","","H6 · −20 to −15°C; hardy throughout the UK.","semi-evergreen","","","",""
"0","Champagne Heuchera","Heuchera CHAMPAGNE ('Tnheucha')","25","Compact mound of pink-gold foliage washed with a silvery veil, topped by cream flowers on maroon stems.","Moderate; keep evenly moist but well drained.","East / West","Fertile, moist, drained; Scorches in hot sun; no winter wet","Remove faded flower spikes and old leaves; divide every few years to maintain vigour.","","Apr-Jul","","","","","","","","","","","Tnheucha","H6","Cold hardy and reported by RHS as drought resistant once established.","Containers, edging, ground cover, mixed borders and shaded foliage planting.","20–40 cm H × 30–50 cm W","","","10","8","10","5","45","25","","","H6 · −20 to −15°C; hardy throughout the UK.","semi-evergreen","","","",""
"0","Tricolor Caucasian Stonecrop","Sedum spurium 'Tricolor'","340","Low creeping succulent with green-centred leaves edged cream and pink, plus clusters of pale pink starry summer flowers.","Low; water while establishing, then only during prolonged dry spells.","South / West","Gritty, neutral-alkaline; No winter wet; pull out green reversions","No routine pruning; remove reverted green shoots and trim untidy growth after flowering.","","Jun-Aug","","","","","","","","","","","RHS: Sedum spurium 'Variegatum'; syn. Phedimus spurius 'Tricolor'","H5","Drought tolerant once established and well suited to poor, stony ground.","Rock gardens, gravel gardens, edging, ground cover, walls and containers.","5–10 cm H × 30–50 cm W","","","12","6","4","3","90","65","","","H5 · −15 to −10°C; rHS H5 for the variegated form.","semi-evergreen","","","",""
"0","Volcano Fujiyama Penstemon","Penstemon 'Volcano Fujiyama'","345","Clump-forming perennial · pale pink tubular flowers with white throats and deeper pink markings · narrow green foliage","Moderate; water during prolonged dry spells","East / South / West","Fertile, well-drained; No winter wet; dry mulch in cold areas","Deadhead regularly; leave top growth over winter and cut back in spring","","Jun-Oct","","","","","","","","","","","Also listed as 'Fujiyama' and 'Yayama'","H4","fairly drought tolerant once established · good summer flowering","flower borders · cottage gardens · pollinators · containers · cut flowers","0.5–1 m H × 10–50 cm W","","","10","6","9","6","82","45","","","H4 · −10 to −5°C","semi-evergreen","","","",""
"0","Golden Carpet Escallonia","Escallonia GOLDEN CARPET ('Alcaura')","350","Dwarf spreading evergreen shrub · golden-yellow spring foliage becoming lime green · small tubular deep red-pink flowers","Moderate while establishing; relatively drought tolerant once established","Any aspect","Any well-drained soil; No waterlogging or cold, drying winds","Lightly trim after flowering or in spring to maintain compact shape","","May-Sep","","","","","","","","","","","Cultivar 'Alcaura' · trade designation GOLDEN CARPET","H4","coastal tolerant · drought tolerant once established · salt-wind tolerant","ground cover · low borders · coastal gardens · banks · containers · pollinators","50–60 cm H × 0.6–1 m W","","","8","6","6","5","78","38","","","H4 · −10 to −5°C","evergreen","","","",""
"0","Little Gem Evergreen Magnolia","Magnolia grandiflora 'Little Gem'","45","Compact upright evergreen tree · glossy dark green leaves with rusty-brown felt beneath · fragrant creamy-white cup-shaped flowers","Moderate; keep reliably watered while establishing","East / South / West","Drained, neutral to acid; Shelter from cold wind; no waterlogging","Minimal pruning; remove damaged or unwanted growth in late spring or summer","","Jun-Oct","","","","","","","","","","","","H4","heat tolerant once established · relatively drought tolerant · evergreen","specimen tree · architectural planting · screening · courtyards · large containers","4–8 m H × 2.5–4 m W","","","7","7","8","7","75","42","","","H4 · −10 to −5°C","evergreen","","","",""
"0","Sargent's Cherry","Prunus sargentii","345","Large spreading deciduous cherry · single rosy-pink spring blossom · young bronze foliage · brilliant orange-red autumn colour","Moderate; water young trees during dry periods","Any aspect","Any moist, drained soil; No persistently waterlogged ground","Prune only when necessary, preferably in midsummer to reduce silver-leaf risk","","Apr-May / Oct-Nov","","","","","","","","","","","","H6","very cold hardy · adaptable to many soils · exposed-site tolerant","specimen tree · avenues · large gardens · spring blossom · autumn colour · wildlife","12 m+ H × 8 m+ W","","","11","10","8","5","95","75","Seeds and kernels contain cyanogenic compounds and should not be eaten","","H6 · −20 to −15°C","deciduous","","","",""
"0","Braendkjaer Siberian Crab Apple","Malus baccata 'Braendkjaer'","35","Deciduous ornamental crab apple · masses of pale spring blossom · small decorative fruits · rounded tree habit","Moderate; water regularly while establishing","East / South / West","Fertile, moist, drained; No permanently waterlogged ground","Minimal pruning; remove damaged or crossing branches in winter","","Apr-May / Sep-Nov","","","","","","","","","","","","H6","very cold hardy · adaptable · good wildlife value","specimen tree · wildlife gardens · blossom · ornamental fruit · pollinators","6–10 m H × 4–8 m W","","","10","11","8","6","88","55","Fruit flesh is generally edible; seeds contain cyanogenic compounds and should not be eaten","","Approximately H6 · −20 to −15°C","deciduous","","","",""
"0","Amanogawa Flowering Cherry","Prunus 'Amanogawa'","350","Narrow columnar deciduous cherry · upright branches · semi-double pale pink slightly fragrant blossom · orange-red autumn foliage","Moderate; water young trees in dry spells","Any aspect","Any moist, drained soil; No prolonged waterlogging","Prune only when necessary in midsummer to reduce silver-leaf risk","","Apr-May","","","","","","","","","","","Synonyms include Prunus serrulata 'Amanogawa'","H6","very cold hardy · urban-garden friendly · relatively wind tolerant","small gardens · narrow spaces · avenues · specimen tree · spring blossom","4–8 m H × 2.5–4 m W","","","9","10","8","5","95","72","Seeds and kernels contain cyanogenic compounds and should not be eaten","","H6 · −20 to −15°C","deciduous","","","",""
"0","Worplesdon Sweet Gum","Liquidambar styraciflua 'Worplesdon'","18","Tall pyramidal deciduous tree · deeply divided maple-like leaves · spectacular orange, yellow, red and purple autumn colour · corky mature branches","Moderate; water while establishing","East / South / West","Drained, neutral to acid; No strong chalk; full sun for best colour","Requires little pruning; remove damaged or crossing branches while dormant","","Oct-Nov","","","","","","","","","","","","H6","cold hardy · drought tolerant once established · tolerates exposed positions","specimen tree · parkland · avenues · large gardens · autumn colour","12–20 m H × 8 m+ W","","","10","4","8","4","88","48","","","H6 · −20 to −15°C","deciduous","","","",""
"0","Gorgeous Crab Apple","Malus × atrosanguinea 'Gorgeous'","5","Small rounded deciduous tree · white flowers opening from pink buds · abundant crimson to orange-red crab apples · yellow-orange autumn foliage","Moderate; water young trees during dry periods","Any aspect","Any moist, drained soil; No prolonged waterlogging","Minimal pruning; remove damaged or crossing branches during dormancy","","Apr-May / Sep-Dec","","","","","","","","","","","Also listed as Malus 'Gorgeous'","H6","very cold hardy · wildlife friendly · adaptable to many soils","small gardens · specimen tree · wildlife gardens · crab-apple jelly · pollinators · ornamental fruit","4–8 m H × 2.5–4 m W","","","9","12","8","6","82","45","Fruit flesh can be cooked and eaten; seeds are toxic and should be removed","","H6 · −20 to −15°C","deciduous","","","",""
"0","Schmetterling Chinese Dogwood","Cornus kousa 'Schmetterling'","48","Compact upright deciduous tree · broad white flower bracts · dark green leaves with brilliant red-orange-yellow autumn colour · deep pink strawberry-like fruit","Moderate; keep evenly moist while establishing","Any aspect","Drained, acid to neutral; No waterlogging, chalk or drought when young","Minimal pruning; remove damaged or poorly placed branches in late winter or early spring","","May-Jun / Sep-Oct","","","","","","","","","","","","H6","cold hardy · generally low maintenance · good autumn colour","specimen tree · woodland gardens · cottage gardens · autumn colour · wildlife","2.5–4 m H × 2.5–4 m W","","","7","5","9","5","72","38","","","H6 · −20 to −15°C","deciduous","","","",""
"1","Common lilac","Syringa vulgaris","275","Fragrant lilac-purple panicles · heart-shaped green leaves · suckering shrub","Moderate; water in dry spells","Any aspect","Moist, well-drained; Avoid acidic or waterlogged soil","Prune immediately after flowering only if needed","","May-Jun","","","","","","","","","","","","H6","cold hardy · chalk tolerant","specimen · screening · cut flowers · cottage gardens","4–8 m H × 4–8 m W","","","9","12","9","6","92","72","","","Hardy through a very cold UK winter, withstanding -20 to -15C.","deciduous","","","",""
"1","Clematis 'Purpurea Plena Elegans'","Clematis viticella 'Purpurea Plena Elegans'","290","Double dusky purple-mauve flowers · summer/autumn","Moist, well-drained","Any aspect","Fertile, well-drained","Group 3: hard prune Feb","","Jul-Sep","","","","","","","","","","2L, 3L","Purpurea Plena Elegans","H5","Very reliable","Trellis, obelisks, through shrubs","1.5–2.5 m H × 0.5–1 m W","","","","","","","65","40","","","Hardy through a cold UK winter, withstanding -15 to -10C.","","","","",""
"1","Clematis montana var. rubens","Clematis montana var. rubens","315","Masses of pink-tinged flowers, bronze young foliage · late spring","Moist, well-drained","Any aspect","Fertile, well-drained","After flowering, can be hard pruned","","May-Jun","","","","","","","","","","2L, 3L","Rubens, Tetrarose","H5","Very vigorous","Walls, trees, large structures","8–12 m H × 4–8 m W","","","","","","","65","30","","","Hardy through a cold UK winter, withstanding -15 to -10C.","","","","",""
"1","Evergreen Clematis","Clematis armandii","200","Glossy evergreen leaves, fragrant white star flowers · early spring","Moist, well-drained","Sheltered S / W","Fertile, well-drained","After flowering if needed","","Mar-Apr","","","","","","","","","","3L, 5L","Apple Blossom, Snowdrift","H4","Good in sheltered spot","Walls, pergolas, evergreen screen","4–8 m H × 1.5–2.5 m W","","","","","","","75","45","","","Hardy through an average UK winter, withstanding -10 to -5C.","evergreen","","","",""
"1","Russian Vine","Fallopia baldschuanica","220","Vigorous twiner, frothy white flower sprays · summer/autumn","Any well-drained","Any aspect","Any, even poor","Hard prune to control","","Jul-Oct","","","","","","","","","","2L, 3L","","H5","Extremely vigorous - needs space","Covering ugly structures, quick screen","8–12 m H × 4–8 m W","","","","","","","70","35","","","Hardy through a cold UK winter, withstanding -15 to -10C.","","","","",""
"1","Stag's Horn Sumach","Rhus typhina","15","Velvety antler-like stems · pinnate leaves firing scarlet · crimson fruit cones","Water while young; drought tolerant once rooted","South / West","Any well-drained soil; Suckers surface metres from the plant","Little needed · remove suckers at their point of origin","","Sep-Nov","","","","","","","","","","","","H6","extremely tough · suckers freely · sap may irritate skin","autumn colour · large borders · banks · wildlife planting","4-8m H × 4-8m+ W","","","17","4","8","12","95","75","Sap may irritate sensitive skin. Wear gloves when pruning or handling cut stems.","","Very hardy throughout the UK, tolerating severe winter cold once established.","deciduous","","","",""
"1","Rodgersia 'Bronze Peacock'","Rodgersia 'Bronze Peacock'","20","Glossy veined leaflets open bronze-red · airy pink flower sprays on red stems","Keep the root zone damp right through summer","Any aspect","Deep, fertile clay or loam; Hot dry sites scorch the big leaves","Cut spent flower stems · clear collapsed leaves in autumn","","May-Aug","","","","","","","","","","","Bronze Peacock","H6","long-lived where the ground stays wet · poor in drought","damp borders · pond margins · woodland edge · bog gardens","0.5-1m H × 0.5-1m W","","","10","8","18","8","55","30","","","Fully hardy through the UK once established; foliage dies down in winter while the crown remains dormant below ground.","deciduous","","","",""
"1","Yellow Azalea","Rhododendron luteum","55","Brilliant yellow funnel flowers with a powerful sweet scent · orange autumn leaves","Even moisture; rainwater where the tap runs hard","Any aspect","Humus-rich, acidic; Ericaceous — chalk causes chlorosis","Little needed · remove dead wood after flowering","","May-Jun","","","","","","","","","","","","H6","Hardy and vigorous in suitable acidic soil and capable of naturalising where conditions suit it, which is also the reason containment is important.","contained acid borders · woodland gardens · spring fragrance","2.5-4m H × 2.5-4m W","","","12","9","13","11","65","35","All parts are poisonous if eaten and are potentially dangerous to people, pets and livestock.","Listed in Schedule 9 Part II of the Wildlife and Countryside Act 1981 in England and Wales. Do not plant or otherwise cause this species to grow in the wild, and prevent garden material from escaping into natural habitats.","Very hardy through the UK once established.","deciduous","","","",""
"1","Chusan Palm","Trachycarpus fortunei","110","Fibre-wrapped trunk · crown of big fan leaves · yellow sprays on mature plants","Regular while young; fairly drought tolerant after","East / South / West","Fertile, well-drained; Wind shreds the leaves — shelter it","Cut fully brown fronds cleanly close to the trunk","","Jan-Dec","","","","","","","","","","","","H5","hardiest common palm · takes about -15°C once established","exotic gardens · architectural specimens · urban courtyards","12m+ H × 1.5-2.5m W","","","7","4","9","7","75","40","","","One of the most reliably hardy palms for UK gardens and capable of tolerating around -15°C or below in a sheltered position once established.","evergreen","","","",""
"1","Honey Bush","Melianthus major","185","Long blue-grey pinnate leaves with sharply toothed leaflets · maroon flower spikes","Water in growth, keep much drier through winter","South / West","Fertile, sharply drained; Cold wet ground is what kills it","Cut frost-damaged stems in spring · may be cut hard","","Apr-Aug","","","","","","","","","","","","H3","fast in warmth · top growth frost-tender · not edible","exotic borders · gravel gardens · large containers","1.5-2.5m H × 1.5-2.5m W","","","13","5","12","11","95","75","Do not eat. Melianthus contains potentially toxic compounds and should be treated as an ornamental plant rather than an edible one.","","Top growth is vulnerable in cold UK winters. Established crowns often reshoot after moderate frost in sheltered gardens but require protection in colder areas.","semi-evergreen","","","",""
"1","Silver Spear","Astelia chathamica","170","Arching sword-shaped leaves with a metallic silver sheen · orange berries on females","Evenly damp, with free drainage at the crown","Any aspect","Fertile, humus-rich; Wet crowns rot in cold winters","Pull damaged leaves out at the base · never shear the clump","","Jan-Dec","","","","","","","","","","","","H3","excellent on mild coasts · frost and cold wind damage it","coastal gardens · containers · silver-foliage schemes","1-1.5m H × 0.5-1m W","","","7","3","14","10","65","35","","","Best suited to mild or sheltered UK gardens. Severe frost and cold drying winds can damage or kill exposed foliage.","evergreen","","","",""
"1","Dragon Head Bamboo","Fargesia rufa","105","Dense slender culms and narrow fresh-green leaves in an arching fountain","Regular water; containers need it constantly","Any aspect","Fertile, humus-rich loam; Clump-forming, but it still widens","Cut weak and dead culms at ground level · thin old clumps","","Jan-Dec","","","","","","","","","","","","H5","hardy and non-running · leaves roll in drought and wind","screening · hedging · containers · evergreen structure","2.5-4m H × 1-1.5m W","","","12","4","14","6","60","35","","","Hardy across most UK gardens and substantially more cold tolerant than many ornamental bamboos.","evergreen","","","",""
"1","Tamarisk 'Pink Cascade'","Tamarix ramosissima 'Pink Cascade'","335","Arching branches of tiny grey-green scales under a haze of feathery pink plumes","Water while young; drought tolerant once rooted","South / West","Clay, loam or sand; Avoid shallow chalk and wet ground","Prune in early spring — it flowers on the current year's growth","","Aug-Oct","","","","","","","","","","","Pink Cascade","H5","outstanding wind, salt and drought tolerance","coastal planting · exposed sunny gardens · late-summer colour","4-8m H × 4-8m W","","","14","4","6","7","100","85","","","Hardy through most of the UK, though young growth benefits from some protection from very cold drying winds inland.","deciduous","","","",""
"1","Pieris 'Forest Flame'","Pieris 'Forest Flame'","5","Scarlet new foliage fading through pink and cream · drooping white flower chains","Even moisture; rainwater where the tap runs hard","Any aspect","Humus-rich, acidic; Ericaceous — no chalk; shelter buds","Little needed · remove spent flowers and damaged shoots","","Mar-May","","","","","","","","","","","Forest Flame","H5","hardy in acid ground · lacebug and chlorosis are the risks · harmful if eaten","ericaceous borders · woodland gardens · containers","1.5-2.5m H × 1.5-2.5m W","","","6","11","12","10","55","35","All parts are harmful if eaten and potentially toxic to people and animals.","","Hardy across most of the UK, although young plants and fresh spring growth can be damaged in exposed frosty positions.","evergreen","","","",""
"1","Skimmia 'Rubella'","Skimmia japonica 'Rubella'","350","Deep red flower buds held all winter over glossy leaves · fragrant cream flowers","Keep evenly damp; never let pots dry out","North / East","Humus-rich, acid-neutral; Alkaline ground and hot sun yellow it","Little needed · remove damaged growth after flowering","","Nov-Apr","","","","","","","","","","","Rubella","H5","reliable in shade and containers · male clone, so no berries","winter containers · shaded borders · entrance planting","1-1.5m H × 1-1.5m W","","","5","7","13","7","35","15","Ornamental plant; do not eat any plant material.","","Hardy throughout most of the UK in a sheltered garden position.","evergreen","","","",""
"1","Black Elder 'Black Lace'","Sambucus nigra f. porphyrophylla 'Eva'","300","Finely dissected purple-black lace foliage · pink flower heads · dark berries","Water while young; adaptable once rooted","East / South / West","Most ordinary garden soils; Rich ground makes it very vigorous","Coppice hard in spring for foliage · lighter for flower and fruit","","May-Aug","","","","","","","","","","","Eva","H6","fast and adaptable · leaves, stems and unripe fruit are harmful","dark foliage contrast · mixed borders · wildlife planting","2.5-4m H × 2.5-4m W","","","18","5","10","7","80","40","Leaves, stems and unripe fruit contain potentially harmful cyanogenic compounds. Flowers and properly prepared ripe berries are the traditionally used edible parts.","","Very hardy throughout the UK.","deciduous","","","",""
"1","Dwarf Lilac 'Palibin'","Syringa meyeri 'Palibin'","285","Compact rounded bush carrying masses of fragrant lilac-pink panicles","Water while young and through long dry spells","South / West","Fertile, neutral-alkaline; Avoid wet ground and poor acid soil","Deadhead and shape straight after flowering, never later","","May-Jun","","","","","","","","","","","Palibin","H5","compact, hardy and easy · good on chalk and in towns","containers · small gardens · scent · low informal hedges","1-1.5m H × 1-1.5m W","","","6","8","10","5","95","80","","","Hardy through most UK gardens.","deciduous","","","",""
"1","Daphne 'Jacqueline Postill'","Daphne bholua 'Jacqueline Postill'","325","Intensely fragrant pink and white flower clusters in the depths of winter","Evenly damp; never waterlogged at the root","Any aspect","Fertile, humus-rich; Hates root disturbance — site it once","Barely prune · make essential cuts straight after flowering","","Jan-Mar","","","","","","","","","","","Jacqueline Postill","H4","long-lived if left alone · all parts harmful, berries worst","winter scent · entrances and paths · sheltered borders","1.5-2.5m H × 1-1.5m W","","","5","5","11","10","65","35","All parts are harmful if eaten, with the berries particularly dangerous. Sap may also irritate skin.","","Generally hardy in sheltered UK gardens but flower buds and evergreen foliage can be damaged by severe cold or exposure.","evergreen","","","",""
"1","Christmas Box","Sarcococca confusa","105","Tiny cream winter flowers with an extraordinary scent · glossy leaves · black berries","Water while young; tolerates dry shade after","North / East","Humus-rich, well-drained; Dry root-filled ground needs help","Little needed · trim or thin after flowering","","Dec-Mar","","","","","","","","","","","","H5","outstanding in dry shade · very low maintenance · berries not edible","dry shade · winter fragrance · shaded containers · doorways","1-1.5m H × 1-1.5m W","","","6","4","8","4","25","5","Berries are ornamental and should not be treated as edible.","","Hardy throughout most of the UK.","evergreen","","","",""
"1","Flowering Quince 'Crimson and Gold'","Chaenomeles × superba 'Crimson and Gold'","355","Crimson flowers with golden stamens on bare early branches · aromatic fruit","Water while young; copes with dry spells after","East / South / West","Chalk, clay, loam or sand; Thorny — keep it off narrow paths","Shorten side shoots after flowering · excellent wall-trained","","Feb-Apr","","","","","","","","","","","Crimson and Gold","H6","extremely tough · takes pruning · fruit cooks for preserves","wall training · hedging · thorny boundaries · preserves","1-1.5m H × 1.5-2.5m W","","","11","6","8","5","75","35","The hard aromatic fruit is commonly cooked for preserves; avoid eating the seeds.","","Very hardy throughout the UK.","deciduous","","","",""
"1","Beauty Bush 'Pink Cloud'","Kolkwitzia amabilis 'Pink Cloud'","335","Arching stems smothered in soft pink bells with yellow-marked throats","Water while young; little needed once rooted","East / South / West","Most well-drained soils; Needs width — do not clip it tight","Take some of the oldest flowered stems out after flowering","","May-Jun","","","","","","","","","","","Pink Cloud","H6","robust and easy · few demands once established","large shrub borders · cottage gardens · informal screens","1.5-2.5m H × 2.5-4m W","","","12","4","9","5","75","40","","","Very hardy in UK gardens.","deciduous","","","",""
"1","Deutzia 'Nikko'","Deutzia gracilis 'Nikko'","105","Low spreading mound smothered in small white starry flowers · purplish autumn tints","Water while young and through dry spells","East / South / West","Chalk, clay, loam or sand; Avoid waterlogged and very dry sites","Prune straight after flowering · thin old shoots at the base","","May-Jun","","","","","","","","","","","Nikko","H6","dependable, hardy and trouble-free","front of borders · small gardens · containers","0.5-1m H × 1-1.5m W","","","9","4","9","4","70","35","","","Very hardy throughout the UK.","deciduous","","","",""
"1","Flowering Currant 'King Edward VII'","Ribes sanguineum 'King Edward VII'","350","Hanging crimson-red flower clusters in early spring · aromatic lobed leaves","Water while young; copes with dry spells after","South / West","Chalk, clay, loam or sand; Leaves smell pungent when handled","Take older stems out at ground level after flowering","","Mar-Apr","","","","","","","","","","","King Edward VII","H6","tough and adaptable · one of the most reliable early shrubs","early pollinators · mixed hedges · shrub borders","1.5-2.5m H × 1-1.5m W","","","13","8","8","5","95","70","","","Very hardy throughout the UK.","deciduous","","","",""
"1","Calico Bush 'Ostbo Red'","Kalmia latifolia 'Ostbo Red'","345","Angular red buds open to patterned pink cups · stamens spring at a bee's touch","Even moisture; rainwater where the tap runs hard","Any aspect","Humus-rich, acidic; Strictly lime-hating — no chalk","Little needed · deadhead or lightly shape after flowering","","May-Jun","","","","","","","","","","","Ostbo Red","H5","hardy and long-lived but slow · all parts highly poisonous","ericaceous borders · woodland gardens · containers","1.5-2.5m H × 1.5-2.5m W","","","4","6","14","10","50","25","All parts are highly poisonous if eaten and can be dangerous to people, pets and livestock.","","Hardy in most UK gardens provided roots are healthy and the plant is not exposed to severe drying winds.","evergreen","","","",""
"1","Witch Alder","Fothergilla major","20","White bottlebrush spikes on bare spring branches · yellow, orange and red autumn","Keep consistently damp while establishing","Any aspect","Humus-rich, acid-neutral; Avoid chalk and prolonged drought","Minimal · remove damaged branches after flowering","","Apr-Nov","","","","","","","","","","","","H5","healthy and long-lived in acid ground · naturally slow","autumn colour · ericaceous borders · woodland edge","1.5-2.5m H × 1.5-2.5m W","","","5","5","14","7","65","35","","","Hardy throughout most of the UK.","deciduous","","","",""
"1","Himalayan Birch 'Doorenbos'","Betula utilis subsp. jacquemontii 'Doorenbos'","35","Brilliant white peeling bark · yellow autumn leaves · early spring catkins","Water well while young and through long droughts","East / South / West","Fertile, moist, drained; Cut in late summer — it bleeds","Only when needed, in late summer or early autumn","","Nov-Mar","","","","","","","","","","","Doorenbos","H7","exceptionally hardy · young trees need reliable moisture","winter bark · multi-stems · avenues · contemporary gardens","12m+ H × 4-8m W","","","10","8","10","5","80","45","","","Exceptionally hardy and suitable throughout the UK.","deciduous","","","",""
"1","Tupelo 'Wisley Bonfire'","Nyssa sylvatica 'Wisley Bonfire'","5","Glossy green leaves igniting through orange and scarlet on a conical tree","Keep reliably damp while young and in dry summers","East / South / West","Humus-rich, acid-neutral; Lime intolerant — no chalk","Minimal · shape the framework while young","","Oct-Nov","","","","","","","","","","","Wisley Bonfire","H5","cold hardy and long-lived in acid soil · poor on chalk · male, no fruit","autumn specimen tree · lawns · waterside planting","12m+ H × 4-8m W","","","6","5","15","8","75","40","","","Hardy through most of the UK once established, provided soil and moisture requirements are met.","deciduous","","","",""
"1","Paperbark Maple","Acer griseum","20","Cinnamon bark peeling in translucent papery curls · orange-scarlet autumn leaves","Water regularly while young and in dry spells","East / South / West","Fertile, acid-neutral; Cut in late summer — it bleeds","Only when necessary, in late summer","","Oct-Mar","","","","","","","","","","","","H5","hardy and long-lived but slow — damage takes years to replace","winter bark · autumn colour · small gardens · specimens","8-12m H × 4-8m W","","","4","5","10","5","70","40","","","Hardy through most UK gardens.","deciduous","","","",""
"1","Golden Rain Tree","Koelreuteria paniculata","50","Big pinnate leaves · airy yellow summer panicles · inflated papery lanterns","Water while young; drought tolerant once rooted","South / West","Well-drained, any pH; Needs summer heat and shelter to flower","Minimal · build the framework while young","","Jul-Oct","","","","","","","","","","","","H5","heat, drought and urban tolerant once established","small specimen trees · urban gardens · dry planting","8-12m H × 4-8m W","","","9","5","7","6","100","85","","","Hardy through most of the UK but performs best with summer heat and shelter.","deciduous","","","",""
"1","Honey Locust 'Sunburst'","Gleditsia triacanthos f. inermis 'Sunburst'","70","Fern-like foliage emerging brilliant gold · airy canopy casting dappled shade","Water well while young; drought tolerant after","South / West","Most drained garden soils; Allow for a full-sized tree canopy","Minimal · establish a clear framework while young","","Apr-Nov","","","","","","","","","","","Sunburst","H6","urban, heat and soil tolerant · thornless form · gall midge possible","urban trees · light shade · lawn specimens · gold foliage","8-12m H × 8-12m W","","","12","7","8","6","95","80","","","Very hardy throughout the UK.","deciduous","","","",""
"1","Japanese Wisteria","Wisteria floribunda f. multijuga","270","Extraordinarily long hanging racemes of fragrant lilac-violet pea flowers","Water regularly, especially as buds form","South / West","Fertile, moist, drained; Needs a very strong permanent support","Summer: laterals to 5-6 leaves · February: those back to 2-3 buds","","May-Jun","","","","","","","","","","","","H6","vigorous and long-lived · seeds and pods are poisonous","pergolas · arches · large walls · trained climbers","4-8m+ H × 1.5-4m+ W","","","16","8","12","14","95","65","All parts are harmful if eaten, with the seeds and pods particularly poisonous.","","Very hardy once established, though spring flowers can be damaged by late frost.","deciduous","","","",""
"1","Persian Ivy 'Sulphur Heart'","Hedera colchica 'Sulphur Heart'","70","Very large leathery leaves splashed yellow and lime through the centre","Water while young; tolerant of dryness after","Any aspect","Most fertile drained soils; Keep it out of gutters and roofs","Trim at almost any time to hold it in its allotted space","","Jan-Dec","","","","","","","","","","","Sulphur Heart","H5","robust, shade and drought tolerant · harmful if eaten · sap irritates","wall cover · shade · screening · wildlife and late nectar","4-8m+ H × 2.5-4m+ W","","","16","9","8","8","45","15","Harmful if eaten and sap may cause skin irritation or allergic dermatitis. Also potentially harmful to pets.","","Hardy throughout most UK gardens.","evergreen","","","",""
"1","Chocolate Vine","Akebia quinata","330","Five-fingered leaves · maroon spring flowers scented of vanilla and chocolate","Water while young and through long droughts","East / South / West","Most fertile drained soils; Vigorous — give it real support","Prune after flowering to contain it · renovates well","","Mar-May","","","","","","","","","","","","H6","fast, vigorous and adaptable · ripe fruit pulp is edible","pergolas · fences · scented climbers · unusual fruit","8-12m H × 8m+ W","","","17","5","10","9","70","35","The soft pulp of fully ripe fruit is edible, though the plant is primarily ornamental and the seeds are not normally eaten.","","Very hardy in UK gardens, although foliage may be more deciduous in colder conditions.","semi-evergreen","","","",""
"1","Late Dutch Honeysuckle","Lonicera periclymenum 'Serotina'","330","Red-purple tubes opening creamy yellow · strongest scent at dusk · red berries","Keep evenly damp while young and in dry summers","Any aspect","Fertile, humus-rich; Keep the roots cool and never dry","Prune lightly after flowering · renovate old plants in late winter","","Jun-Sep","","","","","","","","","","","Serotina","H6","strong and hardy · mildew and aphids when dry · berries harmful","wildlife gardens · pergolas · fences · evening scent","4-8m H × 1-1.5m W","","","14","10","11","8","65","30","Berries are harmful if eaten.","","Very hardy throughout the UK.","deciduous","","","",""
"1","Cranesbill 'Rozanne'","Geranium Rozanne ('Gerwat')","245","Months of large violet-blue flowers with darker veins over a broad spreading mound","Water while young and through long droughts","East / South / West","Most drained garden soils; Rich ground or shade makes it sprawl","Shear sprawling growth back in summer for fresh leaves and flower","","Jun-Oct","","","","","","","","","","","Gerwat","H7","exceptionally long-flowering, hardy and low maintenance · sterile","ground cover · borders · containers · pollinators","0.5-1m H × 0.5-1m W","","","15","6","12","4","75","35","","","Exceptionally hardy throughout the UK.","deciduous","","","",""
"1","Catmint 'Walker's Low'","Nepeta racemosa 'Walker’s Low'","255","Aromatic grey-green mound carrying masses of blue-violet flowers for months","Water while young; drought tolerant once rooted","South / West","Well-drained chalk or loam; Rich wet ground makes it flop","Cut back after the first flush for a second round of flower","","May-Sep","","","","","","","","","","","Walker’s Low","H7","hardy, drought tolerant and very easy · a magnet for pollinators","pollinator borders · path edging · gravel · with roses","0.5-1m H × 0.5-1m W","","","14","4","6","4","95","70","","","Exceptionally hardy throughout the UK.","deciduous","","","",""
"1","Hellebore 'Anna's Red'","Helleborus (Rodney Davey Marbled Group) Anna’s Red ('Abcrd02')","345","Cream-marbled evergreen leaves · outward-facing red-purple flowers in midwinter","Moderately damp; water containers in dry spells","Any aspect","Fertile, humus-rich; Avoid winter wet and summer drought","Take off old or spotted leaves in late winter · keep the marbled ones","","Jan-Apr","","","","","","","","","","","Abcrd02","H6","long-lived, hardy and shade tolerant · all parts harmful · sap irritates","winter containers · shaded borders · woodland edge","0.5-1m H × 0.5-1m W","","","8","8","12","6","50","20","All parts are harmful if eaten and sap may irritate skin; wear gloves when cutting foliage.","","Very hardy throughout the UK.","evergreen","","","",""
"1","Japanese Forest Grass 'Aureola'","Hakonechloa macra 'Aureola'","65","Cascading mounds of arching golden leaves striped green · reddish autumn tints","Keep consistently damp in growth; pots need regular water","Any aspect","Fertile, humus-rich; Emerges very late — do not dig it up","Leave old foliage for winter · cut to the ground in late winter","","Apr-Nov","","","","","","","","","","","Aureola","H7","long-lived and very hardy · naturally slow · emerges late in spring","shade gardens · containers · path edging · Japanese-style planting","0.1-0.5m H × 0.5-1m W","","","8","6","14","5","45","20","","","Exceptionally hardy while dormant and suitable throughout the UK.","deciduous","","","",""
"1","Tibetan Cherry","Prunus serrula","20","Small deciduous tree famed for exceptionally glossy mahogany-red peeling bark and delicate white spring blossom.","Water during establishment.","East / South / West","Fertile, moist, drained; Avoid waterlogged soil","Prune only when necessary during summer.","","Nov-Feb","","","","","","","","","","","","H6","Very hardy and generally reliable.","Winter gardens, specimen planting and small tree collections.","8–12 m H × 4–8 m W","","","10","7","8","5","80","55","Seeds and damaged foliage should not be eaten.","","Hardy throughout the UK.","Deciduous; narrow green leaves turning yellow in autumn.","","","",""
"1","Midland Hawthorn 'Paul's Scarlet'","Crataegus laevigata 'Paul’s Scarlet'","350","Small deciduous tree with a rounded crown and clusters of double deep pink-red flowers in late spring.","Water while establishing; drought tolerant once mature.","East / South / West","Any, reasonably drained; Avoid permanently wet ground","Prune in winter if structural shaping is required.","","May-Jun","","","","","","","","","","","'Paul's Scarlet'","H7","Very hardy and tolerant of exposed conditions.","Small gardens, avenues, wildlife gardens and specimen planting.","4–8 m H × 4–8 m W","","","10","8","6","6","75","40","","","Extremely hardy, below -20°C.","Deciduous; lobed dark green leaves.","","","",""
"1","Golden Chain 'Vossii'","Laburnum × watereri 'Vossii'","55","Small deciduous tree producing spectacular long hanging racemes of bright yellow pea-like flowers in late spring.","Water while establishing.","East / South / West","Any soil, well-drained; Seeds are highly toxic to children","Prune only when necessary during summer or early autumn to minimise bleeding.","","May-Jun","","","","","","","","","","","'Vossii'","H6","Cold hardy and reasonably tolerant once established.","Specimen tree, arches and pergolas.","4–8 m H × 2.5–4 m W","","","13","7","7","7","85","60","All parts, especially seeds, are highly toxic if eaten.","","Hardy throughout the UK.","Deciduous; trifoliate green leaves.","","","",""
"1","Oval-leaved Privet","Ligustrum ovalifolium","100","Dense vigorous semi-evergreen shrub with glossy oval green leaves and small creamy-white summer flowers.","Water during establishment; drought tolerant thereafter.","East / South / West","Any, reasonably drained; Berries spread it where it isn't wanted","Clip hedges repeatedly during the growing season as required.","","Jan-Dec","","","","","","","","","","","","H5","Very tolerant of pollution, clipping and difficult urban conditions.","Formal and informal hedging and screening.","2.5–4 m H × 1.5–2.5 m W","","","18","5","6","5","60","30","Leaves and berries are harmful if eaten.","","Hardy in most UK locations.","Semi-evergreen; glossy oval green leaves.","","","",""
"1","Golden Shrubby Honeysuckle","Lonicera ligustrina var. yunnanensis 'Baggesen’s Gold'","65","Dense spreading evergreen shrub with arching shoots covered in tiny golden-yellow leaves.","Water while establishing; moderate drought tolerance later.","East / South / West","Any, moist but drained; Shade turns the gold leaves green","Clip as required for hedging or shaping, preferably during the growing season.","","Jan-Dec","","","","","","","","","","","'Baggesen's Gold'","H6","Tough, adaptable and clipping tolerant.","Low hedging, topiary, foliage contrast and containers.","1.5–2.5 m H × 1.5–2.5 m W","","","15","6","7","5","75","35","Berries should not be eaten.","","Hardy throughout the UK.","Evergreen; tiny golden-yellow leaves.","","","",""
"1","Double-flowered Japanese Kerria","Kerria japonica 'Pleniflora'","50","Arching deciduous shrub with bright green stems and masses of double golden-yellow pompon flowers in spring.","Water while establishing and during prolonged drought.","East / West","Fertile, moist, drained; Suckers well beyond where you plant it","After flowering remove some old flowered stems at ground level.","","Mar-May","","","","","","","","","","","'Pleniflora'","H6","Hardy and tolerant of partial shade.","Shrub borders, informal screening and woodland edges.","1.5–2.5 m H × 1.5–2.5 m W","","","15","4","9","5","55","25","","","Hardy throughout the UK.","Deciduous; narrow toothed green leaves.","","","",""
"1","Star Magnolia","Magnolia stellata","0","Slow-growing deciduous shrub or small tree covered in starry white flowers before the leaves emerge.","Water while establishing and during prolonged drought.","East / South / West","Humus-rich, acid-neutral; Late frost browns the flower buds","Minimal pruning; remove unwanted growth after flowering.","","Feb-Mar","","","","","","","","","","","","H6","Very hardy, though flowers are frost sensitive.","Small gardens, woodland edges and specimen planting.","1.5–2.5 m H × 1.5–2.5 m W","","","7","4","11","6","65","35","","","Hardy throughout the UK.","Deciduous; oblong green leaves.","","","",""
"1","Snowball Bush","Viburnum opulus 'Roseum'","0","Large deciduous shrub producing spectacular rounded balls of sterile white flowers followed by strong autumn foliage colour.","Maintain moderate moisture, particularly during establishment.","East / South / West","Fertile, moist, drained; Shade reduces the flower heads","Prune immediately after flowering if shaping is required.","","May-Jun","","","","","","","","","","","'Roseum'","H6","Very cold hardy and adaptable.","Shrub borders, cottage gardens and specimen planting.","2.5–4 m H × 2.5–4 m W","","","14","10","12","6","65","35","Plant material may cause stomach upset if eaten.","","Hardy throughout the UK.","Deciduous; lobed green leaves turning red-purple in autumn.","","","",""
"1","Mahonia 'Charity'","Mahonia × media 'Charity'","55","Architectural evergreen shrub with large pinnate spiny leaves and long upright racemes of fragrant yellow winter flowers.","Water during establishment; reasonably drought tolerant later.","North / East","Fertile, moist, drained; Shelter from severe drying winds","Minimal pruning; remove damaged or unwanted stems after flowering.","","Nov-Feb","","","","","","","","","","","'Charity'","H5","Very shade tolerant and robust.","Woodland gardens, shady borders and winter-interest planting.","2.5–4 m H × 1.5–2.5 m W","","","11","4","8","5","35","10","Berries are not normally treated as edible garden fruit.","","Hardy in most UK locations.","Evergreen; large pinnate dark green leaves.","","","",""
"1","St John's Wort 'Hidcote'","Hypericum × hidcoteense 'Hidcote'","55","Compact bushy shrub with dark green leaves and large bright golden-yellow flowers with prominent stamens.","Water while establishing; drought tolerant later.","East / South / West","Any, moist but drained; Avoid prolonged waterlogging","Cut back moderately hard in spring to encourage vigorous flowering shoots.","","Jun-Oct","","","","","","","","","","","'Hidcote'","H5","Robust, adaptable and drought tolerant once established.","Shrub borders, banks, hedging and mass planting.","1–1.5 m H × 1–1.5 m W","","","15","3","6","4","70","35","Harmful if eaten in quantity.","","Hardy in most UK locations.","Semi-evergreen to deciduous depending on winter conditions.","","","",""
"1","Hardy Fuchsia 'Mrs Popple'","Fuchsia 'Mrs Popple'","340","Bushy deciduous shrub producing masses of red and violet-purple flowers from midsummer until autumn.","Maintain moderate moisture during active growth.","East / South / West","Fertile, moist, drained; Late frost damages new growth","Cut dead or frost-damaged shoots back to healthy growth in spring.","","Jun-Oct","","","","","","","","","","","'Mrs Popple'","H4","Reliable hardy fuchsia, often regrowing after winter dieback.","Borders, informal hedges and containers.","1–1.5 m H × 1–1.5 m W","","","15","8","12","6","65","35","","","Hardy through most of the UK with some shelter.","Deciduous; dark green leaves.","","","",""
"1","Weigela 'Bristol Ruby'","Weigela 'Bristol Ruby'","350","Vigorous arching deciduous shrub carrying abundant funnel-shaped deep ruby-red flowers in late spring and early summer.","Water while establishing and during prolonged drought.","East / South / West","Fertile, moist, drained; Shade costs you the flowers","Immediately after flowering remove some older flowered stems to the base and shorten unwanted growth.","","May-Jun","","","","","","","","","","","'Bristol Ruby'","H6","Very hardy, vigorous and easy to grow.","Shrub borders, informal hedges and cottage gardens.","1.5–2.5 m H × 1.5–2.5 m W","","","15","4","8","4","75","40","","","Hardy throughout the UK.","Deciduous; oval mid-green leaves.","","","",""
"1","Japanese Spiraea 'Goldflame'","Spiraea japonica 'Goldflame'","340","Compact deciduous shrub with bronze-red young leaves maturing golden yellow and clusters of deep pink flowers.","Water during establishment; moderately drought tolerant thereafter.","East / South / West","Any, moist but drained; Shade dulls the foliage colour","Prune hard in early spring to promote colourful new foliage and flowering shoots.","","Mar-Aug","","","","","","","","","","","'Goldflame'","H6","Very hardy and easy to maintain.","Shrub borders, low hedges, mass planting and containers.","0.5–1 m H × 0.5–1 m W","","","13","3","7","4","85","55","","","Hardy throughout the UK.","Deciduous; bronze-orange young leaves becoming yellow-green.","","","",""
"1","Hebe 'Red Edge'","Hebe 'Red Edge'","280","Compact evergreen shrub with blue-green leaves edged red, especially in colder weather, and lilac-purple flower spikes.","Water during establishment; moderate drought tolerance thereafter.","East / South / West","Any, free-draining; Cold wet winters are the killer","Lightly trim after flowering; avoid cutting deeply into old bare wood.","","Jun-Aug","","","","","","","","","","","'Red Edge'","H4","Wind and salt tolerant but vulnerable to severe cold and winter wet.","Coastal gardens, borders and containers.","0.5–1 m H × 0.5–1 m W","","","8","4","6","5","75","45","","","Hardy through most of the UK with shelter.","Evergreen; blue-green leaves with narrow reddish margins.","","","",""
"1","Firethorn SAPHYR ORANGE","Pyracantha SAPHYR ORANGE ('Cadange')","25","Compact thorny evergreen shrub with glossy leaves, white spring flowers and abundant bright orange autumn berries.","Water during establishment; drought tolerant once mature.","East / South / West","Any, moist but drained; Thorns injure; gloves when pruning","Prune after flowering while retaining flowering shoots where berries are desired.","","Sep-Nov","","","","","","","","","","","SAPHYR ORANGE ('Cadange')","H6","Robust, drought tolerant and selected for improved disease resistance.","Hedging, walls, wildlife gardens and security planting.","1.5–2.5 m H × 1.5–2.5 m W","","","13","7","6","6","70","35","Berries are ornamental and should not be eaten in quantity; thorny stems can injure.","","Hardy throughout the UK.","Evergreen; narrow glossy green leaves.","","","",""
"1","Rose GERTRUDE JEKYLL","Rosa GERTRUDE JEKYLL ('Ausbord')","335","Strongly fragrant English shrub rose producing richly glowing pink, fully double rosette-shaped flowers over a long season.","Water deeply during dry periods and establishment.","East / South / West","Fertile, humus-rich, moist; Never plant into old rose soil","Prune shrub roses in late winter; can also be trained as a short climber.","","Jun-Oct","","","","","","","","","","","GERTRUDE JEKYLL ('Ausbord')","H6","Cold hardy and vigorous with generally healthy foliage.","Rose borders, cottage gardens, fragrant planting and short climbing displays.","1–1.5 m H × 0.5–1 m W","","","14","9","11","8","80","45","Thorns can injure skin.","","Hardy throughout the UK.","Deciduous; grey-green compound foliage.","","","",""
"1","Rose ICEBERG","Rosa ICEBERG ('Korbin')","0","Classic floribunda rose producing large clusters of lightly fragrant, almost pure white semi-double to double flowers.","Water deeply during dry periods.","East / South / West","Fertile, humus-rich, moist; Old rose soil; black spot risk","Prune floribunda roses in late winter, reducing shoots to a strong framework.","","Jun-Oct","","","","","","","","","","","ICEBERG ('Korbin')","H6","Very floriferous and cold hardy though black spot may occur.","Rose borders, hedging, mass planting and containers.","1–1.5 m H × 0.5–1 m W","","","14","10","11","8","85","60","Thorns can injure skin.","","Hardy throughout the UK.","Deciduous; glossy green compound leaves.","","","",""
"1","Rose 'New Dawn'","Rosa 'New Dawn'","340","Vigorous repeat-flowering climbing rose with clusters of fragrant soft blush-pink semi-double flowers.","Water deeply during dry periods, particularly while establishing.","East / South / West","Fertile, humus-rich, moist; Never plant into old rose soil","Prune and train climbing stems in late winter; tie new growth horizontally to encourage flowers.","","Jun-Oct","","","","","","","","","","","'New Dawn'","H6","Very hardy and vigorous.","Walls, arches, pergolas and fences.","2.5–4 m H × 1.5–2.5 m W","","","17","10","11","8","75","45","Thorns can injure skin.","","Hardy throughout the UK.","Deciduous; glossy green compound leaves.","","","",""
"1","Rugosa Rose","Rosa rugosa","330","Dense suckering shrub rose with strongly wrinkled leaves, fragrant pink flowers and large tomato-like red-orange hips.","Water while establishing; highly drought tolerant once mature.","South / West","Any, even poor and sandy; Suckers vigorously into a thicket","Prune lightly in late winter and remove old stems where renovation is required.","","Jun-Oct","","","","","","","","","","","","H7","Extremely hardy, salt tolerant and drought resistant.","Coastal gardens, wildlife hedges, difficult sites and informal screening.","1–1.5 m H × 1–1.5 m W","","","17","7","5","5","90","65","Thorns can injure skin; irritating hairs occur inside the hips.","Rosa rugosa is listed on Schedule 9. It is not banned from sale, but it must not be planted or otherwise caused to grow in the wild. Prevent spread, particularly near dunes, shingle and other semi-natural coastal habitats.","Extremely hardy, below -20°C.","Deciduous; deeply wrinkled dark green foliage.","","","",""
"1","English Lavender 'Hidcote'","Lavandula angustifolia 'Hidcote'","270","Compact aromatic evergreen shrub with narrow grey-green foliage and dense spikes of deep violet-purple flowers.","Water while establishing; drought tolerant once mature.","South / West","Free-draining, alkaline; Winter wet kills it, not the cold","Trim after flowering, keeping cuts within leafy growth rather than old bare wood.","","Jun-Aug","","","","","","","","","","","'Hidcote'","H5","Very drought tolerant and excellent in exposed sunny positions.","Edging, gravel gardens, pollinator planting and containers.","0.5–1 m H × 0.5–1 m W","","","10","3","4","5","100","80","","","Hardy in most UK locations with good drainage.","Evergreen; narrow aromatic grey-green leaves.","","","",""
"1","Winter Jasmine","Jasminum nudiflorum","55","Arching deciduous shrub producing bright yellow star-shaped flowers on bare green stems throughout winter.","Water while establishing; moderate drought tolerance thereafter.","East / South / West","Any soil, well-drained; Avoid waterlogged ground","Prune after flowering, shortening flowered shoots and removing congested old stems.","","Dec-Feb","","","","","","","","","","","","H5","Tough, reliable and tolerant of urban conditions.","Walls, banks, slopes and winter-interest borders.","1.5–2.5 m H × 1.5–2.5 m W","","","14","3","7","5","65","30","","","Hardy in most UK locations.","Deciduous; small trifoliate green leaves.","","","",""
"1","Clematis 'Jackmanii'","Clematis 'Jackmanii'","275","Vigorous deciduous climber producing masses of large velvety violet-purple flowers through summer.","Water regularly while establishing and during dry weather.","East / South / West","Fertile, moist, drained; Keep the root zone cool and shaded","Pruning Group 3: cut stems back hard in late winter to strong buds around 15–30 cm above ground.","","Jun-Sep","","","","","","","","","","","'Jackmanii'","H6","Reliable and vigorous once established.","Walls, fences, pergolas and obelisks.","2.5–4 m H × 1–1.5 m W","","","16","7","12","7","70","40","Harmful if eaten and sap may irritate skin.","","Hardy throughout the UK.","Deciduous; compound green leaves.","","","",""
"1","Hosta 'Halcyon'","Hosta × tardiana 'Halcyon'","210","Clump-forming perennial with thick heart-shaped blue-grey leaves and pale lavender flowers on upright stems.","Keep evenly moist during active growth.","North / East","Fertile, humus-rich, moist; Slugs and snails will shred it","Remove dead foliage after autumn dieback.","","Mar-Aug","","","","","","","","","","","'Halcyon'","H7","Very hardy but highly vulnerable to slugs and snails.","Shade gardens, woodland borders and containers.","0.5–1 m H × 0.5–1 m W","","","9","15","14","7","25","5","Harmful to dogs and cats if eaten.","","Extremely hardy, below -20°C.","Herbaceous; thick blue-grey leaves.","","","",""
"1","Alum Root 'Palace Purple'","Heuchera villosa 'Palace Purple'","300","Evergreen to semi-evergreen perennial forming a mound of metallic bronze-purple lobed leaves with airy pale pink flowers.","Water during dry spells and establishment.","East / West","Fertile, moist, drained; Winter wet and summer drought","Remove old foliage in spring and faded flower stems as required.","","Jan-Dec","","","","","","","","","","","'Palace Purple'","H6","Cold hardy and adaptable.","Borders, edging, ground cover and containers.","0.1–0.5 m H × 0.5–1 m W","","","10","7","9","5","55","25","","","Hardy throughout the UK.","Evergreen to semi-evergreen; metallic bronze-purple leaves.","","","",""
"1","Masterwort 'Roma'","Astrantia 'Roma'","335","Clump-forming perennial bearing numerous soft pink pincushion-like flowerheads surrounded by papery bracts.","Keep moderately moist and water during extended dry periods.","East / West","Fertile, humus-rich, moist; Struggles in hot dry positions","Deadhead to encourage repeat flowering and cut old growth down after dormancy.","","Jun-Aug","","","","","","","","","","","'Roma'","H7","Highly cold hardy and reliable in moisture-retentive soil.","Cottage gardens, woodland edges, herbaceous borders and cut flowers.","0.5–1 m H × 0.5–1 m W","","","10","4","13","5","50","25","","","Extremely hardy, below -20°C.","Herbaceous; deeply lobed green basal leaves.","","","",""
"1","Astilbe 'Fanal'","Astilbe 'Fanal'","350","Compact perennial with dark divided foliage and dense upright plumes of deep crimson-red flowers.","Keep consistently moist, especially in sunny positions.","East / West","Fertile, humus-rich, moist; Never let it bake dry","Cut dead foliage and old flower stems to ground level in late winter.","","Jun-Jul","","","","","","","","","","","'Fanal'","H7","Very cold hardy but intolerant of prolonged drought.","Moist borders, woodland gardens, pond-side planting and containers.","0.5–1 m H × 0.5–1 m W","","","11","3","17","5","40","20","","","Extremely hardy, below -20°C.","Herbaceous; divided dark green to bronze-green foliage.","","","",""
"1","Bleeding Heart","Lamprocapnos spectabilis","340","Graceful herbaceous perennial with arching stems carrying dangling pink heart-shaped flowers with white inner petals.","Keep moderately moist while actively growing.","North / East","Humus-rich, moist, drained; Dies back in summer; mark the crown","Allow foliage to die naturally, then remove dead growth.","","Mar-Jun","","","","","","","","","","","","H6","Hardy and long-lived in cool humus-rich soil.","Woodland gardens, shaded borders and cottage gardens.","0.5–1 m H × 0.5–1 m W","","","12","5","12","5","35","15","Harmful if eaten and may irritate skin.","","Hardy throughout the UK.","Herbaceous; divided blue-green foliage.","","","",""
"1","Japanese Anemone 'Honorine Jobert'","Anemone × hybrida 'Honorine Jobert'","0","Tall herbaceous perennial with elegant pure white single flowers surrounding golden-yellow centres on branching stems.","Maintain moderate moisture, particularly during establishment.","East / West","Humus-rich, moist, drained; Spreads by rhizome once settled","Cut old flowering stems and foliage back after they die down.","","Aug-Nov","","","","","","","","","","","'Honorine Jobert'","H7","Very hardy and long-lived once established.","Woodland edges, herbaceous borders, cottage gardens and late-season displays.","1–1.5 m H × 0.5–1 m W","","","13","5","11","5","55","25","Harmful if eaten and sap may irritate skin.","","Extremely hardy, below -20°C.","Herbaceous; divided dark green basal leaves.","","","",""
"1","Montbretia 'Lucifer'","Crocosmia 'Lucifer'","5","Bold clump-forming perennial with sword-shaped foliage and arching sprays of intense scarlet-red flowers.","Water in prolonged dry periods during active growth.","East / South / West","Fertile, moist, drained; Winter wet rots the corms","Remove spent flower stems and cut foliage back after it dies naturally.","","Aug-Sep","","","","","","","","","","","'Lucifer'","H5","Robust and vigorous once established.","Borders, prairie planting and cut flowers.","1–1.5 m H × 0.5–1 m W","","","16","5","10","4","80","45","","","Hardy in most UK locations.","Herbaceous; upright sword-shaped green leaves.","","","",""
"1","Black-eyed Susan 'Goldsturm'","Rudbeckia fulgida var. sullivantii 'Goldsturm'","50","Clump-forming perennial producing masses of golden-yellow daisies with prominent dark brown central cones.","Water during establishment and prolonged dry periods.","South / West","Fertile, moist, drained; Shade costs you the flowers","Deadhead if desired; cut stems back after flowering or leave seedheads for winter interest.","","Aug-Nov","","","","","","","","","","","'Goldsturm'","H6","Robust, dependable and cold hardy.","Prairie planting, borders, wildlife gardens and cut flowers.","0.5–1 m H × 0.5–1 m W","","","15","4","10","4","90","65","","","Hardy throughout the UK.","Herbaceous; coarse dark green leaves.","","","",""
"1","Delphinium Black Knight Group","Delphinium Black Knight Group","250","Tall herbaceous perennial bearing imposing spikes of semi-double deep blue-purple flowers with dark centres.","Keep evenly moist during growth.","South / West","Fertile, moist, drained; Stake it; wind snaps the spikes","Cut faded flower spikes back after blooming; cut dead foliage to ground level later in the year.","","Jun-Aug","","","","","","","","","","","Black Knight Group","H5","Cold hardy but vulnerable to slugs, snails and wind damage.","Cottage gardens, herbaceous borders and cut flowers.","1.5–2.5 m H × 0.5–1 m W","","","15","13","13","11","90","70","All parts are harmful if eaten.","","Hardy in most UK locations.","Herbaceous; deeply lobed green leaves.","","","",""
"1","Rubber plant","Ficus elastica","120","Broad glossy leathery leaves · pale midrib · upright single stem","Water when the top of the compost dries; less in winter","East / South / West","Moist, well-drained; Bright indirect light · no cold draughts","Prune in spring to control height; cut stems bleed white sap","","Jan-Dec","","","","","","","","","","","","H1b","","houseplants · conservatories · indoor specimens","2–3 m H × 1–1.5 m W","","","10","8","8","5","60","35","Milky sap is harmful if eaten and may irritate skin and eyes","","RHS H1b; indoors or under glass, roughly 10-15°C minimum","evergreen","","","",""
"1","Copper beech","Fagus sylvatica (Atropurpurea Group)","275","Deep purple foliage · smooth grey bark · reddish-copper autumn colour","Moderate; water in dry spells","Any aspect","Moist, well-drained; Avoid prolonged drought · avoid waterlogging","Pruning Group 1; prune in late summer if required","","Apr-Nov","","","","","","","","","","","syn. Fagus sylvatica Cuprea Group; Purple-leaved Group; Purpurea Group; 'Atropurpurea'; 'Cuprea'; 'Purpurea'","H6","cold hardy · pollution tolerant · urban suitable","specimen · hedging · screening · woodland gardens","20–30 m H × 8–15 m W","","","10","10","10","7","88","55","Harmful if eaten by dogs","","RHS H6","deciduous","","","",""
"1","Variegated Kiwi Vine","Actinidia kolomikta","330","Heart-shaped leaves tipped white then flushed pink · small white flowers","Keep evenly watered, never waterlogged","South / West","Fertile, moist, drained; Shade dulls the white and pink colouring","Prune in late winter · thin congestion and tie in the keepers","","May-Aug","","","","","","","","","","","","H5","Cold hardy and vigorous · wants shelter and steady moisture","Sunny walls, fences, pergolas, trellis and ornamental foliage displays","4-8m H × 4-8m W","","","17","3","12","9","90","70","","","Hardy in most UK locations, approximately -15 to -10°C.","Deciduous; ovate green leaves on mature plants develop striking silver-white areas followed by pink flushing.","","","",""
"1","Bee balm","Monarda didyma","350","Upright aromatic stems · shaggy whorled red to pink flowers · fresh green foliage","Keep evenly moist during summer and avoid allowing the root zone to dry completely","East / South / West","Fertile, moist, drained; Dry roots in summer bring mildew","Deadhead to prolong flowering then cut stems to ground level in autumn","","Jul-Aug","","","","","","","","","","","","H5","Hardy but prone to powdery mildew during hot dry weather; slugs may attack young shoots","Herbaceous borders · prairie planting · wildlife gardens · pollinator planting · cut flowers","0.5-1m H × 0.1-0.5m W","","","12","7","14","7","85","55","","","Hardy in most UK gardens, approximately -15 to -10°C","Deciduous","","","",""
"1","Arum lily","Zantedeschia aethiopica","0","Large glossy arrow-shaped leaves · elegant white funnel-shaped spathes · yellow central spadix","Keep consistently moist during active growth; tolerates boggy conditions","East / South / West","Fertile, reliably moist; Protect the crown in a cold garden","Remove faded flower stems and cut away dead foliage after frost damage","","May-Aug","","","","","","","","","","","","H4","Robust in moist sheltered conditions; established crowns become increasingly winter resistant","Bog gardens · pond margins · exotic borders · containers · contemporary planting","0.5-1m H × 0.5-1m W","","","12","7","17","7","75","40","Harmful if eaten; sap can irritate skin and eyes","","Hardy through much of the UK to roughly -10 to -5°C with protection in colder sites","Semi-evergreen","","","",""
"1","Liquorice plant","Helichrysum petiolare","0","Trailing white stems · soft rounded silver-grey felted foliage · small dull-white flowerheads","Water during prolonged dry spells but avoid constantly wet compost","South / East","Any, moist but drained; Needs sharp drainage and frost shelter","Trim as required to maintain compact trailing growth","","Jun-Oct","","","","","","","","","","","","H3","Drought and coastal tolerant once established but not reliably hardy in cold UK winters","Hanging baskets · containers · silver foliage schemes · coastal gardens · bedding","0.1-0.45m H × 1-1.5m W","","","14","4","6","6","95","80","","","Hardy in mild coastal areas but vulnerable below roughly -5°C","Evergreen","","","",""
